bootstrap_iteration,Bell,Bird sounds,Boat,Bus,Car,Crickets,Dog,Explosion,Falling water/Rain,Flowing water,Footsteps,Helicopter,Insects,Laughter,Metro,Music,Musical instrument,Plane,Shout or scream,Singing,Siren,Speech,Train,Tram,Truck,Vehicle horn,Waves,Wind
1,0.7423483579513731,0.9644038561509065,0.7233656672545561,0.9077524038461539,0.6447686420501477,0.968528956505752,0.9390718013853256,1.0,0.9516463367586944,0.9378528862355796,0.7831202963923576,0.9714285714285715,0.8367334155269882,0.5332359474715717,0.8319727891156462,0.695162936431897,0.845121165470777,0.940921991804421,0.4397962974254054,0.634513169765628,0.9026315789473685,0.8632590454887491,0.6545994146742116,0.7613012195101747,0.12814119290364306,0.45317434662876876,0.9580900530013022,1.0
2,0.8018392197768384,0.9750820466144021,0.6802964244915264,1.0,0.7023639027921992,0.9948321646123199,0.8442387343606933,1.0,0.9033944155190747,0.9207048037957951,0.7686961138791253,0.9560150375939849,0.7749919965880212,0.5557997557997558,0.46055773336475087,0.8273358014534486,0.8685719282068078,0.9425423675890119,0.547300594864963,0.9021523869084844,0.7255772860858241,0.8656915864614841,0.7223070671553073,0.9256578947368421,0.5955555555555555,0.7520684486831426,0.9518173633485132,0.9945054945054945
3,0.9582176996608079,0.9343061337882167,0.7109151501769554,0.9377954306722689,0.6644019921275713,0.9840988866374563,0.894243774509021,1.0,0.9751245400385159,0.9498234344774824,0.8005091199141049,0.9861111111111112,0.8443443501729302,0.5939124702911467,0.6805996472663138,0.9825782490456403,0.9060192326195409,0.8365095502458877,0.7365459649283179,0.9657894736842106,0.7519762845849802,0.8256241837549334,0.77297816488229,0.831049153082401,0.5459973463069439,0.8154991144669003,0.9738235203350345,0.9866452991452991
4,0.9489624702782598,0.9254159397180948,0.6994676788199055,0.8936720030535904,0.7976095212611393,0.9700291164116444,0.7898429043012788,1.0,0.9747584367124571,0.9288777835610976,0.8178007355938384,0.9821428571428571,0.7397364377024352,0.3214152504708375,0.1976190476190476,0.9045789876928334,0.8697906358451042,0.92169946989187,0.553692880846439,0.8234479399722995,0.791488846291849,0.8456354257904026,0.7849860379193977,0.8504509827090472,0.34976169077866087,0.5327206475136393,0.9621442520328624,0.9855769230769231
5,0.8292475772647838,0.9295723128668094,0.6094898531530474,0.8256824848765562,0.6771681268762051,0.9659650129722831,0.8152795141873064,1.0,0.8912953797629352,0.9250215022147387,0.817181116995431,1.0,0.6755548116302625,0.3168379513967749,0.8364819661448069,0.78991153923635,0.8870677126423652,0.9015817371331435,0.439659874538931,0.7142010175448686,1.0,0.7528848447695495,0.77552255466217,0.7015343838192936,0.043478260869565216,0.5415922907575652,0.9776837473872729,0.986013986013986
6,0.9952380952380953,0.9356871187464176,0.7862383572779402,0.9080302542645639,0.8334562080478249,0.9956536451104661,0.884482910469593,1.0,0.9379145223359567,0.9394950903102366,0.7315803152895525,0.9651515151515152,0.7090641539018621,0.5588235294117647,0.925,0.8998641761469899,0.9025600291483598,0.9355698099570324,0.6255145362988501,0.8917790622992935,0.9242424242424242,0.9009125592643519,0.7590283080649327,0.9023570696185949,0.28851190476190475,0.5952080388492286,0.9677839924665417,0.981547619047619
7,0.9899893162393162,0.9108820862600847,0.5812161361261885,0.7225566893424036,0.7606710631103055,0.9717241216243955,0.8407440675265258,1.0,0.9364554164271359,0.9210650064319819,0.691859244129017,1.0,0.8219374842082999,0.3115131225160724,0.4515305470629828,0.8542326073674729,0.8519728028006032,0.886552516338005,0.6534305842177814,0.6126013388502036,0.8130237237228316,0.8666619123180188,0.540712320824716,0.6646927450005027,0.018383453320935148,0.6335526316351294,0.9494981255736241,0.9924242424242424
8,0.9552211793808432,0.9320356735089731,0.5757594418419585,0.809774964838256,0.6671938533970079,0.9580313754441815,0.8977300461817157,1.0,0.9360417173570039,0.9421731203805594,0.7660670685549815,0.9935897435897435,0.8067171756355399,0.04490730255020463,0.6084088539412896,0.6764966870973544,0.7984761912732284,0.855227446639113,0.6459006292984621,0.9015471167369901,0.7814276005765366,0.8119257019955909,0.7964029753722526,0.694272827474185,0.29074263572231623,0.642136313805304,0.9375662634503935,1.0
9,0.9089403427207071,0.9502251923993718,0.7923843296183721,0.8651947599123331,0.7090272063130437,0.9734209249818848,0.7488904873688048,1.0,0.941187769952568,0.9529964560254257,0.7958072993031535,0.9752747252747253,0.8071020900788393,0.30898276035890715,0.8104570039397873,0.7149008464200615,0.8402874299435287,0.8950563479312107,0.6405122132769191,0.684287352811429,0.607904138250959,0.827426948554679,0.5874548849584397,0.854035964035964,0.3473284395509017,0.7022528881746171,0.9870608294868279,0.9419191919191918
10,0.9751845458556491,0.9336995173255097,0.5641199244140421,0.9080478345184227,0.7525350957844635,0.9890092802303548,0.8337907305836622,1.0,0.9581317601125949,0.9597277056137834,0.6258006808897464,0.9888888888888888,0.7554036759430025,0.09656545784423022,0.45125000000000004,0.8779171155814847,0.8742436973217251,0.8777014475750404,0.653171225667921,0.8983878140115462,0.5987532922141433,0.8787337679497361,0.5938117363133004,0.8835262541780263,0.6700835904277495,0.6994853453963401,0.9386842587751699,1.0
11,0.9104504482224577,0.9441215968714514,0.46524634142343774,0.9277612332486642,0.736773169811855,0.9904784537018176,0.7403709976526119,1.0,0.9708787183935894,0.914346335346064,0.6783691925241537,1.0,0.6937901125328787,0.24248344090112123,0.32815921823274763,0.6711170768946241,0.7965032750063418,0.8450930813225952,0.5781242223865539,0.7910285902070324,0.6774059274059274,0.8896863280003671,0.5643636465783981,0.8019762355057017,0.21990369181380415,0.6126693896318167,0.9382067648233283,1.0
12,0.9457952239907127,0.9245816940489695,0.6120604954414683,0.9040485829959515,0.76744071108324,0.9748607256856802,0.8658354356973301,1.0,0.9349183814719154,0.9553241666312176,0.8222651735766817,1.0,0.8028499178461875,0.41849614523139667,0.3466666666666667,0.8454770107343637,0.9048385889282774,0.8507975423675269,0.5911351611351611,0.8131065633736139,0.7417837840580532,0.8157659806129226,0.7181760521292054,0.8914602409692408,0.29714243453940453,0.7292968133560255,0.9855698428897176,0.9841597796143251
13,0.9908466819221967,0.9412330108057335,0.5245541828102632,0.846279761904762,0.6053632986716893,0.9948030197620569,0.823433936047683,1.0,0.9136325906047197,0.9489569636219003,0.7307500087341952,0.9861111111111112,0.8248922632722728,0.3527735294804309,0.6850256769374415,0.8488508076722202,0.8142928847319254,0.8896129281074163,0.42311993667828907,0.836080586080586,0.4970847363468739,0.8551836813610822,0.5964304577190782,0.8804281713372623,0.4139062477958499,0.6498568847406682,0.9760778259032459,1.0
14,0.8032066608168907,0.9680039858130293,0.7210621630581096,0.9821428571428571,0.7245344207926241,0.987316837902885,0.8305762663686409,1.0,0.9720330913574681,0.9533927459415059,0.8398139151579936,0.9797979797979798,0.6423133813270631,0.3916768665850673,0.23707602339181288,0.9119487968172179,0.8750469185560377,0.946599412529956,0.8036456620434949,0.986013986013986,0.6659090909090909,0.8718306798422378,0.6946755082433909,0.8709715190647394,0.2841269841269841,0.5699810429947588,0.9629689932211521,0.9833333333333333
15,0.936064737319422,0.9548566676846552,0.662451406614051,1.0,0.7575275806379544,0.9700093993499603,0.7951743907209858,1.0,0.9739326221244647,0.9508649339495837,0.8311848036888851,1.0,0.8244303383945681,0.06703296703296703,0.593109243697479,0.8295701755855679,0.824006571483409,0.881230935578263,0.7968179968179968,0.7964058186619163,0.9333333333333332,0.8757220243659941,0.8307201459284623,0.933027103615339,0.4978354978354978,0.5678703050331102,0.9823657163213628,1.0
16,0.9812030075187969,0.9477585095985435,0.5258555823078541,0.9078144078144078,0.7156336430536695,0.9947123368461737,0.8205598064625129,1.0,0.9261352685933879,0.9143738113743827,0.8229368602975622,1.0,0.6178875669811491,0.22300505050505054,0.7270270270270272,0.8218665440819214,0.8751898150528887,0.9087121133562325,0.7229768346284183,1.0,0.804112554112554,0.8296271245334641,0.7556071213438287,0.8371207347327321,0.26404232094479074,0.4645203606044002,0.9663014536518755,0.9901360544217687
17,0.9119680080940141,0.9511012312075342,0.8008334563467657,0.9131069733479372,0.6829806182058163,0.976022068366976,0.7624911150141619,1.0,0.9117762393493851,0.9360959847910287,0.7727248229636993,1.0,0.5744814620988035,0.11798941798941798,0.46829686829686834,0.6897999732386466,0.7657468001854464,0.9299130756088482,0.8363157264343035,0.6896633653461384,0.6966583930869644,0.8898910385530869,0.7630629552909104,0.7694284881784881,0.2107990428050362,0.3959486166286435,0.9654081534767143,0.9708624708624709
18,0.948243183831419,0.9452951606757183,0.48393876299068334,0.865582351074192,0.6341145281537036,0.9637630210795065,0.689582062445024,1.0,0.9505134967638215,0.9633238300325139,0.8442829280107814,1.0,0.7758654316869442,0.1888675341883133,0.43402349718139194,0.9185883968972204,0.9039276807628607,0.925035030002367,0.6649897745872978,0.802785515320334,0.6101007374128761,0.8865410330438338,0.7021596547354609,0.8234499053578002,0.03561218813843486,0.6298989270429478,0.9649772089338223,1.0
19,0.8971597679176865,0.9458162913388092,0.7240843662872823,0.9276360544217687,0.7698934116662468,0.9947300231249864,0.8464370426580444,1.0,0.8318568567759357,0.8805195869232315,0.8019913544168527,1.0,0.9720216291644863,0.16336563836563833,0.660285686878268,0.7037608008761088,0.7541924368302505,0.8615459488368675,0.6318660120220134,0.7689313460382866,0.8352979698755729,0.8316555564964102,0.602635254982094,0.7560731583043956,0.11298286997545393,0.5867957076278922,0.972729459160496,1.0
20,0.805376559714795,0.9503823591164438,0.5545014279070951,1.0,0.7992529302593966,0.9894916393051397,0.8507182061989368,1.0,0.9368069634812993,0.9355814640331417,0.7283612573198621,0.9888888888888888,0.766510165658113,0.3859468059068287,0.4853603603603604,0.6997735224789707,0.8724794137802263,0.9178242026498387,0.7504297330750201,0.7111190892440892,0.6240084240084239,0.8881545998345686,0.7615947495598597,0.9509920779943662,0.6302083333333334,0.6813279806893716,0.9233449697190421,0.9575757575757575
21,0.9732495069033531,0.9312450323790231,0.4946958557756319,0.8251991126830664,0.6594859319573728,0.9736706211604483,0.8823286272926254,1.0,0.9672261858823206,0.9719229986002366,0.678737799415051,0.9861111111111112,0.7789916552871278,0.37445700984433106,0.6095491202346041,0.8498756971694547,0.830752600763329,0.9344149552325353,0.3681772793292401,1.0,0.9370051353874883,0.8409025421408938,0.9140915390407769,0.9493006993006993,0.41070746921243595,0.606085969374981,0.9300531954732119,0.9707362082362082
22,0.9492278795543829,0.9668460246321227,0.7032818925215254,0.9210334788937408,0.666755449465153,0.9751822761447626,0.9162981666891765,0.9999999999999999,0.965684380157251,0.910527531176679,0.7569732194240975,1.0,0.8357117358667764,0.1655997378598658,0.5744313987046546,0.7193212221042409,0.6470471640563823,0.8965233840755161,0.5459125444628379,0.7287757026129118,0.7162274618585299,0.8566945299579178,0.7636162478031855,0.734875695292362,0.4797015687366564,0.5763673126093906,0.9495787923114897,0.9406172110717566
23,0.9489971532091096,0.985666068561078,0.7528488926933176,1.0,0.6836380944293977,0.9858282177561463,0.8900816658734666,1.0,0.9620611256076875,0.9405576248552331,0.7900576938610835,1.0,0.7680598338659999,0.4853960561497326,0.5035968826944726,0.8296676625195534,0.77604902837289,0.9202043182854557,0.6985671498492012,0.9714285714285715,0.7145975708118117,0.798601882952099,0.7030145562814339,0.9270753512132822,0.5578571428571429,0.536391970377854,0.9854999978145517,1.0
24,0.8928691180272768,0.9458631479299556,0.560367819534039,0.9044444444444445,0.6536066951489233,0.9783248345727495,0.935468292809317,1.0,0.9360596828146973,0.9473837776654287,0.6620019622687686,0.9805194805194806,0.8614133026064845,0.13446950732404545,0.511888686026617,0.7331484879773023,0.9263683372316109,0.8058115983633153,0.5477892591227509,0.7623922657735528,1.0,0.8899816857286927,0.6119173168009867,0.9188679245283019,0.4913551627547571,0.5240605246862621,0.9605450825926528,1.0
25,0.8588505889389301,0.9304136450365009,0.4361534156059549,0.8790650406504065,0.7952961378027067,0.9849142392322006,0.8643015944297998,1.0,0.898995035543973,0.9059796226025771,0.6713445873271748,1.0,0.7836586843310914,0.5634722222222223,0.3979166666666667,0.9076940494679464,0.768334173635952,0.8759590032808927,0.8272626229979171,0.9319695827048768,0.8065814393939394,0.8615761727757827,0.7244582451125048,0.9057313844010257,0.34946470791136897,0.5753312979864261,0.9577694456059642,1.0
26,0.9350603538761434,0.9419487077905798,0.552660974198473,0.9221765629328654,0.766874507361798,0.98654428642473,0.8812023985090166,1.0,0.9341298586014837,0.9439943438340573,0.6779361610120019,0.9659090909090909,0.7905845584350975,0.29685869685869687,0.5894462901439645,0.7809372881486778,0.8305613168180652,0.9018195287531792,0.7243808887191241,0.7714408485497644,0.4869947374582247,0.8419014101843053,0.6424551400828477,0.9109625780821433,0.2418663420188915,0.5515010656858308,0.9501755545012267,0.9790695415695415
27,0.9430072682667838,0.9609700595014947,0.5621813374808796,0.8752017465206036,0.7502121736394312,0.9713352318192341,0.8262828237836131,1.0,0.9516268656886818,0.9553284960353529,0.8041651872402402,0.9754901960784312,0.7347230504989246,0.4475535112677141,0.5287749287749288,0.8683757190238168,0.8372999339894724,0.8979416609765221,0.5106489733940713,0.7503968253968253,0.7919182919182919,0.8566230896494751,0.670793262354059,0.8302616923306578,0.5453823953823954,0.6059954311833684,0.9578683916226441,1.0
28,0.9027421494913755,0.9572317174620537,0.799216795534987,0.9623493975903614,0.6996743453958698,0.9675102027368653,0.8809246508628807,1.0,0.9894790725685034,0.9390794366460232,0.7365542459221777,1.0,0.7394006023482151,0.18435724639638423,0.5999436936936937,0.8212853696505136,0.8875876650605975,0.9281199392008274,0.6578134284016637,0.8174848758418164,0.9130876271346227,0.8067961811574235,0.7941909093442102,0.8170833333333334,0.4448486768224366,0.7261022956805353,0.9832997655920223,0.9814720986433789
29,0.9061742278098248,0.9394917452151219,0.809844723555223,1.0,0.7535855333500283,0.9587306996621349,0.7813396579793251,1.0,0.9299665092205576,0.9534924464576636,0.7319462123266726,0.9722222222222221,0.8217963111683197,0.22681198264668848,0.6242507002801121,0.746034848729538,0.8093342762703373,0.8889825958161668,0.7362600397059329,0.7483258966819512,0.7728059911820135,0.7975020544097144,0.7187507825227696,0.8453796066027028,0.5418224510698783,0.41990558996534416,0.9662781239472968,0.9897435897435898
30,0.9515594699418228,0.9656396258015215,0.604279662694809,0.9666666666666668,0.7558089679383625,0.9801088955513687,0.8511110513283331,1.0,0.9368385408182345,0.9140726702623797,0.704707073439726,0.9229292929292929,0.6021626414354444,0.47549019607843135,0.7683333333333333,0.8587975499199765,0.9031881068799792,0.8609925106541438,0.5343128722233339,0.5109155550332021,0.7166907002366314,0.8723289289688265,0.8137726514363998,0.9321220039262242,0.010766806722689076,0.6935444924997602,0.9122815738350263,0.948449764521193
31,0.9938080495356038,0.94527278295787,0.5852122910862547,0.878968253968254,0.7108895681794449,0.9861472527221145,0.88911821428299,1.0,0.9535361730391959,0.9176274461588757,0.7952253201641624,1.0,0.8569239622544288,0.5071428571428571,0.6513100934153566,0.8687871644140994,0.7943895596401026,0.8625997857099155,0.4269534813013074,0.8048777272427659,0.9079365079365078,0.8071661219826697,0.7712630185477115,0.858439141388746,0.44195669251378494,0.6185824997566425,0.9488969515600493,0.9952380952380953
32,0.879772003193142,0.947458954530556,0.598191162976692,1.0,0.6113177980290272,0.9871050133524224,0.8223245750674227,1.0,0.9554679667019762,0.9445836202064872,0.8221859447151264,1.0,0.8634700721972655,0.4168615580527339,0.5657142857142857,0.9216953410524951,0.8273969913730577,0.8875383830162205,0.49489359961743684,0.9805194805194806,0.8755411255411254,0.7776072833872888,0.7438407133043878,0.8496632996632997,0.4148848734457997,0.5960482852948193,0.969861998181225,1.0
33,0.8964135346354598,0.9265120315524137,0.6302909640966321,0.78642145979082,0.7645155901641422,0.9746501696298855,0.8283132405241228,1.0,0.9827992376131014,0.9443796792483503,0.8124143524429536,0.986013986013986,0.8478153794132122,0.35797511974751944,0.9318181818181819,0.8198541056363893,0.7411655284902479,0.8559412519316145,0.6747623994556633,0.9686119507091374,0.7800816092243503,0.873807222907709,0.5870538648606781,0.9095216131907309,0.34231328102295844,0.5953214349154279,0.9900351211162022,0.9924242424242424
34,1.0,0.9638548634294223,0.5521532097091274,0.9272963323596235,0.6861836387641405,0.976543823125757,0.8324372147830958,1.0,0.9025210233103974,0.9044353832999483,0.7242940853325565,1.0,0.8742881021054396,0.06467412488042645,0.6481159771600948,0.8245304634865569,0.8580554832322675,0.9564331125637202,0.5315476190476189,0.7351190476190477,0.8394011406844106,0.8699085414139875,0.7213232824479242,0.7161668627318699,0.32584558871596847,0.530124332323958,0.9590124350589608,1.0
35,0.9872721018231854,0.972164500730446,0.712915749696346,0.9165562872840471,0.7781306615395546,0.9773533618399803,0.8951403626127833,1.0,0.9452015854290218,0.94246247942625,0.726308966792456,0.8928571428571428,0.7576638977869367,0.28960112686133344,0.774375,0.883452533120171,0.8722870918623504,0.8682387465220742,0.7593106525335441,1.0,0.811111111111111,0.8825946248439072,0.682567715798788,0.9219719169719169,0.34588202466655515,0.5343698869325838,0.9451287176864809,0.9790695415695415
36,0.978152591445935,0.9495246466873231,0.677347679062853,0.913515687851971,0.7038113122898049,0.9845952136595479,0.894607009884816,1.0,0.9388757700472612,0.9260460314649162,0.8273759735912717,1.0,0.6956918596119261,0.4228965395682082,0.5983545190441741,0.8383359311020481,0.9317209109275856,0.879892430318661,0.6427963172448465,0.9269806276905986,0.7901724353779147,0.9141095622386674,0.7222967294464228,0.8685155109122851,0.13806184012066366,0.7377266811708617,0.9828682038620851,1.0
37,1.0,0.9466686383728025,0.6731121001237206,0.8413021553711387,0.7173652503240694,0.985595659125419,0.8437639207178663,1.0,0.9641563065550853,0.9008778098808958,0.8182420337095374,0.9225,0.7684326897035614,0.14882478366058816,0.7353479853479853,0.7640980265980266,0.7795786639463957,0.9445910048057058,0.6251727711286534,0.7448183130001312,0.6472537047867377,0.8358120326881616,0.8221737017719868,0.8462820113240871,0.292914259556493,0.6178739922896568,0.9930583739156559,1.0
38,0.9243751230848005,0.9345585011972578,0.8139270721648217,1.0,0.7120792178481001,0.9795425847276389,0.8412772772612589,1.0,0.889133529117252,0.9245856787025952,0.5813380139419857,0.9150793650793652,0.6692743547596941,0.39377104377104377,0.6091208133971291,0.8135173853923853,0.9149579021549646,0.9164127843650499,0.728629300867691,0.875667735042735,0.8626373626373626,0.9045826289733648,0.7003427486349968,0.8663523242018982,0.5302049773815081,0.6285198843452571,0.9297538502236915,0.9805194805194806
39,0.9158548104184521,0.9561898397579687,0.6959981378583788,0.904,0.6524425616379731,0.9658342351109158,0.819957099317955,1.0,0.9701638467361242,0.9429640372415079,0.7812194060354116,0.9682539682539683,0.6932577328512203,0.0741281307398249,0.5160201640464799,0.8238682939513964,0.9037899188295236,0.899925842951877,0.5417989417989417,0.722481684981685,0.8154177023662317,0.8607172653014501,0.5730804337131311,0.7685799395679815,0.1901408967670205,0.43365673529747917,0.9794277930438922,1.0
40,0.8918118466898954,0.9498355122013052,0.6647412985781171,0.988095238095238,0.7390480861062365,0.9919875779714066,0.8024085571179392,1.0,0.9642125375977839,0.9366138389264486,0.8440510864064881,1.0,0.8522160780781123,0.3985879326579359,0.5851190476190475,0.8694228796998678,0.8457032229381717,0.8976086410929898,0.3324486301369863,0.9212733394551578,0.9093537414965986,0.9443230185957824,0.622853322756437,0.8436696262905565,0.34907407407407404,0.6078475584129948,0.9319224844073536,1.0
41,0.9767984116723613,0.9370738187953004,0.41926893301453616,0.9584824624194702,0.6202088247119567,0.9790922052190377,0.8789299441090739,1.0,0.926873587670297,0.818265227427823,0.6088763977584133,1.0,0.8742814341335214,0.5098502228937012,0.4032967032967033,0.8116080686603795,0.9213726460490069,0.8357040730670853,0.5834690001356668,0.8771493212669683,0.7484463547556526,0.7812054069426531,0.6423272137128295,0.8499062396065724,0.3583390539551196,0.5642760416255876,0.9768318545677653,1.0
42,0.9837863270308124,0.9325904420179892,0.5621111208597903,0.8649979852568205,0.7010396143358728,0.9819536269512397,0.8527534476327497,1.0,0.973481373968465,0.9736903287822656,0.7914104879342262,1.0,0.7071514132457279,0.6112620178754332,0.7359800455954303,0.715231773079909,0.8207147353748926,0.8850527502380953,0.6203888604965051,0.7946143882064134,0.8352417302798981,0.8056570290296462,0.6740231507139679,0.6728239679120438,0.578158871961217,0.7716933859791002,0.9564687238480685,0.9846415489272632
43,0.7611112734041658,0.9434720193092518,0.6605564322213379,1.0,0.7073353246305129,0.9847769416185009,0.7898611118617254,1.0,0.9392584717145944,0.9490626758535913,0.6643214227483378,0.9866452991452991,0.787518897811466,0.17170348448543934,0.4738518452346725,0.8258472722469282,0.9358305643514572,0.924328189503036,0.5879504553417597,0.9035146183240025,0.9051066217732884,0.879505803073543,0.8789230713997327,0.7629096665327084,0.3066074660633484,0.606434238853236,0.9711293651961888,1.0
44,0.8691398488362435,0.9507048664997283,0.5134811730365854,0.8995864029263064,0.7644379000082011,0.9978813541926543,0.7705335578317807,1.0,0.9223717838503542,0.9241621647885744,0.7187365903414195,0.9797979797979798,0.6013901190839371,0.27841233830454715,0.8808080808080807,0.8553288623454238,0.8645731081534689,0.8920084074441332,0.7141592129193345,0.9246503496503498,0.7742528918832544,0.8356840903940501,0.789200176667093,0.8822159623021896,0.4171070829761511,0.7209831934228543,0.9492441023221854,1.0
45,0.9401295765186162,0.9310113072686409,0.4844783729449523,0.9910714285714285,0.7650538023206873,0.9578515124964425,0.9573454690870665,1.0,0.8980065149671126,0.8708826807985327,0.7450164404161974,1.0,0.7764390993922822,0.45153240908833986,0.5757575757575757,0.6960270680762245,0.8135231909234427,0.8881544685717511,0.7131961387436065,0.7316041633685987,0.5347170293495644,0.8022337758652531,0.7369011553024152,0.8006968289107758,0.6211158192090396,0.5287112129932953,0.9687416531871711,0.9704861111111112
46,0.8586831129062062,0.9359959092278586,0.6789053275556102,0.892921146953405,0.5851451667830873,0.9745216594322107,0.7606707813187397,1.0,0.9660276485282075,0.9261161264739749,0.6627889850637944,1.0,0.7299358666557185,0.1357538802660754,0.69758544546851,0.9478648414246876,0.9141896756815326,0.9134746558351556,0.5265074255491755,0.9888888888888888,0.7947278911564626,0.9440534258676946,0.8046846957807772,0.9027353081700907,0.6746031746031745,0.438626291983008,0.9580174866762209,1.0
47,0.9446139476785826,0.9515599441374529,0.5982800288312008,1.0,0.6154081167655912,0.9792811168302772,0.60894379155964,1.0,0.9699402354674308,0.9692505431616955,0.8589155675662531,1.0,0.6784749207433955,0.39898989898989895,0.3962173243423244,0.8161366852700234,0.9472979037128815,0.9511384031257537,0.621422212047212,0.7087502052094979,0.6911726334369365,0.8843243970378053,0.7605076192927418,0.9124601275917066,0.37441817848634784,0.5105708100934017,0.9601536210072511,0.9901360544217687
48,0.8408422969949506,0.9480949313962707,0.728389928163214,0.9206666666666665,0.7396145817089272,0.9542141185521968,0.8098968990570132,1.0,0.909481935273023,0.9583521613485619,0.7359661297846918,1.0,0.6928130589925144,0.5908333333333333,0.4166666666666667,0.8910620774489876,0.7026334746973731,0.8680442338089924,0.6750004352945529,0.9401881720430108,0.7880590090287126,0.8301336233405728,0.6563893889050891,0.8292679482540163,0.1421463377493528,0.6411375104689508,0.9640254129065906,1.0
49,0.9531487678734408,0.952399773941405,0.6553366984818522,1.0,0.7869796483776992,0.990389852511435,0.7976752648810347,1.0,0.9381587575945719,0.9074156131739118,0.860401073497215,0.9658119658119657,0.802385859007093,0.19359950374315776,0.513073133762789,0.7601505309217435,0.8900630256195433,0.8796278001405489,0.49268468391589937,0.4572076232338131,1.0,0.8640784209581651,0.692289202797787,0.8878166637447406,0.5217391304347826,0.7831821727813351,0.9053229394404445,0.9266666666666667
50,0.9910714285714285,0.9494874298583919,0.6695547549307203,0.9924242424242424,0.7477261966983854,0.9856016415949574,0.878599327579128,1.0,0.9676636463580346,0.9625635543515567,0.6717266813956363,0.9583333333333333,0.7565893280695913,0.23121783754689093,0.603556177411676,0.8475271577626646,0.6905637591154916,0.8928537914857966,0.37751748251748257,0.8218986234075039,0.5769120458891013,0.8305174621371855,0.6533474135345472,0.7970854671835064,0.09510562989547501,0.5832541407209022,0.9079395801782298,1.0
51,0.819491412543985,0.9463252711098724,0.38934645344782376,0.8168036971517447,0.7475068432455224,0.9945739250316714,0.7215722844881647,1.0,0.951602012100499,0.9406041472072819,0.7643364199530294,1.0,0.7106320161612354,0.23041000448377436,0.661111111111111,0.7524932695459772,0.735403864519744,0.9005903909306514,0.5355429292929292,0.6778275927134355,0.9472222222222222,0.8706005343030997,0.6613030443291754,0.7712843409788022,0.3687279968315437,0.5852717233543295,0.9644439663600002,0.9861111111111112
52,0.8484030891303913,0.9477951967533959,0.6705074217290732,0.9212962962962962,0.6948830546624234,0.9937687808785922,0.8601537376542329,1.0,0.9146077595444686,0.9336541538860111,0.6848938776814175,1.0,0.8201372549525535,0.29264935434664785,0.7777777777777778,0.7282536225426366,0.7978756770745999,0.8076335321446885,0.49944000656916265,0.8236438060506828,0.6643590442070738,0.7640368421547389,0.9017646271228726,0.8662511496865765,0.391341181560026,0.40810977969155143,0.9405757817541561,0.990909090909091
53,0.9703671664744329,0.9541114765418567,0.666668726721138,0.8612580834803056,0.6780059602413323,0.9618404964916718,0.8812904869223739,1.0,0.9721789982387592,0.9437725061572394,0.648619025236226,0.9472222222222222,0.8702188407414249,0.4337231968810916,0.4715739884470535,0.7456131415582585,0.7997845404760204,0.8787183301380952,0.48947718947718943,0.8623780837636259,0.8352750809061488,0.8635812747673585,0.8587443161962527,0.9709595959595961,0.801841620626151,0.7996001445449975,0.9497778699352415,1.0
54,0.9123615266540052,0.9758751973578735,0.6158796564678994,0.9952380952380953,0.715179414572434,0.9835185441221919,0.6561707735909987,1.0,0.9248700586144469,0.9065837424659456,0.7350930979809431,1.0,0.8688375350140056,0.5435109723742463,0.7452651515151516,0.6575825153591824,0.8300382263277517,0.8996185500690665,0.6217878275570584,0.8643046446508627,0.8605015673981191,0.8673398103373379,0.689724854681263,0.8271542076228462,0.6030661104220694,0.6306799123132444,0.9466733531431373,1.0
55,0.9881273206372021,0.9568372370309479,0.45790228868250926,0.9438496240601504,0.7129167871743441,0.9672619696986142,0.8960403726708075,1.0,0.9540805540158067,0.9332595723790493,0.6852118789571495,0.7392857142857143,0.8555089538925926,0.16970184199601404,0.5398081100052314,0.6956079461278649,0.7555236311915956,0.8749916079908072,0.38279547914066514,0.919320214669052,0.7017988253184066,0.761368554588741,0.6670616124133729,0.8169742960608737,0.22248354540166213,0.6070808457056468,0.9296566011959833,0.9790695415695415
56,0.8341193398947055,0.9245497196201876,0.5353537911504713,0.822275262168879,0.59203681925217,0.979111913339331,0.749115432321702,1.0,0.9586108047660761,0.9636049943403691,0.743538862951625,1.0,0.812087879422722,0.3232952292850535,0.7152046783625731,0.7831454952875667,0.855485948028326,0.90327860783434,0.7950443510737628,0.8523559328372163,0.8152947842671163,0.833366730329853,0.6721789234772059,0.7907830927192154,0.5454081632653062,0.5794212490107888,0.9512883179089937,1.0
57,0.9694940476190477,0.9554010277620922,0.4146973617802338,1.0,0.6208105058021733,0.9478127504923582,0.7421257655904492,1.0,0.9509835031141527,0.9477028306407226,0.7180071985427047,1.0,0.7946022550219862,0.4442880278459793,0.7762679425837321,0.6739706175051003,0.8229242267207703,0.8443439766000922,0.5209061771561772,0.7454086198092993,0.8157460131525446,0.8099672590185835,0.6900448711879816,0.8299542263925825,0.5759190925242585,0.746343253284266,0.9395765058933561,1.0
58,1.0,0.9618011252206027,0.6599754513288648,0.9376068376068376,0.7170715430098336,0.9880691854736332,0.758586174584993,1.0,0.9503968936724084,0.8990447005522053,0.8042425917147195,1.0,0.8366870801725536,0.30287506611036025,0.8347247990105132,0.9338311774730459,0.7747052380924281,0.9261056332115201,0.6862339743589745,0.9654761904761904,0.7130652537035516,0.8301502342424055,0.7689847984451926,0.9068349170322854,0.3585035212745419,0.5696301420926212,0.9311143587600474,0.9999999999999999
59,0.9437042869278744,0.9457076597399787,0.7766773972181352,0.9389098828385842,0.7405197193860447,0.9960285188175659,0.8618037240537241,0.9999999999999999,0.913250288159141,0.9210613270860889,0.7286675173472231,1.0,0.7984730481368245,0.28171185202784155,0.8487834405017067,0.8497371024108847,0.7213943894423828,0.9006868659443091,0.5447894237486998,0.8935151734104047,0.9111111111111111,0.809721678981538,0.837350524358122,0.6569213782997805,0.21217642788756516,0.5001056020088365,0.9731409695719354,0.9935897435897435
60,0.8598521401359858,0.9555069350664461,0.7776028043110226,0.861126920887877,0.6710301797653564,0.9881592636026764,0.8581910062490969,1.0,0.9596202352725293,0.9201516198111968,0.7615677886622373,1.0,0.8536127857933484,0.24112611837724693,0.3692982456140351,0.7437003729822173,0.9066507930285751,0.9288856169978689,0.6281746031746032,0.7330035778175314,0.8925555019305019,0.9093492188398904,0.8634205077798421,0.718404535428729,0.1557873709930699,0.7222534479464424,0.9801807375252894,1.0
61,0.9010074172271404,0.9609461462599306,0.6574865272150587,1.0,0.6829260947037743,0.9832672195757645,0.6726626685985265,1.0,0.9645322968788445,0.9161204981431168,0.8093585717004084,1.0,0.815295092240804,0.27336627931455515,0.6451377485860244,0.7568899964512642,0.9219945160603924,0.8896805495516301,0.8909090909090909,0.7680502927273986,0.6908045977011494,0.886307132624242,0.7476871391758108,0.969010703829043,0.464195864810231,0.6233595281899951,0.9729464756686559,0.9669202592279516
62,0.942964480874317,0.9182994697561868,0.5383848856302746,0.8829238457678154,0.7777879206586079,0.9906952332568918,0.8896988879962391,1.0,0.9547375124680096,0.8887669739897074,0.6997923373164774,1.0,0.704347043752078,0.34617326780443125,0.4964732142857143,0.6126028559821042,0.7354028457189613,0.9279690152866722,0.4399969497530473,0.8308212058212058,0.9333333333333332,0.8337988542589856,0.6941346804818678,0.8639912954429083,0.4493317958225745,0.3196051419393421,0.9299758499930866,1.0
63,0.8710989010989011,0.9545208583612943,0.6041671569151379,1.0,0.8015303540693528,0.9911638375515512,0.9346157059314953,1.0,0.9691959486453249,0.867300966917448,0.7599540334773736,0.9575757575757575,0.6136609802722832,0.21078112714328262,0.6961904761904762,0.7562199548587814,0.870516431319776,0.9024937957737474,0.3494663756975659,0.6769576593488154,0.7045457213812124,0.9200835443131568,0.878914927615125,0.7226353804369232,0.4680819079334356,0.7256777718287196,0.9678957130407867,0.9930555555555556
64,0.762921165205508,0.9466387637375839,0.6365085783887902,0.9274059274059274,0.7809296160476494,0.9910848570370862,0.8299665588825802,1.0,0.9285336620502981,0.934274952653678,0.8279519706540931,0.9613858363858363,0.7592303239077655,0.18722921522921523,0.2936507936507936,0.8166749775951734,0.8350130176661021,0.8991068230353849,0.588395832216057,0.8175903664490521,0.5946313271645971,0.8685632718482776,0.7646957891910795,0.9047619047619047,0.37508594525990513,0.4372983460406843,0.9636250279173892,0.9572979797979799
65,0.9778781971764428,0.9574808736172267,0.5879512721681667,0.9209585121602287,0.7136253840283306,0.9348505829996189,0.8598271393089738,1.0,0.9667355365428691,0.9403289753759634,0.7583773835979769,0.9866452991452991,0.7588124693617952,0.3452965907760428,0.566003196150255,0.8034030557951388,0.7200629584317957,0.907758072921357,0.5772806558520844,0.761312377485058,0.849654055000876,0.8682441508970001,0.7583034602420733,0.9188540888540889,0.5018656716417911,0.5954409088861334,0.9714594465527916,0.9575757575757575
66,0.8842069780583,0.945815213494569,0.6913907412745426,0.8138156550173717,0.6934719075865492,0.9751896754511868,0.8373161968444346,1.0,0.9684573212605068,0.9427548733741511,0.8011042113074154,0.9765432098765432,0.8102101565754747,0.2053435239552707,0.5963844797178129,0.7944080559379011,0.7600247994845887,0.9153261379837612,0.7140204459283406,0.6375757575757576,0.7019417475728156,0.8586431829313397,0.8292352073278745,0.8158867664856755,0.4866448651283718,0.5898802618859179,0.9715613091068921,0.9750688705234161
67,0.8475083780645523,0.9560683082481001,0.5854523584341287,0.8931082981715892,0.6868053395033344,0.9836125438235446,0.7866405893926511,1.0,0.9693791384557595,0.9302493972830894,0.6697677921814089,0.9107142857142857,0.8311573810426789,0.41387441909736133,0.35619993033786135,0.8828652316541589,0.8599795648369959,0.8826349947152755,0.5616674045890532,0.9932718185313341,0.7608202923439111,0.8309178402762488,0.7296644349601024,0.87066998355087,0.0683457402581744,0.521223864140017,0.9700815871694338,1.0
68,0.8579511278195489,0.9498354637078817,0.42749330068390196,0.9945054945054945,0.6941979341698278,0.9743305767791748,0.9397708051476269,1.0,0.9741532352930817,0.9091684654009717,0.7727155108315396,1.0,0.773705847557459,0.4174604929324643,0.23640202702702703,0.6592085644219656,0.9116795161984982,0.8857896700174731,0.5434495864073329,0.9116279069767442,0.8581547619047618,0.8658320521440062,0.6203725642117244,0.8298800297145885,0.5189217572550906,0.6334778019357366,0.9386152394470975,0.9897435897435898
69,0.9200141153962811,0.9228591155165248,0.7517360057580905,0.8546435436615157,0.853430126010347,0.9861256490759429,0.8504133021109943,1.0,0.9456922404623131,0.9353947474087073,0.711991976312332,0.9107142857142857,0.8634054053911279,0.28968176299230153,0.29528794276331216,0.5638256876757692,0.8075739312306237,0.9189019627987112,0.7838624338624338,0.9444444444444443,0.7518832391713748,0.9106229086190059,0.6047880908184213,0.9255834278155706,0.3462551955043315,0.8179763946154107,0.9720860173347798,1.0
70,0.9963235294117647,0.9174065822961908,0.6229425492391536,1.0,0.8015543146561672,0.9833769376123715,0.8339457694842958,1.0,0.9750877578834003,0.9506030924188857,0.7024217777109198,0.990909090909091,0.6881671827106206,0.31196145518752294,0.4040616246498599,0.8700896440834522,0.8129569045133155,0.8122953934761753,0.5157979031167437,0.9073260073260074,0.9111111111111111,0.8261007322757074,0.7165854551056455,0.9198054818744474,0.3688210186780653,0.583154701718908,0.9262372857730443,1.0
71,0.9094545444045936,0.9509969047715123,0.6199722856287635,1.0,0.6664973747843557,0.9867075877873326,0.8694145680648435,1.0,0.9360633116654031,0.906372210595637,0.8064950661277037,0.9833333333333334,0.6867335897266537,0.3754273504273504,0.47777777777777775,0.8522765671827253,0.8687759941993419,0.9158516272042663,0.7374630386314001,0.607768574018574,0.8151841713239272,0.8208600053899094,0.7234477232000041,0.8793737060041408,0.4760242366741418,0.7800634521016893,0.955229883269988,0.9999999999999999
72,0.9745879120879122,0.9203255128117064,0.5135465212029876,0.9132061354283576,0.6869130648359835,0.9867410019107926,0.8833171987197083,1.0,0.9101157870664414,0.9646755607284434,0.7858631627092898,0.990909090909091,0.6801070318677532,0.3591571450841709,0.794788193926125,0.8158937704763476,0.8769051636837952,0.8660571748936963,0.757208552317248,0.7954470187346899,0.875,0.8736321003204562,0.6895807450992222,0.9078033755875232,0.41804571828731485,0.7436375553670074,0.9415763655560137,0.9897435897435898
73,0.9945983379501384,0.9382299527133064,0.38508501782475935,0.9375174337517433,0.7201355155997671,0.9708798567013723,0.8124985354430877,1.0,0.9479235659059222,0.9363360119502242,0.7313216822063493,0.9924242424242424,0.6778545106420062,0.21727697518251304,0.902027027027027,0.84557501332309,0.8782918990211235,0.8560703079115126,0.6079840559886276,0.5245162867475165,0.9361517270608181,0.8464983342311632,0.8097434703137047,0.8632987382987383,0.38385761164948984,0.609686325868495,0.9222305643394921,0.9682539682539683
74,0.7369385369377248,0.9587844112265502,0.5249905980042564,1.0,0.7956731233590084,0.9754617602473281,0.8401569992070329,1.0,0.9504816643236119,0.8876975002554993,0.8525498797562998,0.9897435897435898,0.8546621543249517,0.11628045157456922,0.34444444444444444,0.8626110068601142,0.8680664078012668,0.9357104349243978,0.5794202257437551,0.7733363995157004,0.6819193857965452,0.845076104977145,0.8550393414162023,0.798622324535368,0.35552264112047127,0.44910758077100066,0.9787579818829819,1.0
75,0.9043040293040292,0.9564342399583116,0.6892860446175425,0.8537694189868104,0.7648140509320651,0.9538038110522924,0.8383281416292112,1.0,0.9504339260589,0.9508220013204752,0.7396407596840094,1.0,0.775511878464009,0.40387887887887886,0.6205096073517126,0.8352305984227134,0.9175079122504752,0.9145036017676154,0.6895803797702532,0.6632457135978262,0.5852713178294573,0.8723005114140309,0.6493170574595444,0.8981481481481481,0.22540523190499115,0.4400386348426698,0.9480972352151338,0.980909090909091
76,0.9216104653246492,0.8945971507807866,0.5810878544487981,0.8352922112958796,0.6517895592299895,0.9963225299326557,0.7712479878439759,1.0,0.9113633134942454,0.9297756265888704,0.7213053710544179,1.0,0.76009146868948,0.30621747969718505,0.6496281913575146,0.8255914288917813,0.8043065216291665,0.8627662559415586,0.8932224341315251,0.8265299046641394,0.7048611111111112,0.8141119646551128,0.7947964961904795,0.8957289183479659,0.7708333333333333,0.7346944397955515,0.955797217758984,0.9910714285714285
77,0.9712630445623998,0.9540427642017494,0.81470143437796,0.9750688705234161,0.7122829422964733,0.9520151102837232,0.9126309936989111,1.0,0.9598095697744793,0.9392750979088073,0.7935439445186653,0.9901360544217687,0.8205767688784196,0.24298422795599534,0.6959150326797385,0.7530351074507096,0.8245094548100084,0.8841228221356655,0.6270814027365331,0.4801506050432749,0.8590770931196463,0.8241152481705623,0.6656593546148178,0.8589849144684002,0.5165715539947322,0.5171345776431254,0.9674520306517301,1.0
78,0.9233193277310924,0.9260461423349614,0.43688308214088595,0.8828571428571429,0.7204768297739537,0.9818859945847003,0.8713686826368576,1.0,0.9900392123829272,0.9706327060511488,0.6365777988068442,1.0,0.8220259232797933,0.23752114833767402,0.8288118131868132,0.8006653161550498,0.7309698559271673,0.8860113263717079,0.680940355940356,0.7631340579710144,0.6328329519901422,0.8701725925206463,0.8779915850902481,0.917410434737782,0.43469716437036693,0.7113141581088592,0.9444716682911035,0.987249407560295
79,0.8618763425929185,0.9553878347976565,0.585436550066941,0.9583333333333333,0.6549611215177423,0.9855993495106862,0.8306974630934447,1.0,0.9261098200493333,0.950122411071897,0.807088287212527,1.0,0.7886986602993562,0.22896812320522758,0.696938882876383,0.7162208086851541,0.8804478399709859,0.9345679666927472,0.6045023272466881,0.8538282620300465,0.9833333333333334,0.8684799178551232,0.7195813472484962,0.8843375794232649,0.22103855760891078,0.67221034848322,0.96242668518147,1.0
80,0.8318162719633307,0.9352900793652731,0.7783632501374437,0.9450980392156862,0.7903844510426575,0.9819063901721691,0.9125308950711897,1.0,0.9843854404620112,0.9463765493417351,0.7456937988999084,0.9659090909090909,0.7710988031576267,0.30522394979101264,0.7525132275132275,0.829772169091576,0.8216508673745515,0.8827772490488397,0.36062561039706564,0.7876656701807757,0.9715909090909091,0.8052160587087368,0.7587306135584335,0.8716258519602172,0.15043077361418164,0.6376230795348442,0.9879252192977683,0.9846415489272632
81,0.9877124183006535,0.939025398979546,0.680657714739898,0.892921146953405,0.7897120769041932,0.9922999335207084,0.8872743576475073,1.0,0.9510042988143003,0.9351632199143971,0.65179095308941,0.9797979797979798,0.7780167590011897,0.4149595106564925,0.5674722960437246,0.921668387381303,0.8433312484472109,0.9269297900792232,0.6118659371906869,0.8777777777777778,0.7335792664801836,0.830276375736063,0.6438847909901251,0.7921966338838483,0.39143981018981017,0.587738338695632,0.9597062094854292,1.0
82,0.9855769230769231,0.9499699365384662,0.5862895461748518,1.0,0.6967028761216585,0.9677883495262664,0.8528477063454577,1.0,0.9672542207143675,0.9117360115678171,0.7743331229791707,0.975,0.6956248818261912,0.39643804125714865,0.804112554112554,0.7646580750029026,0.8456872094678591,0.9104559040742,0.4004371445547916,0.8776666666666667,0.6433298502264019,0.7521308858540738,0.6907043192910663,0.9117699089648599,0.26621899914447184,0.5982389377775222,0.9543539803863712,1.0
83,0.8179284647871035,0.9544925085368475,0.44616822313941706,0.9797979797979798,0.7022317292668704,0.976987792076629,0.8306011289722202,1.0,0.90528743423132,0.8809132497116845,0.8479259880307917,0.988588334742181,0.72743259538367,0.45264550264550263,0.6960526315789473,0.7025637556887556,0.8867139879928595,0.8562164946085912,0.6769374709998983,0.6835194982267753,0.811111111111111,0.8850197492048133,0.6193974515276247,0.8137814370963263,0.7254901960784313,0.7003805266156155,0.9522901513677235,1.0
84,0.9646469113961375,0.9630210048745432,0.5584839583249194,0.9750688705234161,0.6438409946094666,0.965523564329824,0.933138610822633,1.0,0.9227692506043057,0.9273902586454288,0.7384167368769267,0.8998397435897436,0.7649353333121713,0.32588376059638097,0.3845238095238095,0.8369632240735959,0.9510696584957602,0.9150063445715187,0.8271645021645021,0.8558865185763849,0.6819607843137255,0.8725701235289318,0.7148801525406535,0.8762501787968681,0.5356957316337795,0.6323978099509866,0.9561027351034936,0.9790695415695415
85,0.83971152647527,0.9376106360329937,0.7118248087683824,0.7390249806969169,0.7536156584324712,0.9924766955291761,0.6979039477330712,1.0,0.9748435687221062,0.929016343234759,0.7699038880243938,0.9897435897435898,0.8091896495041624,0.3344717451860309,0.5430087023482276,0.8783293331602766,0.9257930709300037,0.844969834286158,0.6749863163656266,0.8585858585858586,0.8132932958514354,0.85914587350359,0.7912625557876749,0.7652993753998514,0.2836674983294133,0.582078938720115,0.9680551109122538,0.955154420742656
86,0.9527829313543599,0.9480913524244546,0.5281901025905855,0.8376623376623376,0.7624336663943188,0.9771487935017018,0.7391159039444004,1.0,0.9841517428132122,0.9415851805353539,0.7945782465192147,0.9404761904761904,0.8234090599434347,0.37807158119658124,0.5570564516129033,0.7171269648823827,0.8729482660719209,0.8705434995714667,0.8061269835334006,0.6642221394270574,0.8793152302243211,0.8664637081885407,0.5630884315208983,0.6729666860916861,0.5027800714146785,0.670457567836818,0.9768501777096374,0.9945054945054945
87,0.9591057626583943,0.9548363957157368,0.7348344687049596,0.8940000000000001,0.7567950370712357,0.9923458558716381,0.9129643476441497,1.0,0.9423345484879161,0.9441651648269657,0.7762935005475511,0.9821428571428571,0.736003375331383,0.11940197312537737,0.6446581196581196,0.5835490777795164,0.8301029997390006,0.9092083601969918,0.7749195249195249,0.6295748884468578,0.35798629635836704,0.920330709812924,0.8946461457965642,0.8961765615337044,0.5816067543768776,0.5485203611453724,0.9324371096055761,0.9751850713389175
88,0.8976831247850017,0.951666099973249,0.6461768971810733,1.0,0.7235198086801153,0.9706417394230361,0.816683994989471,1.0,0.9779016453011747,0.9582626109207399,0.7088653168129777,1.0,0.7273206785101815,0.0771038965422467,0.3683635616408725,0.905645227396872,0.8961558248326059,0.855020436690273,0.4843170601573963,0.9692982456140351,0.9588235294117647,0.9169384686335339,0.699679676469576,0.90318126028451,0.5018552875695733,0.57428535738921,0.964029740569415,0.9841597796143251
89,0.9136633900169812,0.9471082172257593,0.6013937331447556,0.8543539384783249,0.6810227832829273,0.9872160429359347,0.801238036078654,1.0,0.8509632145664614,0.9393475994570775,0.7575880919708298,1.0,0.7409446249152498,0.3276623376623377,0.6803030303030303,0.8502891737255712,0.8536454536772837,0.9314477220855475,0.7124715504389236,0.8909090909090909,0.770909090909091,0.8475546107381846,0.790815131051809,0.7946073126220184,0.058511587329061344,0.5705936010938226,0.9645810063077773,1.0
90,0.8267721597456839,0.9491087791890997,0.6624071071324805,1.0,0.6277767025957203,0.9483411614818446,0.8622625085381159,1.0,0.965617347771671,0.9309228084051491,0.7333081168870536,0.9569444444444444,0.822828948820556,0.2749619324473976,0.6489744932000368,0.8220484354388995,0.747786107588727,0.8538738593637947,0.6651445046181887,0.6428571428571428,0.547845715341255,0.828331584235576,0.5568829399835409,0.7560984337300125,0.10997674614923367,0.5997660952095303,0.9329376668499035,0.9958333333333333
91,0.9862253289473684,0.9325158218480096,0.5808101136804209,0.986013986013986,0.6791022197526124,0.9881529499414907,0.8078465387999889,1.0,0.9901415094339622,0.9675105026718535,0.691874111661272,0.925,0.72973638335397,0.43284449318980445,0.6658333333333334,0.9331347898582301,0.8141891008639895,0.9205550565619758,0.6459589022089022,0.5329696254521601,0.9340659340659341,0.7825665435372013,0.7783210779062065,0.8831650044059922,0.5829966329966331,0.7310411710331571,0.9699755440744643,0.9419191919191918
92,0.9866310160427808,0.9342555697628088,0.6333503395857792,0.8353414205948192,0.7711648413314035,0.9921227376551736,0.9229786511325309,1.0,0.9502294311459212,0.905537961905928,0.7069393775564605,0.9166666666666666,0.7946349068926487,0.24993539635066636,0.49916666666666665,0.7289260744293454,0.7588432462394574,0.9103371888704795,0.6293530543530543,0.7857727923758739,0.875,0.8024233403789283,0.7030083304320752,0.8681029772696439,0.3044951949924975,0.37581699830119175,0.9762375768924705,1.0
93,0.907546071060003,0.9292118062696726,0.7454013504538646,0.8536811955804787,0.7544338452876128,0.9898800562009562,0.8127502765577451,1.0,0.9465266567760173,0.9128014561260245,0.8182524113583369,0.9945054945054945,0.7679365653810742,0.5168397561400835,0.3986931106174528,0.7166450664273807,0.839726847305561,0.8739544148467502,0.581998001998002,0.7030118016769357,0.7567761962447002,0.7853097963933272,0.7342726118826579,0.7744065309690309,0.34652046783625734,0.5499531274545082,0.9396610442597093,0.9924172794117647
94,0.9496527777777778,0.9300205883971744,0.6988587151207407,0.9449500554938957,0.7295052448862429,0.987012717154701,0.8357592285038304,1.0,0.9168199117982959,0.9300381403350744,0.7924849138081638,1.0,0.8994176641747835,0.322291477901943,0.3854723707664884,0.797942759502806,0.9256171898122731,0.8195092304379705,0.45862493715434893,0.9519230769230769,0.9111111111111111,0.8305347444599633,0.7398132503465632,0.8245512216486383,0.14528492003089105,0.562104893955938,0.9193700126272666,1.0
95,0.8831575947563409,0.9249279492624454,0.5257124159833673,0.9412878787878788,0.590386598244804,0.984991912648568,0.9710510361552027,1.0,0.9457079839795699,0.954813235347159,0.5763047132782176,1.0,0.8796380427614443,0.3948134761583376,0.7658303817394727,0.7782212320710314,0.743021160116995,0.8382218380282394,0.6832334332334331,0.8708414872798433,0.8409090909090908,0.8061543413515072,0.71621754901997,0.8530068446541359,0.5994152046783625,0.5298143711961892,0.9762894147943002,1.0
96,0.9945054945054945,0.9622797972877327,0.41121681257459697,1.0,0.809165029402516,0.9899935130104397,0.8379004029717437,1.0,0.9388061056288679,0.9433922023122168,0.8235440232264801,0.9419191919191918,0.7522460413184646,0.3558205077138343,0.6830808080808082,0.8483615498700439,0.8919455591867707,0.8790131329629368,0.5546673596673596,0.731954283145923,0.9375,0.8131117319254215,0.7609533851858606,0.7856996758182528,0.373868912374298,0.6638421249342796,0.9625569136662773,0.9540997464074388
97,0.9320740760691741,0.9270066684139788,0.7391411042038337,0.9053107512137272,0.7561402630962629,0.9858106322928761,0.7904634418689525,1.0,0.9447845853021406,0.9485904491657664,0.8131586097795713,1.0,0.7831021706870712,0.14348951701892876,0.6928396358543417,0.7864344036398236,0.8212754478660304,0.8758517157795639,0.5842532467532467,0.1111111111111111,0.8430215617715617,0.8009726167701535,0.8305037360001489,0.829262038774234,0.31567275572739945,0.6950036166215589,0.985469757903052,0.9704861111111112
98,0.8816816289410238,0.928479309849436,0.6256550679171041,0.9651515151515152,0.7033942463289045,0.9837377541851431,0.854841655886419,1.0,0.9688797814108245,0.9725700365850687,0.7853840061564039,0.8298821548821549,0.693821091504567,0.32145016218556605,0.5722330018594874,0.8074976783457745,0.6889973135563993,0.8472072079400005,0.5593790798125163,0.5790217441160838,0.8909090909090909,0.8685772899881422,0.660702699011078,0.8539935549246487,0.27066545275847925,0.5326565752574789,0.9483022389380463,0.9945054945054945
99,0.8779251606969692,0.935984314817621,0.735035685035685,0.8333646238818653,0.7336644994338193,0.9900259493576224,0.6738643248838895,1.0,0.9569556544687892,0.912339882471758,0.7468851974937374,1.0,0.8101435507102579,0.30496433953296154,0.34738185425685425,0.8396837570527891,0.8296218505670473,0.9184750280062542,0.686872579406516,0.6888843303563716,0.8115213178294574,0.8624589340925752,0.5183593795112027,0.7755604289317104,0.3255434343714143,0.5484642614198202,0.9110168647044892,0.9866452991452991
100,0.9516022805696719,0.9541483009055232,0.5585455129409017,0.8177328623757194,0.7111379952795688,0.9819188543184817,0.9331824363232903,1.0,0.9810423494634021,0.9490263079085433,0.7561916336170146,0.9888888888888888,0.7865208980263642,0.4130549588256355,0.9072838777384232,0.8443186363839059,0.8790350434870116,0.8865862886030728,0.850437625871973,0.8777777777777778,0.2,0.855574003627759,0.6922159694269349,0.8210907811159804,0.2320384294068505,0.513910292787002,0.9766149581257826,1.0
101,0.9390151515151516,0.9381083594828832,0.6660815435945532,1.0,0.6721738756860984,0.9731503419304814,0.8659686004030078,1.0,0.9398018336125581,0.9138529164421614,0.725552429231364,0.9649678604224059,0.7098027017922617,0.10590305146466185,0.5678160919540229,0.7627231129042723,0.8621831531807822,0.9017396235384169,0.4520833333333333,0.7350439150866959,0.8635110294117647,0.8739045452731262,0.7862177058323225,0.9256550753454779,0.06803538612094528,0.5246396014617066,0.8978207338972841,1.0
102,0.9944444444444445,0.9576510923756655,0.8087131270636805,1.0,0.6969701013408109,0.9902815129135929,0.8998113267566215,1.0,0.9382275162991611,0.9315149128211397,0.7704997663176582,0.9666666666666668,0.6818277150185045,0.4227862721428898,0.8001925770308124,0.8567903572258416,0.8466292237843749,0.8961929746101289,0.5454679006353648,0.7224588135184803,0.4686390532544379,0.8084804566574346,0.8340395578297117,0.7578323558162268,0.12532372598162073,0.6876199638796134,0.9680137021441213,1.0
103,0.9576982322025799,0.9397175005367914,0.3551508134086437,0.8164755211266839,0.7756067686567415,0.9568334148302442,0.8123682440573943,1.0,0.9739209334800216,0.969793446699696,0.7603363786488546,0.788888888888889,0.9091186574544895,0.34388507813839436,0.8048048048048049,0.8700912740575157,0.8775637828939922,0.868474539736419,0.45061946698102306,0.6819245716304541,0.7618975332068313,0.8808448997416094,0.7597306757873563,0.7922172902683351,0.5647223135841671,0.7777462659964878,0.9211065954299895,1.0
104,0.9151241351241352,0.9426926651737919,0.5318021726617788,0.9278553526673827,0.6712220595675573,0.9835378893025664,0.6679320313523831,1.0,0.9443004554416256,0.9533716814624251,0.6744470335546134,1.0,0.8368738751258262,0.09747814996699858,0.5494152046783626,0.916437161909298,0.7943693644675976,0.8959885414008095,0.582068852773187,0.8202899394033694,0.6911229584101924,0.9066844263076012,0.6685440510828226,0.9480475382003396,0.2888366659885659,0.5523572310632955,0.9886105612046457,1.0
105,0.9341580207501995,0.9679676067848635,0.6965061857180719,1.0,0.6371928298713186,0.9856139143402015,0.8518030396840541,1.0,0.9123264974568929,0.9068491656373747,0.7629128480432934,0.9085858585858585,0.7680210103582504,0.3277777777777777,0.8588235294117648,0.9723969750056707,0.8659238202018666,0.9348785539096115,0.7348818068185659,0.9085858585858585,0.6957089896860451,0.879890072868657,0.6551285742767208,0.6116668770541054,0.1480568251474377,0.5471006185825311,0.9593066877102461,1.0
106,0.9240110079119366,0.9727559056135383,0.6102557440506158,1.0,0.785030081694855,0.9901751623344627,0.8956770560446262,1.0,0.9288305402988575,0.8918106871430297,0.6922486234816607,1.0,0.6494569289755784,0.4387576464639696,0.5697707113148289,0.751033953765016,0.7941699245878211,0.8967169171596618,0.701833157096315,0.7765102194009148,0.8114543114543115,0.8127151289120962,0.8009062039733028,0.7927978650218701,0.22373267462294924,0.65746704263118,0.9815579193393502,0.9999999999999999
107,0.9885964912280701,0.9593482203534995,0.5743651774667768,0.9212749615975421,0.7122954873868109,0.9950548814400111,0.7994292984071564,1.0,0.9449759282819693,0.890992157807869,0.8068522249094947,0.951923076923077,0.7231290933282752,0.11302291680328765,0.7801587301587302,0.8218771417231973,0.7648062068925212,0.8751352626340503,0.7375965537730244,0.5428113386887172,0.6910475561379389,0.8934044065114541,0.6142334545638052,0.900680349062702,0.3132495900325694,0.7679317339291469,0.968045119790113,0.9952380952380953
108,0.9030518585824544,0.9390919963694758,0.6703962698596101,0.9651515151515152,0.6547474858427716,0.9815284880226082,0.8749516787704927,1.0,0.9037193957184342,0.8958701649574229,0.7876784030558425,1.0,0.7804526133993668,0.19028899871636965,0.5737488178309434,0.7813584755318618,0.6455562578398213,0.9078387432489732,0.45676878148177613,0.8169476669872302,0.7327261779316574,0.9063497368110217,0.728243423731421,0.7659365891724763,0.35561763817577774,0.6817768039818282,0.9506876306296457,1.0
109,0.8392869782427472,0.9468732090202143,0.6673925845223275,1.0,0.7300367930038488,0.985530970217506,0.8376078416214214,1.0,0.9721830496752912,0.9415748137242954,0.7519961326880742,0.9833333333333334,0.7396352307066831,0.2880466447448544,0.5583333333333333,0.6932893925190342,0.8213389461415779,0.9357476698288435,0.850780339243421,0.6698098760723195,0.6320151415927446,0.9125066664768278,0.668686026339826,0.803867345630771,0.49138980761663703,0.757911425083665,0.9405184068273689,1.0
110,0.9897096908939014,0.947675861117971,0.5589034457863967,0.9271091811414393,0.7356680283325646,0.9894549463428519,0.8332982650375006,1.0,0.9766073551093605,0.9442692787894391,0.8013498007985167,0.9166666666666666,0.8126995430256775,0.2965745007680492,0.7582338685442913,0.824918905213107,0.8208362374667925,0.8479814764251354,0.5299286782986288,0.7914116108096041,0.6702296853160061,0.7461711060550409,0.6934547257689098,0.810956694247154,0.38829402724621803,0.7142503267890277,0.944194900789544,0.9841597796143251
111,0.9719024122807018,0.9560175894084677,0.6118105236100485,1.0,0.6996649762645258,0.9716023225141234,0.905229060227527,1.0,0.9702679588447229,0.9167787818327049,0.6997824641652488,0.9651515151515152,0.8396483373391177,0.25958534128196087,0.5833333333333334,0.496967476967477,0.8150470730022819,0.8559273903458032,0.5763875356906047,0.823334238428578,0.7406150095920652,0.8424335321070291,0.8779698277809299,0.8478380996523232,0.3743396607206221,0.41314568348235586,0.9433102785745435,0.961734693877551
112,0.8673496150076595,0.9391440813208819,0.6349201698795882,0.9131538822425521,0.707976508184433,0.9858715704355486,0.8082620008563486,1.0,0.9287663132124475,0.9292180537277523,0.7831971461852001,1.0,0.8118331010000609,0.2052207620190076,0.7181362993540495,0.7792893888045067,0.7915024932703655,0.8487398603064779,0.4403805505918182,0.6237858851674641,0.8370226273405463,0.8787003703338665,0.6924907640057334,0.8012797235506244,0.31859917859917863,0.6013165684048483,0.9579987410301616,0.9787545787545788
113,0.9658119658119657,0.9264509694299446,0.7796885803521036,0.8968738521966613,0.6873462648769156,0.9682082996347753,0.6915035191426053,1.0,0.9021127742863623,0.9337357764627442,0.7899605254567459,0.9861111111111112,0.6572731475175906,0.29668533445285117,0.8187074829931972,0.7156156187777579,0.9273407012377601,0.9268065179656795,0.5964337250051536,0.7911682476106391,0.7336212212359782,0.8896613838851068,0.7231274733431321,0.9425660318517461,0.2848639056738547,0.4753897505631476,0.958216792275672,1.0
114,0.9063655089557032,0.9658501106651286,0.6348045679570543,0.9924242424242424,0.7326624491246941,0.9858418180332389,0.8052353393435003,1.0,0.9778554669914823,0.9457381160516148,0.8202736028565465,0.975,0.7317439058956916,0.12567555251765777,0.7716768216768217,0.806435049697908,0.8598156419496891,0.8441241343633782,0.5891788766788766,0.6768907499837291,0.9107142857142857,0.8260370824022136,0.6828810786692499,0.845961815961816,0.07247416234506601,0.6570545994443592,0.9761979759970876,1.0
115,0.94656612437482,0.932330201789457,0.714956434045624,0.8611428571428571,0.6289675235288322,0.9687232694778379,0.940693123577463,1.0,0.9685665438241962,0.9033024542709202,0.7225264303455784,1.0,0.7537258903898387,0.26223776179359937,0.5280108414976836,0.7827511802686424,0.7640416408895598,0.8861823465721068,0.9044891658049552,0.7955849371512022,0.7048611111111112,0.8680711581959826,0.7194755056010479,0.7975783475783474,0.08505679783875272,0.6455356956762462,0.9727336925458048,0.9841597796143251
116,0.9777201076509034,0.9544953289994349,0.47570991139888363,0.784729953156017,0.572301788774578,0.9662996497571141,0.8986468003243521,1.0,0.9759875178920778,0.9738082210319194,0.8557083039892176,0.9639615384615385,0.72253607824396,0.42113466169193725,0.49742054693274207,0.9654507155914418,0.7222003147819509,0.8624204329086025,0.8382332703107964,1.0,0.8611111111111112,0.8005244222790777,0.7957330055377394,0.9085272570566689,0.1088708211531057,0.42710734800910516,0.9464314805984733,0.988588334742181
117,0.983704358936557,0.9430717504891378,0.5203160109384521,0.9152540114078576,0.6923030341754437,0.9541992012738654,0.8579470231726907,1.0,0.9608074018632063,0.9260955361841996,0.7208005090003203,1.0,0.7915017745815055,0.25032975624023046,0.6795377241805812,0.9070617268224909,0.8075479408403853,0.8067175153645666,0.6010096231323854,0.9066472742943332,0.7223520781042374,0.8191249628500504,0.6762173276782368,0.8887160633484162,0.4643931900543572,0.4426772580265231,0.9651618665064177,1.0
118,0.9949874686716791,0.9518165806980701,0.5193985396962711,0.9378995433789954,0.6803333908764538,0.9825316115051566,0.8798125806308693,1.0,0.911333861904184,0.8590999620229309,0.7933116874819686,1.0,0.6856739433740846,0.3610684617246683,0.6601190476190476,0.7593149931155445,0.855210963880022,0.8525839774641363,0.6745127331701654,0.8682172282058362,0.5486236138290932,0.899652447836606,0.8272651683217005,0.9315678194354665,0.20989472858342792,0.5724862170354289,0.9668693356506434,1.0
119,0.9771241830065359,0.9434168266125327,0.6210759426481202,0.9821428571428571,0.7777609060640736,0.9947846946488599,0.8087270527330017,1.0,0.9635066889630276,0.9762179238170755,0.7856831082743859,0.9722222222222221,0.8948412468652631,0.2916942383013812,0.4179487179487179,0.8235391549143365,0.6439852068856645,0.8999747430050885,0.745406328211758,0.6614288853087341,0.8494942578920908,0.8245920951390324,0.7942018430608639,0.9163255045607988,0.30313509310982434,0.692130832389116,0.9583521862478737,1.0
120,1.0,0.9625612388170595,0.5792148716555998,0.8251093025705858,0.7044026579173391,0.9795024472514187,0.7928195767539983,1.0,0.9334253240801244,0.9203896896179637,0.8335585382124695,1.0,0.8448321824032214,0.08517973661571042,0.544439935064935,0.7997164811926742,0.8932442224448363,0.8660814361903449,0.6171581114963468,0.7829975579975579,0.6428571428571428,0.8259169023429643,0.7312884353106462,0.9089133308880688,0.37591858313507803,0.618612703695293,0.9725011055870016,0.9463474025974026
121,0.954950495049505,0.9561487275535719,0.531510892799119,0.961734693877551,0.6548919984283805,0.9920391903886491,0.7481857860751501,1.0,0.9353480446214547,0.9320357180763648,0.7542843322426953,1.0,0.7679955579741187,0.4055246969895452,0.2938297623335994,0.8054694067992344,0.7925102462732799,0.9143486182743066,0.3924332147659454,0.9160287081339713,0.7247474747474747,0.8648533651524968,0.6706204612536567,0.8031934278442248,0.44480426413209434,0.6245679877575545,0.9556412650970871,0.9852889124255426
122,0.9119395433780152,0.9640761773758838,0.5622117028839629,0.9207482993197278,0.6879931703615928,0.9727851391724404,0.7755668861349875,1.0,0.9166116739600656,0.9314120833069148,0.8051657848202393,1.0,0.7719487200052485,0.3202700140039678,0.5638763045739791,0.9021826367117949,0.7144369887795876,0.7712303913184088,0.7403719928162652,0.8235215874059121,1.0,0.859966170384958,0.6333507114107867,0.8176921281333046,0.33082932082252486,0.6508311588891981,0.9229765989644163,1.0
123,0.8453862872178195,0.938164787723804,0.739868591066795,0.7575442900634797,0.7522863407883412,0.9761894232532032,0.8734143896549819,1.0,0.970418934769202,0.9508959657513728,0.7664195271846501,0.9805194805194806,0.8670689012609387,0.29383363101338095,0.6791666666666667,0.822562120277174,0.6301623988194809,0.9210709968098808,0.795201746106912,0.5029673590504451,0.6478300333385714,0.8637376618523522,0.7496274691868631,0.8130677847658979,0.07903464583508507,0.5667458601319539,0.9508627291445917,1.0
124,0.9148051948051947,0.9513515656127598,0.5292507132361071,0.87918410041841,0.6994865447890954,0.9880856294889926,0.8483846354803879,1.0,0.9686992460552418,0.9686168599770497,0.7478827348731588,0.9128787878787878,0.7842091581310595,0.3977502109081056,0.887157287157287,0.6978841419073946,0.84534630380564,0.9069728667987073,0.6348099816849816,0.7986703152501067,0.49620510008225943,0.8139507376143178,0.8510234652892077,0.9001166426166427,0.3052597402597403,0.6594639317164718,0.9619737247782154,1.0
125,0.9186313686313686,0.9484271665770115,0.40373715405129623,0.8651612823552657,0.7704023414572209,0.9720102515557859,0.808606713246614,1.0,0.9453972131250752,0.9686930448998502,0.5132670244084118,1.0,0.6785957187859551,0.199116569704805,0.5374787458843187,0.7066507196156152,0.8715496213436564,0.8774553960998615,0.4676962284778781,0.6921030797613075,0.6994987468671678,0.9159564766303316,0.5581835556834851,0.7778846153846154,0.40834043554289656,0.6924665678343521,0.9732436009863079,0.9938080495356038
126,0.9363524875426728,0.9424695153503255,0.7260079074202532,1.0,0.7037020813117477,0.9785349226220283,0.8761866348131679,1.0,0.9302334304628315,0.9035995882360793,0.8342526413410044,0.9682539682539683,0.7784123486545935,0.15597583702846862,0.763830355374473,0.8903807997557998,0.7718849242107937,0.8850268687580138,0.7827455877455878,0.7283728985384809,0.7397538574226018,0.8185609626589384,0.5930845759739336,0.9339279078409513,0.4041708375041708,0.6183774633507905,0.9388503961673501,0.9765432098765432
127,0.9506823745410037,0.9524243793209648,0.5041699152646578,0.8540508772749211,0.7403817290345135,0.9707993459004465,0.8554670188940218,1.0,0.9368147716658364,0.9385758410934876,0.8057631934108674,1.0,0.6819855997214425,0.5424098124098125,0.5972222222222221,0.7487940739472633,0.829768083782768,0.8342585384975687,0.3481133181133181,0.7715776760392419,0.5019193857965452,0.8399635792563597,0.8570609494526714,0.8429967929673812,0.35229031116378795,0.5150842789855246,0.9715363606515446,1.0
128,0.9944827586206897,0.9488807748745046,0.44562470109813657,1.0,0.7882365551575247,0.9827515806878524,0.8556126608444379,1.0,0.9659206616964011,0.8823450839827978,0.7484006287072559,0.9821428571428571,0.8552432492553046,0.2635384039298119,0.6107537361923326,0.8420977570681443,0.8458462343671808,0.8807255960784253,0.5759462759462759,0.690829033570969,0.4438515026816898,0.9394484826369303,0.6827392516005283,0.9073775654885099,0.38185528756957327,0.7054427339567588,0.9679248382225738,0.9861111111111112
129,0.9527617247276982,0.9420165229341848,0.6218151916547976,0.9276710684273709,0.6672760996089763,0.9924388270380418,0.8416725859091151,1.0,0.919663581241926,0.9130810368374652,0.7606010642359442,1.0,0.6873681632266447,0.4360718646432932,0.8594185583432895,0.787617864713418,0.6879212083012023,0.8458036680071471,0.818322510822511,0.8967592592592593,0.9085858585858585,0.8316338392181645,0.5554656892864928,0.6417483237970054,0.02322185135681143,0.6498435067296662,0.9474058769680964,0.9866269841269841
130,0.876492118878267,0.961250793939608,0.5794434350694025,0.904,0.6627358360098675,0.9672603766055055,0.8770985864828436,1.0,0.971252124038021,0.9434740671344383,0.6938418628804712,0.9111111111111111,0.7151191855170607,0.4345331786020032,0.5595238095238095,0.7926430887569745,0.8458744851381509,0.8988687983254697,0.4457540925773192,0.7490563490563491,0.6052237264755252,0.8375427730489928,0.7472377689460054,0.9137712096332786,0.4914144369452415,0.5336445091095753,0.9393743504430394,0.9761904761904762
131,0.9905346904427172,0.9471200678017111,0.4048403950925396,0.9334137757667169,0.6226346075784751,0.9762185076555334,0.9173547700693531,1.0,0.9290789055096756,0.9297856618634927,0.7658571619938757,1.0,0.8704336226315126,0.48317354492140585,0.32371212121212123,0.86903812878507,0.8206764594028462,0.8694640877845352,0.5483928571428571,0.9833333333333334,0.8394607843137255,0.8236489293595911,0.7590749581366195,0.8648906114169805,0.3411127430652049,0.6072863457015042,0.9695853537719585,1.0
132,0.985969387755102,0.9179455453523658,0.5779010862472567,0.8652741222762089,0.7707360098985528,0.9964781737552957,0.9074684202054868,1.0,0.9350232930328054,0.9213581086696457,0.8079602265454446,0.9714285714285715,0.7746478415169995,0.42094269567863973,0.6478244064157377,0.8324798603651988,0.8184361229834134,0.8213642697521407,0.5580878312863606,0.5329293470412195,0.8352527191298784,0.7526695496799173,0.8030276453702544,0.8169167039856695,0.3253924383360531,0.49016784626940313,0.9317677669254458,1.0
133,0.9722550177095632,0.9460629199593642,0.5809085616163391,1.0,0.8209534958649288,0.986243170771041,0.8943034286711037,1.0,0.9484676596736303,0.9627145919584201,0.7020271139334178,0.9888888888888888,0.7601371522102357,0.4519105110637431,0.7599335748792271,0.7576294850117863,0.714591073372908,0.8548346644314551,0.607967032967033,0.8866279069767442,0.5832610420024174,0.867742656399766,0.7709299093829939,0.4860413137587051,0.5915011552110141,0.5635278909017449,0.9496838489759805,1.0
134,0.9581611570247934,0.9508724843514227,0.3273730565364543,1.0,0.6967902055654216,0.993499021071811,0.9399155802157678,1.0,0.9841199109185025,0.9440189223672584,0.8133368177675666,0.9861111111111112,0.7609932264350302,0.15216627002010905,0.3833333333333333,0.8588959329471664,0.7950109667013889,0.8717766823551193,0.7168153239226196,0.881069917908358,0.8508241758241759,0.8048131709908781,0.8563943016429447,0.90498545572075,0.4182398089715163,0.6995680671184217,0.9188694086438958,1.0
135,0.8330432717529492,0.9523047516419363,0.7235953612552077,0.8408935296131461,0.7280159721821057,0.9819847936090338,0.8630800106174228,1.0,0.8986175226854332,0.897390106435902,0.6383375302039808,1.0,0.6102449708025351,0.13039013831696758,0.8025770869735401,0.8463896072487537,0.8190922229996012,0.9185148976562596,0.6120997253214574,0.7569422749835121,0.8590403903496883,0.8880750661036023,0.7209528055770782,0.9358859798052006,0.6603420297914538,0.6538925931941622,0.9367900734838872,0.9846415489272632
136,0.8918182778759702,0.9414705134406772,0.5530431372746754,0.8612922347362181,0.7804096006622832,0.948807906111373,0.9049854733639009,1.0,0.9733063561575335,0.9128563453127573,0.804343810519848,0.9761904761904762,0.747758757035643,0.4808294930875576,0.6327394827394827,0.6742198478623623,0.8657381419445869,0.8375397557110886,0.8416068779705144,0.9224242424242424,0.7339885876146882,0.8430304121620351,0.8338782319288134,0.9003468753468753,0.18924985501430458,0.6175880854139016,0.9653546440886858,0.9720846233230134
137,0.9753391552699512,0.9421817574418392,0.5360251681284391,0.8332585969994057,0.7315548480812224,0.9874021403578603,0.9003805687022229,1.0,0.9589249067624354,0.9409787107348565,0.7355550897717895,0.9722222222222221,0.7657122942188044,0.11934330744632252,0.6642688451898978,0.8354882668534742,0.759751431821107,0.9096633879876279,0.5495866514622043,1.0,0.6279784639403713,0.7871526149987308,0.6333738937865626,0.6830851769685024,0.14039607103125734,0.4567492784027325,0.9418475424911147,1.0
138,0.9391929961060468,0.9501994673542865,0.49972646584815666,1.0,0.6460640659876352,0.9679675984369814,0.80794472192884,1.0,0.9602859302179722,0.9748914510781059,0.6770747156589388,0.9821428571428571,0.7890439974990384,0.5654602373696302,0.6691387559808613,0.7568820090512628,0.6967135825325966,0.813845736046192,0.7017547992083596,0.8619250201335307,0.8711687537268933,0.8690247565253116,0.6627327649923984,0.880496006725515,0.524074074074074,0.5407462342676645,0.929098916174794,0.986013986013986
139,0.7937426588172827,0.9344928562078438,0.7702042252552086,0.8476731835317695,0.7359608310050023,0.9697273156614341,0.6742537749039588,1.0,0.9381402881559442,0.9431013962668187,0.8487468313925256,0.9419191919191918,0.7165890601101103,0.16395182938853597,0.5796491228070175,0.9150261364569696,0.8511573971906354,0.9013493559218922,0.5068397436067934,0.8255976318141198,0.7861106341575093,0.8858699446565595,0.7122945061486382,0.8692549803840126,0.0518835391987038,0.7633390835111477,0.9901092223216099,0.7678571428571428
140,0.8754093438526979,0.9452865150779595,0.46897010030847913,0.8178383210991905,0.6774330511070596,0.9891479579036272,0.8476596052916786,1.0,0.9792441765103181,0.9500954094334744,0.8218296524727712,0.9272133095662508,0.7606693370603171,0.20076779945200995,0.6530423024472947,0.8449919431462607,0.7725102051534114,0.8356150173621676,0.6746971656176081,0.8999999999999999,0.646494762288477,0.8361730234106,0.7191264227650701,0.733064018833915,0.3091643258426966,0.44676526639300346,0.9646033516357811,1.0
141,0.8521141608358273,0.9280080127502018,0.7703479044017968,0.7969559642585248,0.7978210732346799,0.9839567659879747,0.9034868076125464,1.0,0.9114440339398485,0.9200424014705336,0.7319202568613522,0.9888888888888888,0.8439425158175158,0.6793650793650793,0.8589572192513368,0.9159593812632579,0.8085231878526042,0.8333474221819059,0.7026993355481728,0.9686119507091374,0.8559523809523809,0.8699495226600118,0.9046206177736028,0.9356855680868839,0.5487302875695733,0.7261821647338931,0.9183711477701084,0.9526289682539684
142,0.935174209770115,0.9552136008829244,0.7489288264142082,0.9273687685704853,0.7173814221705654,0.988153545612354,0.8547257497901448,1.0,0.9454767618881306,0.8960749970052365,0.7711471670634297,0.9821428571428571,0.7821189844466756,0.33515329533386956,0.753970103970104,0.6890158783015927,0.9014194474484838,0.839985387934043,0.3776321932281685,0.8916900093370681,0.8425128384687208,0.9274742480720137,0.6961951115091531,0.8066391941391943,0.04571052966641202,0.6223926712506711,0.951094836886687,0.9674927636466099
143,0.9417273707803403,0.9497917850098058,0.7315285211630828,0.9044052863436124,0.663440862353705,0.9793230507565841,0.7525656842126618,1.0,0.9801867342337583,0.960834122697448,0.8305599557158946,1.0,0.8683956509780433,0.06560146609736213,0.774142034436152,0.9076342618062772,0.754040616452273,0.9384384895255898,0.718653951310601,0.7581318045125216,0.8998397435897436,0.8426250094400697,0.6468205263454755,0.888888888888889,0.3797554002891928,0.8371195635523171,0.9749122095864003,1.0
144,0.9893990929705214,0.9583472573886245,0.7232635035244476,0.8927498927498927,0.7695258654562369,0.9906347230260908,0.7100226375540976,1.0,0.9057383637349445,0.8849543587872117,0.6006568936514812,1.0,0.6631783790591335,0.29037719451253285,0.6983796296296296,0.6426062362678074,0.7095676948010707,0.9091583086156253,0.5484532828282828,0.6078927959629714,0.6971142129483916,0.7807005016602818,0.7228425966801336,0.8364472068020844,0.5085793379911027,0.7453363201862282,0.9532941642172206,0.9654108309990662
145,0.8750098162228483,0.9363312249506024,0.6117811915326226,0.8930729893072988,0.7231370669998942,0.9819147915181974,0.8817647641793929,1.0,0.8938799933148573,0.9076421611134616,0.7540986507265569,0.925,0.8959446645824244,0.3542020427466002,0.4693121693121693,0.9236399115102721,0.8550457440260072,0.8433521098238748,0.4012795035815823,0.9079365079365078,0.9025771127164315,0.8425432532499235,0.7131543121125635,0.9023470304301058,0.29229864011169165,0.5546822301325014,0.947189556139815,1.0
146,1.0,0.959559681200534,0.6610207332941359,0.9846415489272632,0.6006923461601202,0.9930841472273154,0.8810035172260995,1.0,0.9452646331050047,0.9454798720347962,0.7880072999869904,1.0,0.6938437776609252,0.39880952380952384,0.5808254551820728,0.8871495993503778,0.8580500794701493,0.9307918343236642,0.4723665223665223,0.8587890985164978,0.8998397435897436,0.824758109834769,0.6565198502688127,0.8891199130888727,0.5132445075958904,0.4535175419229035,0.9640642136119167,0.9821428571428571
147,0.8976943335043561,0.9524102957449894,0.7574169498488557,1.0,0.7770517016278887,0.9857924031003271,0.8381401149089698,1.0,0.9416767374813766,0.9424763125092817,0.8526041310136783,1.0,0.7148047870277245,0.10597396303927104,0.5242546791443851,0.8733175088217104,0.8564388711258568,0.8586690588409558,0.6346862671696374,0.742500147766251,0.6035324935475174,0.8451135748748426,0.6385861384684186,0.8171040326837429,0.3318696330991413,0.6299727853476086,0.9632505929368484,0.9751850713389175
148,0.9316624895572263,0.9426951285911778,0.5767368915652268,1.0,0.764382787242447,0.989741072479913,0.840511109762489,1.0,0.961743327538333,0.9303593149983113,0.7957107232292461,0.8611111111111112,0.6772757640290338,0.24977047753393328,0.4073841698841698,0.9030529220134055,0.8557418098536933,0.8310128421465741,0.793975122100122,0.7659814825061325,1.0,0.9109155400977066,0.515494680658802,0.8500972565883098,0.3014675284073724,0.6781411247473483,0.9294008399842194,0.9856737793156478
149,0.9852649094789787,0.9266812550327481,0.6240520211214505,0.8929374718848403,0.6964088223987952,0.9910374733914852,0.8392536358824763,1.0,0.9805946185172173,0.9229771299367195,0.8456202637694755,0.9571428571428571,0.6632939294046895,0.5079395686013333,0.40544590643274847,0.8246109582005505,0.709786689572077,0.8857096329752812,0.7701341956382124,0.8238924050632912,0.47778784742038244,0.7793354925708968,0.7932219195430734,0.7422452645077574,0.4244194814737982,0.6678440636646548,0.9294984371006798,0.980909090909091
150,0.8975221214202712,0.9415486807602136,0.5810407722378198,0.8412691608655395,0.7914423111622225,0.9892888043332665,0.8008129701953041,1.0,0.9469326554522335,0.9436563686520376,0.8311725439345815,0.9838235294117645,0.7864550264550264,0.33779320095109566,0.3724108707130343,0.718011406325285,0.7558003156467893,0.8948640294769767,0.6321027012203483,0.6267984890835283,0.5149188644896211,0.9393640848894786,0.6262058894862497,0.8393204667700538,0.5314847968172777,0.6179353716453271,0.9463688214998476,1.0
151,0.9962121212121211,0.9630893639003066,0.7182100767974282,0.7719428785031621,0.7175040609069386,0.9830500327625988,0.9182120624946875,1.0,0.9417092618387969,0.9332389868488393,0.7072107775784418,0.8274170274170274,0.7572975537599238,0.48822716358601526,0.7511164274322168,0.8834157188094752,0.9332715746682378,0.8935092507149356,0.5427237161640243,0.9022529069767442,0.8274170274170274,0.8871262500064925,0.7483658541872081,0.8650299389140239,0.6875,0.5259992290726375,0.9617253992128133,0.9405961583351289
152,0.9231501802061872,0.9688873425950664,0.5099911662373745,0.8257763975155279,0.7659918906462168,0.9993678392409593,0.8364570205912197,1.0,0.8504182647532608,0.9134483865475137,0.74513849364557,1.0,0.7875006600776936,0.20617470977453173,0.8645833333333333,0.7743053800586763,0.8252721929331561,0.8501678552127352,0.5079335165975847,0.8086201727295851,1.0,0.8042817178703148,0.7055969233251749,0.8732068226513006,0.8045933096041222,0.6803757657700507,0.9513025143913563,0.9325396825396826
153,0.7847472912220887,0.9359687645060333,0.4927685509728831,0.9575757575757575,0.7352301846791026,0.9818752742827646,0.9306230148124472,1.0,0.9133904148500489,0.953268538477123,0.7370144286530811,1.0,0.8337957180724873,0.19555200150302318,0.7954144620811288,0.8308484708923305,0.8387548137974636,0.9009634536326373,0.6085736673733727,0.5856211982320891,0.7105255028568295,0.8374476818113626,0.7209656651616515,0.7465119185655711,0.1907373177243787,0.5565483905649361,0.9616772251881046,1.0
154,0.9021981557222977,0.9239970153061202,0.6394143115943619,0.9537087912087913,0.6676672589334557,0.9822868752861583,0.8209437000916779,1.0,0.9144664637845681,0.9402124892957294,0.7841871798318482,1.0,0.798598134869602,0.11066554706905582,0.36281179138321995,0.911178830130443,0.7407609544406786,0.8229977157284618,0.6321512810190345,1.0,0.5861296278573979,0.9109944634258434,0.6898314323962047,0.8529911426821759,0.28465364848644525,0.6977322553046926,0.9189023462468475,0.960354526425955
155,0.9842731829573935,0.9489059425175418,0.513052705982578,0.9133462282398452,0.7616461960891414,0.9897941914903234,0.7309264879882006,1.0,0.9034571196479552,0.8351992407210562,0.7608472923602664,0.9406593406593408,0.7544842612438071,0.35467378533416266,0.7608890168970814,0.6712388716920017,0.7376471827343624,0.8370099099306568,0.7511506391465352,0.8802742007816005,0.9833333333333334,0.8918990027124266,0.6866382299158081,0.8280425965528266,0.23281426287133702,0.731358731957594,0.9711325398379698,1.0
156,0.8770677281835971,0.9710476747414658,0.6522177723141166,0.986013986013986,0.6379321147023935,0.990912897011447,0.7395334863496306,1.0,0.9607145987893894,0.9509289857198444,0.8151656425846688,0.9651515151515152,0.8114348048022463,0.31292562571587335,0.30357142857142855,0.6672598135671562,0.8322984844801937,0.8482677024927888,0.42571590152610145,0.8563547398037928,0.9666666666666668,0.9194535988276732,0.7178091631861957,0.935491470534574,0.6359505779194898,0.6835873716096256,0.9525941871426012,1.0
157,0.9973684210526315,0.9267203052941327,0.6873820603400419,0.8542845983309404,0.6004452507807931,0.9779759959588875,0.8934358582880741,1.0,0.9251772893718845,0.9528264910986954,0.7031419911961646,0.9924242424242424,0.6456170851228374,0.3153186274509804,0.596923076923077,0.7212672887861452,0.809955399376771,0.9070601414774135,0.6353984438040369,0.738550922761449,0.8755411255411254,0.9092354954323385,0.644102090348726,0.9574603174603173,0.23553459119496856,0.4852735370919999,0.947080737829423,1.0
158,0.8944644846476821,0.9472209077589642,0.6180967885158374,1.0,0.6631738183381061,0.9907432303823295,0.840559143497294,1.0,0.9490982797955674,0.9577664769962997,0.7408632590318831,1.0,0.743662372483651,0.1954738562091503,0.5900774663932559,0.8552168155298263,0.8537367747723656,0.8375631075225235,0.47995802050423897,0.8776954177897575,0.8508241758241759,0.8805796601671737,0.6827647938751231,0.842700675712595,0.5161472519241593,0.6393398947001567,0.9454576639210128,0.9910714285714285
159,0.9217357397504456,0.9495848542882979,0.5607155647821709,0.927060986821943,0.6911104354956975,0.9722464416825971,0.8950674191479474,1.0,0.953621035314099,0.9504688790135009,0.7685224103004706,0.8430215617715617,0.7873101482635194,0.3426777900462111,0.6952787952787952,0.7300118064442092,0.8479904875160093,0.8704188754623189,0.48927322636666276,0.8909130085600674,0.6654077723043239,0.8127756381392479,0.679838807402214,0.8905552499399464,0.37961523022144666,0.5658853697019031,0.9701407726147935,0.990909090909091
160,0.9221717171717172,0.9276011861791158,0.8209697524303701,0.8474260373196543,0.7318747438907279,0.9902543256201793,0.7964788779029981,0.9999999999999999,0.9541552984583681,0.9246490576926638,0.7192847942200487,0.9659090909090909,0.6900916752621579,0.24565188195587503,0.5175394497975143,0.7689915764854588,0.9186617558430988,0.9190970754830098,0.45666802333469,0.6900732851280048,0.5826371484266222,0.8282014908147033,0.5820327768357482,0.8877217553688141,0.5509678283759714,0.5785868490109423,0.9511874994552368,0.9786891679748821
161,0.893290570149347,0.9332844302068982,0.409895123257643,0.9334431475903615,0.7854759641489412,0.979404435923801,0.7674576012472332,1.0,0.8773466040092419,0.9151456078626868,0.6787008591173938,0.9797979797979798,0.848553284230014,0.10346677733066195,0.6922077922077922,0.8839912737535005,0.8279145182823731,0.927471886223997,0.6097197811101555,0.7830284552845528,0.7958017468187352,0.7944474505644873,0.7794871704404104,0.82510930705549,0.21370925906776572,0.5627218246643128,0.9638908053613936,0.9952380952380953
162,0.8928793686533625,0.9615034797947922,0.5009503220169446,0.9222852270881827,0.6049567040745477,0.9950337375644706,0.8306012047819827,1.0,0.9953973593698625,0.9573075895699188,0.8254389329817985,0.9613617376775271,0.6642908996732371,0.10785410062239953,0.936233997731324,0.9089511185434214,0.7385142994642891,0.9250041162280267,0.675459979381548,0.790990026945083,0.9494485294117646,0.8528453858103782,0.8805251369548251,0.7883151666147618,0.36422457477856895,0.5549272932204927,0.9678698770247767,0.8819444444444443
163,0.898372803257997,0.9624174585501791,0.37177957854106586,0.9373819163292848,0.8088042099895456,0.9875064090567036,0.718624174710784,1.0,0.9343763216784725,0.8950003871829237,0.7552218473136153,0.9861111111111112,0.7420968399242909,0.13524935043895536,0.5011904761904762,0.8458994647716653,0.84998924287333,0.8797848452775451,0.6703738002050135,0.6819881624966371,0.8537422110200938,0.7941653651715175,0.5591513742373984,0.8529193701695932,0.35968217601190855,0.6903044788963787,0.9148111672239896,1.0
164,0.8259978132922393,0.9478938096765328,0.5627584140572613,0.9272435897435898,0.7147208978211604,0.9894255441717846,0.8415010643350108,1.0,0.9322989389925487,0.9203153716619564,0.7786386721658467,0.9654761904761904,0.7078137492800481,0.033517564435028444,0.514021164021164,0.7844769794860307,0.8849915698000401,0.8310970300577547,0.7346476755567665,0.8176342341943365,0.8584967320261438,0.9143970859395952,0.6478883130286349,0.8854273504273504,0.3669077730832823,0.728922956721709,0.9498264894764771,1.0
165,0.9749661377708978,0.9428108056649646,0.6726804582237038,0.8792553191489362,0.8223786823889002,0.9796755588062166,0.8790350859439288,1.0,0.9670015163313881,0.9299458139319736,0.7546627493471116,0.9861111111111112,0.8489755931403291,0.3171417189744257,0.8072478991596638,0.7475004038650408,0.7971184150486484,0.9095435319115424,0.5083458208458208,0.8871951219512195,0.9603174603174602,0.7912238821575286,0.6166502461743463,0.8670762062855331,0.2436311000955557,0.7197182640899001,0.9645166167143882,1.0
166,0.9897096908939014,0.9527614740794037,0.7121288932630668,1.0,0.7853853501600896,0.9832273750051879,0.8495532254790986,1.0,0.9727355326845215,0.938203640325987,0.7936665637892516,0.9963235294117647,0.937309163059163,0.4218683293794159,0.3475663470516412,0.8885500769544326,0.83323150440826,0.8767556158723948,0.7261930077719551,0.7317641716732922,0.6216154250161603,0.8610654110617005,0.5250086806308863,0.8108151627905799,0.21999999999999997,0.6652154067674314,0.9441554547294482,0.9787545787545788
167,0.9330665800456728,0.9206191398616481,0.6762487111868419,0.92137917259631,0.7249346418337377,0.9836803179983064,0.7357893350444595,1.0,0.9909595877110767,0.9811794489373827,0.7405768813002365,1.0,0.7676665364995535,0.09795667746887261,0.36441701680672267,0.9284821428571428,0.8409428467394595,0.8880279761729135,0.5485795454545455,0.6151328836796988,0.8782271241830065,0.9022249093107514,0.7134475234754598,0.7971658826700844,0.6557142857142857,0.5069093567173778,0.9737927429053819,1.0
168,0.9115874428796318,0.940496547492462,0.5988427227849424,0.8831918669098191,0.6154504282470924,0.9886282017153308,0.6875113674325117,1.0,0.9517244526069665,0.9496209119668938,0.808662595326811,1.0,0.8094664306021497,0.1909903384904464,0.5355571071515345,0.6322614791426852,0.8452162304128319,0.8374096144219876,0.5376568824129799,0.832875650260104,0.9583333333333333,0.8838500491386204,0.6763472470574503,0.928363689973597,0.058823529411764705,0.5973847333559161,0.9181163635213206,0.9669202592279516
169,0.9081821617535903,0.969933341540369,0.8497902754296616,0.8934343434343434,0.6530096184400749,0.9637081812867054,0.7816270132079858,1.0,0.9919593476803719,0.9482341653350499,0.6639953580815834,0.9073260073260074,0.8682705064821739,0.11670411508524367,0.6606823248373771,0.6980976341460212,0.7744515990079229,0.9229486537343532,0.6912060244205428,0.7942558528428093,0.8581620458891013,0.792992210595406,0.8191167404581969,0.8105684878307161,0.09471701718200538,0.6478254817594264,0.9613255284397781,0.9888888888888888
170,0.8644852486101664,0.9737713899371271,0.6680267193348589,1.0,0.8057526785537298,0.9902794445432938,0.7860858842160484,1.0,0.8976400372625188,0.913600880786625,0.7370720094408094,1.0,0.8054363945054174,0.29166666666666663,0.550595238095238,0.6307236778138359,0.8661824742991606,0.9019302587043911,0.5241873557243448,0.9117155810069195,0.7519193857965452,0.7785619956208694,0.7306381859134279,0.9726254138018843,0.3325140167367539,0.6091650698015177,0.9663653792002649,0.9999999999999999
171,0.9930555555555556,0.9608082774143369,0.5720381524191014,1.0,0.7656615874527817,0.9913183182800042,0.8707222206347492,1.0,0.9662265453621403,0.9498683182465681,0.6935414512553066,1.0,0.8207858649962189,0.29924218414909576,0.6520146520146519,0.7643437989428922,0.8684560978432165,0.8658463906755751,0.39738105995128464,0.7559967101335845,0.8551587301587301,0.8514424210052245,0.735135815797674,0.8316115341090251,0.5658331136882796,0.7608035257639599,0.9407521963161544,0.9708624708624709
172,0.9086908306009429,0.9596609747366425,0.7014008408985667,0.9417372881355932,0.682725327480901,0.9773064011479192,0.8516842039258882,1.0,0.9219550492788036,0.9587508909468151,0.6751706859372367,1.0,0.834719995078451,0.4790759490232298,0.8833333333333333,0.7829406064828323,0.8805911255902229,0.9090764114544142,0.45833308106035375,0.9018759018759018,0.8352675693101225,0.9008329864749033,0.7281822754940119,0.8889526478825389,0.2618249208009214,0.5819201853258013,0.9725076950136217,0.9888888888888888
173,0.9924242424242424,0.962439478654813,0.5521300489779538,0.986013986013986,0.7153085270669776,0.983504098463887,0.858065132129307,1.0,0.9569698840738781,0.9221934383314265,0.703074482568048,1.0,0.668338862727303,0.28502655128671384,0.5925536881419236,0.6356602137893492,0.7866157078645666,0.8480445702132063,0.23554461018857306,0.6105539715341971,1.0,0.8309737962576637,0.700896108718593,0.8934955648926237,0.21023869330963363,0.5326384060275263,0.9605367984607178,1.0
174,0.8433038028203266,0.928159948961556,0.5729150380343052,1.0,0.6757876648994581,0.9774863593156156,0.897476937424487,1.0,0.8854847238174047,0.8943701734409499,0.7368785887319018,1.0,0.7902419106697188,0.33578120310800846,0.43631701631701636,0.8534830036378023,0.85353383609336,0.8801348188851065,0.7513888888888888,0.7268912883437109,0.9519230769230769,0.8323606778209794,0.5538668445840591,0.8808647561588738,0.3284325209232665,0.6449593289549801,0.9711117486551479,1.0
175,0.9114632599809305,0.9289001237546138,0.4523119565187067,1.0,0.7728958672312015,0.9963999443069207,0.8013697900992763,1.0,0.9750268364360255,0.9500931294974675,0.7699718255528363,0.9404761904761904,0.8706860409268564,0.4385933402370217,0.038461538461538464,0.8584336328224145,0.9165452542516288,0.8761331713882043,0.5751628462035702,0.8018332329286337,0.7901724353779147,0.8746913286465878,0.7494715275920313,0.8193491124260356,0.16999316641210838,0.4404780679601111,0.9522992302703767,1.0
176,0.9430090733065561,0.9479251467747324,0.4000357308046482,1.0,0.7386251968189622,0.9828679713609911,0.898345083629343,1.0,0.9491267666176875,0.9367791673624137,0.6538451811734107,0.9444444444444443,0.7598828998712319,0.5359267698423779,0.7535211198040145,0.8747636166199902,0.7882451089941099,0.8598691833614599,0.7967467912204755,0.8589983650745311,0.9679144385026738,0.8844732823371041,0.7372105595437991,0.97604900546077,0.14169602837983683,0.6585471907291259,0.9647373940054829,0.986013986013986
177,0.9237617402091086,0.95353011986723,0.7593949687302705,0.8076759827608725,0.7873013265115856,0.9739101698400306,0.767036319153741,1.0,0.9812685660275453,0.9376535090217977,0.7190641887247438,1.0,0.7642907609295999,0.39225110376426164,1.0,0.7060706887187151,0.7735249710161202,0.9244389699667793,0.6314575801855381,0.7865273747696117,0.8605200945626478,0.8936263350293515,0.8442471516882577,0.9010377182625986,0.3150381396295367,0.6389188804146678,0.9629704104921549,0.9669202592279516
178,0.987789126106209,0.9489997845316479,0.7905308545365424,0.827480085479101,0.7610507627965757,0.9967418546365914,0.6669214301581475,1.0,0.9158176173069325,0.9479353509226738,0.7347204892851434,1.0,0.6560208801324279,0.31604393739329284,0.6524479181455926,0.789435035503264,0.8260450301084092,0.8801579979767972,0.39559264265146615,0.5871256098131243,0.7777777777777777,0.8618383286434431,0.7219272732356273,0.816715976331361,0.3972594474436329,0.6148839134914966,0.9898134922855215,0.9888888888888888
179,0.9848730174817131,0.9492312157004038,0.8423823549244809,0.7191700948161692,0.7502297382629411,0.9715344453628911,0.8776832294037913,1.0,0.9002388834308761,0.9335113742541158,0.7164062379715083,0.9797979797979798,0.7203571264101447,0.33011695906432753,0.7907522064498809,0.698249133160512,0.8741577075586943,0.8731107777913852,0.7611253108593533,0.7219314116706269,0.7963684736346538,0.7766866033051711,0.5876937498694828,0.6946163720731369,0.17816336480078002,0.4232726526303364,0.9827988303436375,1.0
180,0.9970760233918128,0.9622055184287742,0.6133198834679977,1.0,0.7005394073708301,0.9485106807801527,0.7143313469128584,1.0,0.9459824914880243,0.9347882037985823,0.7729186278610081,0.9752747252747253,0.8130497383516413,0.21310285430232034,0.8409652920179236,0.8382462205533016,0.8487552301461446,0.9139816766842868,0.6850896898515946,0.6917275128119509,0.6862402391564159,0.8026794879782749,0.5172220546086964,0.7409122855966301,0.09904662199888331,0.7767611718262355,0.953412865233167,1.0
181,0.9910714285714285,0.9466226666985991,0.6831889863216623,0.9136437908496731,0.7173276540017582,0.9866983307637383,0.8828106281145633,1.0,0.9464374999430996,0.9297228914708093,0.804496341930427,0.8946503496503497,0.677076842162695,0.13170498084291188,0.6699855699855699,0.8512775913725281,0.9593798761840033,0.8772305712074795,0.768498683688557,0.7693692991494324,0.8908268733850129,0.8692588897534289,0.48309297655519146,0.8855748223153408,0.04091164406732429,0.6463807257283886,0.9401343699483439,0.9824236517218973
182,0.902072813320283,0.9456376156021009,0.747980195193288,1.0,0.870654756051546,0.9871168633672909,0.7247511724862473,1.0,0.9347036620936289,0.9370685626426442,0.7504659968805423,1.0,0.8410091628357881,0.22029430921024812,0.2640151515151515,0.8270508708279607,0.8764108557084193,0.9139240427994435,0.8504331316831315,0.8026954177897575,0.5763442282888378,0.9195165674083344,0.6241631148945775,0.9246675967603576,0.10764191260406095,0.5389849372022486,0.9730027791713927,1.0
183,0.9087469272632406,0.9350898893161134,0.8039138090753947,0.9134199134199134,0.7484403459579329,0.9855153987380709,0.8365634370710331,1.0,0.9641614557650657,0.9134647503243856,0.7475623017156969,1.0,0.8697052651149444,0.29497691035007895,0.6405649540517961,0.7455821515173379,0.9203056994755502,0.9093586440677305,0.7067155594054328,0.6488274571571876,0.9379251700680271,0.9029367144123455,0.6237456546168494,0.9168977786454805,0.0751365151954646,0.7878409073880558,0.9650012251218715,1.0
184,0.9493962600311415,0.9568148828678813,0.4105030196573448,1.0,0.5797246845600109,0.981515039281847,0.796261167439886,1.0,0.9765308405462657,0.9744728392986554,0.5743556689036404,1.0,0.841779869985002,0.3193031268261905,0.4570685997719246,0.833264306990887,0.8325488965261398,0.8776404862708865,0.3835071178821179,0.8807720057720057,0.7580544455544456,0.8759033038276449,0.7340915012146154,0.8994420575247644,0.43439436380612845,0.719236003258186,0.9522255011814037,0.9697979797979799
185,0.9284099920697859,0.9577720080210725,0.5461796835913263,1.0,0.615947748326418,0.9940099373515335,0.9186321440890769,1.0,0.9387134509670317,0.9244119244023437,0.7766681936390355,1.0,0.8077481939510337,0.37728295096716147,0.6958985731044555,0.6075647730800718,0.8383941994815638,0.8972518676365131,0.7169580419580419,0.813454011741683,0.6399800054315721,0.8225292029271809,0.6334168703763212,0.7951246605504294,0.3143283986755002,0.6519457632491342,0.9799262081722617,0.9597163865546219
186,0.9132422272719048,0.951494824988896,0.7707207824081581,1.0,0.7757774176798778,0.9710731017116999,0.6768582388468354,1.0,0.9723091777691483,0.9564978962218231,0.8378799789290541,0.9480519480519479,0.8618040494061866,0.41953905681039827,0.695276435856146,0.7933407573743708,0.8250055183320032,0.9048292600278903,0.6512590187590188,0.8562337022721177,0.7351242654710863,0.8054248887396989,0.7691204855410727,1.0,0.42851846974049324,0.5197447565858007,0.9665418845842906,1.0
187,0.8672064680893772,0.9547352734143858,0.39368699042822364,1.0,0.5974979848469009,0.9866620075006497,0.8710622445334456,1.0,0.9708266339836393,0.9355751292372562,0.7376634412529519,0.9111111111111111,0.6620503685097464,0.5331916696650996,0.6952020202020202,0.8440162298293785,0.8972470764832648,0.924503101907269,0.5891646524830668,0.9494485294117646,1.0,0.8317621998766405,0.756143041517257,0.8438426040681679,0.3520901361210994,0.7266533734398566,0.9711221688400823,0.9722222222222221
188,0.9916743613419513,0.9423052916323514,0.5771592980431532,0.840847102760729,0.643914784771403,0.9874796901970813,0.8957096970355845,1.0,0.9463647229115997,0.9406531310281036,0.8337899615234691,0.9666666666666668,0.6112152692749644,0.3847314112396191,0.6770270270270271,0.497403481594658,0.8346527170702203,0.9003201129116102,0.5927373235272891,1.0,0.8179845700755352,0.9215942341080875,0.793353965046198,0.864452535975858,0.17526436420269403,0.6063931110780846,0.9741005205325848,1.0
189,0.9910714285714285,0.9513066758831932,0.8429668910182103,1.0,0.7593453224879919,0.981531738510286,0.8086882846778776,1.0,0.9058170838273838,0.8803180892690223,0.6548868538485652,0.9419191919191918,0.6817527454968301,0.046548352962826646,0.18578296703296704,0.8571657279229543,0.8372237251073826,0.9272649237500675,0.4243747595631157,0.5192238937295243,0.9238095238095237,0.8605017577949005,0.6594180362152884,0.80770908025083,0.36250206708585053,0.8150592828224407,0.9756865954956484,1.0
190,0.9402585004039068,0.9541362702901728,0.7694706332728525,0.9209585121602287,0.6547399872048478,0.9965220620149315,0.9298146390190384,1.0,0.9824391136265691,0.9500630930517425,0.7333487847316956,1.0,0.7845585800760833,0.2731384640365665,0.5738095238095238,0.7390791870668031,0.8522268188259041,0.8998892707090895,0.3823419403514173,0.8693333333333334,0.7448232323232323,0.8126357747555443,0.7736947347051054,0.6845915218339176,0.5382411190122657,0.46968903876447976,0.9474417605455688,1.0
191,0.8917792394767673,0.9354422753644226,0.6336399875269664,1.0,0.6439363787730956,0.9676297587358931,0.7558501920447716,1.0,0.8650091001408349,0.909871663720164,0.8270615313318987,0.942857142857143,0.7283215465807118,0.2889681916380193,0.5454112554112553,0.7677536749019825,0.8460068394045457,0.8869670438707358,0.4550429599449207,0.951923076923077,0.8184026239066382,0.8611726613982106,0.7231650219045177,0.7666244591341103,0.29377215927037303,0.49168950185578525,0.9449292075515494,1.0
192,0.8384093508286636,0.9621357709943276,0.5350653440690104,0.893199233716475,0.713899127541904,0.976116503748483,0.8201793765973667,1.0,0.9293082464472839,0.9258940568423344,0.7843760376718687,0.975,0.8203064579091727,0.19733645983645984,0.5524204028589993,0.7656898383997274,0.8081150161962596,0.874353810111821,0.458612966554143,0.6048185689094064,0.15269479147806142,0.8321986112534645,0.6837908394289006,0.9044047619047619,0.24182812313243893,0.6567208190393028,0.9753744206271739,0.9866452991452991
193,0.9341701673150943,0.9521674675976388,0.6608198496061268,0.8514063226406322,0.6900955771522281,0.9545429738052083,0.8391431136262957,1.0,0.9338688018448079,0.9590646640644077,0.6992291026654012,1.0,0.6481148527417604,0.35613995818111227,0.3686868686868686,0.8185954340620025,0.827854199947877,0.9233860899458693,0.8291666666666666,0.725611683157363,0.8267686071154279,0.9017106594800985,0.7043066305250801,0.9055651561699949,0.4879862700228833,0.6728862502635555,0.9821217460355351,1.0
194,0.9449732907778636,0.9394249275065444,0.6750804788430829,0.8376436781609194,0.6828924778057014,0.9906288462227489,0.7351032949771277,1.0,0.9038937542774547,0.9299080367069787,0.7310799916744518,1.0,0.7011632938059298,0.26829475193623686,0.8259714795008912,0.8322464324952161,0.7953119476410085,0.8784934774659312,0.6183033051019478,0.8834554334554333,0.35344101449499554,0.8352830382481108,0.8845490307679291,0.8026915378588807,0.3373474073413789,0.8028998778998778,0.9846720184705012,0.9897435897435898
195,0.9277395558613307,0.9400424063460233,0.7591313567117114,0.8955006367023535,0.6721821502186174,0.9955072897292139,0.8396828758426106,1.0,0.9468484110729772,0.9386570601690336,0.7714928790261881,0.9128787878787878,0.8053338374563502,0.36142666856952566,0.8201970443349753,0.8740083132051457,0.9445637564282375,0.8724066409157547,0.6684155739656059,0.7831207353702191,0.7822303230957077,0.8827017914829406,0.7509117028323733,0.8839606199406562,0.2063932002956393,0.6254067549204456,0.9453334935674773,1.0
196,0.9543335452426362,0.9547419378789137,0.6079766263928252,0.9212328767123286,0.5816423511953964,0.9660636340355205,0.8625262848785034,1.0,0.9644214818180024,0.9685966662064002,0.7834255957574512,1.0,0.7542611388122766,0.16888196902100863,0.8570261437908496,0.8423829338908577,0.9079534035953187,0.9084631619209845,0.4516299165421972,0.8233062330623306,0.8114807566862361,0.856808619661704,0.6606806686174121,0.8231074481074482,0.2672365289437258,0.6622983286306171,0.9450720552638716,1.0
197,0.9257725718798384,0.9272129256204683,0.6402651901419357,0.8121635807579949,0.661919010629236,0.9730801870708836,0.88300100638394,1.0,0.9517254397772706,0.9519124994560016,0.7659142637362468,1.0,0.808643950420376,0.14984341708565885,0.5991452991452991,0.7382283172252121,0.8575025055814485,0.8956631859252171,0.5319450958365702,0.6386946660706122,0.5478590385432237,0.8147815339725656,0.7819478277635235,0.8546250684181718,0.572700542260259,0.6953166935561744,0.933414809892039,0.9999999999999999
198,0.9598646034816247,0.9587414004109047,0.6009738448166301,0.9149689161860535,0.6986805555190855,0.992055104859716,0.8419584503598416,1.0,0.9747264824752696,0.935724714734496,0.8140498580125308,1.0,0.8208580809741801,0.4921016483516484,0.9150735294117647,0.75214121786346,0.823612735689208,0.8563207436801634,0.58507104007104,0.6348223438039637,0.6746619073996422,0.8426172145554063,0.6627273628043364,0.8049560608882643,0.14520527357948626,0.509235450493067,0.983893562134909,1.0
199,0.8746185657935854,0.9653125320148889,0.7510345156369184,1.0,0.7238077614290839,0.991728325615683,0.8895099313229892,1.0,0.9636756527547812,0.920881863896539,0.7963155227170333,0.928409090909091,0.6442935629176026,0.2255498428548074,0.5427757934336882,0.7938138941186519,0.8162252426958309,0.8937006401119485,0.5957722832722833,0.8695485110470702,0.7367464360506171,0.782002173525883,0.6482733640615242,0.815662831791864,0.4447306702631032,0.5290398580023249,0.9645608966356767,1.0
200,0.9467375389202014,0.9479270641002383,0.5381714732653811,0.927653488173512,0.7125394241900511,0.9647351545727398,0.6863499021524896,1.0,0.9439985344079058,0.9060276755735716,0.806962306137044,1.0,0.8049039476963256,0.42738000389020014,0.8596752297410191,0.8255651898142271,0.87998881452495,0.9305231675195019,0.5473085278110652,0.9714285714285715,0.8494130869130869,0.9076026672998359,0.7446698862954638,0.9797979797979798,0.3501185914979018,0.7164805146562402,0.9581728742136653,1.0
201,0.9437042869278744,0.9659349777122839,0.6623037066739387,1.0,0.6921515412417468,0.9756003978166088,0.8513184418918316,1.0,0.9788742703208457,0.9711630330837858,0.7716332753303693,0.992156862745098,0.7233336824171546,0.5694444444444444,0.6445300342359165,0.8379344456142153,0.8994396218080428,0.878539909628909,0.5799188682322243,0.8714338222424476,0.8754028372106792,0.8992746749015454,0.6423555461873768,0.87674003627951,0.4285350678733032,0.7005646285201597,0.964549123771875,1.0
202,0.985702614379085,0.9580464793432969,0.6165966244382461,0.9371943371943372,0.7629405341301714,0.981599199217917,0.776161318319379,1.0,0.9193713128381323,0.8860670927143255,0.7548329362977122,1.0,0.6425145716273092,0.2555768756988269,0.4314479827018527,0.79733598828177,0.8654056738113038,0.8713479959136072,0.48387362345257084,0.7189033189033188,0.694451979558563,0.867038617706977,0.7213348923453211,0.7832179141080371,0.12456822851083571,0.5536126404728716,0.9846126934934002,0.9888888888888888
203,0.9586138049319362,0.963733950158452,0.5886571105842964,1.0,0.6318195839555368,0.9587194587499914,0.8225768957593259,1.0,0.973018468402464,0.9180100557608192,0.6656397919484252,1.0,0.7774556217290346,0.5630263715210465,0.6754578754578754,0.7740095441404024,0.8509440172031415,0.9254376165405791,0.7916641103228833,0.9344405594405595,1.0,0.9279248388116285,0.8304061183566617,0.8917666363591128,0.023902928279150713,0.6782925030063837,0.9498554564473263,0.9759432234432233
204,0.8447513135013134,0.9601309998204351,0.48747827041020847,1.0,0.7710883962968762,0.9817985465182075,0.7856058337114412,1.0,0.9122453082647217,0.9146911793872311,0.8656044548058077,0.9659090909090909,0.8547355787487367,0.1448650115316782,0.6838663544659896,0.8459007631431712,0.9488315383052224,0.8029450998067262,0.6857971122888735,0.8917378917378916,0.5843340631478675,0.9119938530082923,0.5804632774616215,0.7555738914144654,0.7518621973929237,0.5504114211880171,0.9146320073647688,0.9789786347231201
205,0.9752747252747253,0.943916177886728,1.0,0.8649661207427574,0.6845652234529424,0.983148952213607,0.8009417843369755,1.0,0.9289820057477283,0.8988011959436096,0.8112670138378284,0.9765432098765432,0.7493223421572197,0.5702139377524487,0.6135490559860308,0.837714242588531,0.8776472346039199,0.8970246760510953,0.6162518037518038,0.9299999999999998,0.647210559218537,0.7908981777694059,0.7733883699373628,0.9102768576452787,0.4620761421319798,0.6654948982154507,0.9646721392630023,0.9958333333333333
206,1.0,0.9296131652304641,0.6082994386173907,0.8436175062526798,0.7504003441511738,0.9745721293371863,0.7667666462205533,1.0,0.9267825513519442,0.9070750937125764,0.7733799559054493,1.0,0.7324703535947528,0.36793496372477696,0.5963309566250743,0.8025854083143262,0.8926332314711352,0.8006417249578364,0.41916883731822074,0.75,0.5956296992481203,0.8929251248862343,0.5443772772223141,0.7959350343983216,0.46835967198870426,0.5184159756453496,0.9371428391042704,0.9595404595404595
207,0.9327088299627735,0.9420232084521353,0.6342625272304937,0.9357053387847706,0.6544070911343253,0.9692745289080287,0.848180165286739,1.0,0.9271749370952398,0.9147751992399545,0.8067565519717069,1.0,0.8245502029331199,0.541147041834327,0.3343938946625073,0.8669271815889675,0.8842275763900478,0.8982693946395289,0.20668157349602279,0.7134941364105452,0.6842659461917143,0.9014517232335413,0.8166460247165946,0.7510941128588187,0.3180875407150466,0.31725466610211506,0.9623986778346756,1.0
208,1.0,0.9385145463157452,0.6246976115299571,0.9137708052181736,0.7878215764449825,0.9771185882295547,0.9226953847727914,1.0,0.8684782285189927,0.8724540513118529,0.7385797227124719,0.9697979797979799,0.8567822551863497,0.3359868490682444,0.5204525089605735,0.6682932930966311,0.8700069952390965,0.8146020279209879,0.7366259666259667,0.858365520882541,0.6035255746134071,0.8785337202949943,0.8197536211040768,0.9672682709447414,0.28441788955725006,0.3629749329317145,0.9510552309736388,1.0
209,0.9478787760783127,0.9529946460091834,0.581246315344571,0.9278361999821763,0.5370764436012054,0.9531500217022566,0.7718978968252669,1.0,0.9850391693320354,0.9383610989807217,0.8004265388829268,1.0,0.773227682199191,0.46555152363975894,0.5751748251748252,0.8689092868323355,0.8250964958000064,0.8876044837045955,0.30467723066407276,0.7204606866978002,0.7195206496110697,0.9190234874188841,0.7146946175801315,0.7278775944189478,0.417882575333607,0.6471780354847038,0.9698636091327738,1.0
210,0.9212564678290653,0.95371037519882,0.4774849244253525,0.9209585121602287,0.7530017245399004,0.9953899869047327,0.8326336677001531,1.0,0.8799323619100513,0.925155809239941,0.5896993740551604,0.9682539682539683,0.7375708538011325,0.4118546257979142,0.8777167277167277,0.8514724246763135,0.8344730550734656,0.8872896862631114,0.6149575862733758,0.5145211151251491,0.9218115218115218,0.8139213057753394,0.7139385851592519,0.8794211344211345,0.5199341238471673,0.6342219190440966,0.9485484509449257,0.9852889124255426
211,0.9434106098579782,0.9608881044871946,0.5973572831369359,0.8612580834803056,0.7144794856213544,0.9922688306812851,0.8820060409641917,1.0,0.955425904616198,0.9396665610109879,0.7289595036020845,0.9651515151515152,0.714148983383442,0.10639589169000933,0.6531746031746032,0.6574668289335539,0.8281839951389232,0.8809421216041016,0.7073141144569716,0.6492152847327641,0.942857142857143,0.8314889880890886,0.7900226782170217,0.7925047382136934,0.5603864734299517,0.6727637089713709,0.9507125477123218,1.0
212,1.0,0.944733828297693,0.6971595881672232,0.8668384214060643,0.7004693822719131,0.9829186641034318,0.7966967923200275,1.0,0.9448404477142468,0.944454869574063,0.7801561648304275,0.9166666666666666,0.7478227649037998,0.276077760537255,0.8098214285714286,0.7979948359226744,0.8977921567538103,0.897418273450158,0.4182150780025196,0.6568764568764569,0.6785341825676012,0.8884690667763462,0.7703446805832516,0.855277081592871,0.4253961967215619,0.5942908565828942,0.9253493318399505,0.9999999999999999
213,0.934702842377261,0.9562385433417637,0.5817721261343046,1.0,0.7217956728811545,0.966524179159505,0.8288531422766865,1.0,0.910563077202761,0.9111362528018263,0.7557166691440458,0.9797979797979798,0.7466429218751199,0.279193695729263,0.708888888888889,0.8870649946803543,0.8590514193327404,0.8656465127856288,0.8249597423510466,0.8386976610514214,0.928409090909091,0.8713834268799502,0.7855552324916819,0.8799333572410497,0.4209417589430253,0.7483016775847959,0.989918048859533,0.9924172794117647
214,0.8755482566220252,0.9256137930799256,0.654988972793857,0.7853476126729138,0.778185467281449,0.9858115535485573,0.7712430205989838,1.0,0.9312183506784979,0.8898857363469395,0.850742224537997,1.0,0.8729990336937359,0.3628830107090976,0.2906304798342101,0.7870533838050285,0.8063712179604632,0.8284178112819364,0.6417666089510109,1.0,0.696978266831208,0.7994233209781197,0.8793651980174594,0.7672897472897473,0.44087905378123127,0.5207651107136917,0.9544861621911527,1.0
215,0.9349062702003877,0.942794267839327,0.5305939403812523,0.9129971590909091,0.7464821004441248,0.98234791884214,0.8237593600855784,1.0,0.9886865648566613,0.9354993044608484,0.7867549008980522,1.0,0.6864746788287681,0.3489317627258563,0.7678571428571428,0.6948648587307186,0.7795023023480471,0.8776513147201798,0.6055854140412964,0.5814060478047366,0.13288288288288286,0.8125333173654553,0.6766646953333555,0.9442223039939934,0.7688235294117648,0.5607737680649558,0.9531610458581876,0.9999999999999999
216,0.9555555555555556,0.9595878284126128,0.551416890369568,1.0,0.6896375218925394,0.9794633354448976,0.8159712528587197,1.0,0.9361176228757271,0.9585477654128663,0.7783667778329236,1.0,0.8223244070542011,0.3322358138292736,0.8087290160819572,0.5919569131116318,0.9100087353186985,0.8447493299648071,0.8854615050165828,0.7127049448451167,0.9412878787878788,0.8582859015091319,0.5180523462878878,0.8368324785236552,0.3402531985150614,0.8976526969533963,0.9813460311572786,1.0
217,0.932514643212033,0.936665572526301,0.341208490269276,0.7109280152811976,0.6827412987110966,0.9656634389103913,0.826854086108062,0.9999999999999999,0.9736455903115963,0.9684950271577472,0.8053546226717182,0.9603174603174602,0.8674360597042156,0.5201388888888889,0.6253384216589862,0.7455557422207493,0.7350719132215182,0.9146863309057607,0.7721159792588363,0.6739709712649303,0.8207810707810708,0.8822149157846648,0.5463217174974226,0.8197038554191869,0.7333333333333334,0.7959932021877816,0.9717924842294802,0.9833333333333334
218,0.8996730085945089,0.96634860314807,0.485867184650565,0.9765432098765432,0.7624122042057079,0.9838394389105111,0.8860868604863698,1.0,0.9497792745424867,0.9058438354160657,0.647965377729914,0.9861111111111112,0.8474617302750288,0.37307579371532856,0.5521680216802167,0.7685647268354034,0.8482548229738935,0.868961762276078,0.5602828792212355,0.8776525198938993,0.8409090909090908,0.8923502324694128,0.8134788321104991,0.8529537710315742,0.18752533319712553,0.6894344040049455,0.9601182571174014,1.0
219,0.9247455141476881,0.9320118732537849,0.7418622441418924,0.6739261141435055,0.6955059957813889,0.9837703510725062,0.8262469438383093,1.0,0.9626446290242181,0.9009155361575596,0.8476335529090383,1.0,0.6810968804310154,0.15493964243964245,0.6479374110953059,0.6742162407484988,0.9036158761906438,0.8680046453128102,0.716056898348565,0.8043359872419267,0.8661187793830982,0.7930495182111515,0.8157200616161697,0.9260651874005911,0.42045720347828075,0.5797384968173901,0.9426921479217959,0.9328843995510662
220,0.9567522468223615,0.9704517170939463,0.5151044269466144,0.990909090909091,0.7025559783422032,0.9728477028077582,0.9283110655096773,1.0,0.9552693224651884,0.8795310823334381,0.8145276176460456,0.9651515151515152,0.7803588367912269,0.0758068130883012,0.6783333333333335,0.8295451284114864,0.7557927081360476,0.8643695541180182,0.6613786307501129,0.7937332937332936,0.5680405931753524,0.8425401654217214,0.749652345587786,0.9028737000873224,0.12042976493911073,0.38598616823839044,0.9483024080038789,0.9537087912087913
221,0.8391741568981763,0.9318075416035976,0.3447017546896142,0.8374485596707818,0.6701478998971141,0.9688487410185301,0.858155323647651,1.0,0.9531166018211656,0.928236709938551,0.8672004634411421,0.8755411255411254,0.8000790498699454,0.39783782171000215,0.8412750285299305,0.7669893754700163,0.7616701016628601,0.8603967623032844,0.6423238001494304,0.6374534864384677,0.801930501930502,0.8637539395482771,0.8032196708556643,0.8405301773819576,0.29215002305343557,0.6771032785737396,0.9359558085056414,1.0
222,0.9091130604288498,0.9594669964981939,0.7992725089612803,0.9328267477203647,0.6553689952521208,0.977325812129102,0.8950105820775256,1.0,0.9418708469732587,0.9190244104500597,0.731436617605821,1.0,0.7129161953960323,0.21341459466459467,0.6734920634920635,0.7815814419921864,0.8895960560337496,0.9223504733344101,0.7895042991196837,0.7932385160637024,1.0,0.7837051768891651,0.4599297711590851,0.6814121459656417,0.23365791969478605,0.67567908450468,0.9553123865632241,0.9583333333333333
223,0.9420881381992493,0.9589906497870646,0.8026937662508331,0.8932367149758453,0.790594724239547,0.9867194300581168,0.8533915220752162,1.0,0.9785236696806292,0.9294950127741953,0.7756112222206977,1.0,0.6503739499115981,0.33221840689920945,0.6993134469696969,0.9701923076923078,0.8731363876511467,0.9458905202325527,0.47502484169150827,0.8026666666666668,0.8613055019305019,0.8659968963351122,0.7180740883627978,0.9061773935772726,0.9,0.7654818546506202,0.9555218531589165,0.9846415489272632
224,0.835870821835734,0.9210530974806532,0.6329104418883086,0.7629681821292296,0.6855202347999182,0.9759903384395193,0.8123342000025757,1.0,0.9501243156920505,0.932612093153314,0.833019319478791,0.7271825396825397,0.8278213312070215,0.3310130558544725,0.7962262426900584,0.7936827455875796,0.904411918639084,0.9142271128850377,0.5294164201383947,0.8945419103313839,0.8257575757575757,0.838743613440752,0.7577066576087746,0.8575688301636444,0.34686410215140295,0.5218359938211994,0.9787258542399242,0.9861111111111112
225,0.8596590036409041,0.9317856668819966,0.6615097031156151,0.9897243107769425,0.6934301896156322,0.9852146436184706,0.9036555662794945,1.0,0.9286485331262732,0.9297626323150556,0.7894102404312644,0.9846415489272632,0.7650989918546787,0.43797691110752723,0.5283344247459081,0.8939551189034949,0.7891131676904264,0.9043910502655328,0.7552725052725052,0.9603174603174602,0.7431319832097246,0.8139063653472146,0.6954303968492931,0.8493329481401275,0.5407647907647908,0.6096219586507126,0.9633291290501736,0.9901360544217687
226,0.9589457550996012,0.9159885472713051,0.6297381057078191,0.7798794859802818,0.7251594297290793,0.9796087808745483,0.9120371580502447,1.0,0.9439729914421569,0.9512818144278156,0.7482860412850126,0.9595404595404595,0.756445825386363,0.12246749375942548,0.6944444444444444,0.7236614533217648,0.9218584978752443,0.8819031286048127,0.7505003263931835,0.646742197031159,0.8211876529267834,0.8961719215646458,0.6182584025040814,0.8463142221762912,0.41955479731663936,0.5984535657697422,0.9416527153001724,0.9916743613419513
227,0.9412131519274376,0.9592644093187915,0.3699387357282094,0.9208683473389354,0.6461618932910761,0.9875860337277437,0.8043988428873152,1.0,0.8538429072310756,0.9190701533553579,0.7231433378696209,0.9841597796143251,0.8658064813508244,0.24024025066496527,0.6053994668042656,0.6432386395360518,0.8978897170921999,0.9401057779783583,0.44455902390685,0.8638781404034482,0.851427179058758,0.8751869230718077,0.7375271898674054,0.8768170426065163,0.19716849427635635,0.6412951052226292,0.9540157308136529,1.0
228,0.8525347418632336,0.9508454511428096,0.6168292723044035,0.8439681897336017,0.7181330866837995,0.9863575262976252,0.8333007876202667,1.0,0.9881822434774077,0.9569175469595605,0.6576182814696989,1.0,0.828137891071825,0.13320655366175144,0.4736402486402486,0.7372421295353626,0.7087575105292954,0.9143731126213338,0.6812488194036097,0.5987994921497848,0.9519230769230769,0.8458631581751497,0.611610976448339,0.8228335674808167,0.4410467127834587,0.5353626882708739,0.9595929597565362,1.0
229,0.9409711332329205,0.9458018503180634,0.5065207915908205,0.8693029780209303,0.719454992598847,0.9407532601848125,0.8796068379088898,1.0,0.925524054710536,0.9342269410531059,0.8076910931514304,1.0,0.5424441037504293,0.28206639375117637,0.5018686868686868,0.8220348413411495,0.8185216885218689,0.8728705660308621,0.5654761904761905,0.9666666666666668,0.603003531709986,0.7624125344061388,0.7200008708629543,0.8418408263591739,0.33605138449693184,0.7042134365659842,0.95639223574824,1.0
230,0.9056179775280899,0.9139451395778189,0.6675316506324005,0.851068376068376,0.6965345042735704,0.9739859450349048,0.8506057282861447,1.0,0.9473503712557044,0.9012372722166915,0.6786297609333637,0.9,0.6735124251554243,0.28468143081332536,0.34111111111111114,0.6579345675646404,0.8948987085733378,0.7760249829991088,0.3203013763644993,0.8908516141392854,0.7879476079476081,0.8209728518078885,0.725925183804351,0.6155790879761938,0.6855555555555556,0.5371403953226888,0.9510903249894627,0.9866452991452991
231,0.8862716417266326,0.9529935152317086,0.7773517817818383,0.9044444444444445,0.7082790028834189,0.9977967136069903,0.835627554533027,1.0,0.9543367818733804,0.9376368855272106,0.6938928188747503,0.9888888888888888,0.8409955583868627,0.2188099670809159,1.0,0.7371744475177754,0.9011876884874594,0.9150546536036661,0.38997607655502387,0.6854830004497676,0.9659090909090909,0.8982758380687258,0.7661464814872228,0.8400404040404041,0.5459833402388359,0.6449430234667133,0.9536060053455054,1.0
232,0.9494525315689732,0.931851236991893,0.4654752600801752,0.990909090909091,0.7729712557957348,0.9940760949617987,0.9012513866763547,1.0,0.9754527944958619,0.9748908474936887,0.6264121958566581,0.990909090909091,0.7766726730079773,0.32677915109933087,0.7729661645359899,0.7769798804655662,0.8084984903294202,0.8670569109330615,0.6734367830624515,0.8791666666666667,0.8274170274170274,0.7568114793761855,0.576763336077917,0.8154241372141076,0.6468830508563606,0.5294278326241815,0.9177157558200884,0.9856737793156478
233,0.8947457770987183,0.9466015783046086,0.6670486425562071,1.0,0.7444567812287559,0.9665954982314184,0.8537657397619343,1.0,0.9585055002733487,0.9300903462906703,0.8738340374712856,0.9752747252747253,0.7447156649855964,0.3879030910609858,0.6925170068027211,0.7667160246637118,0.848762992914855,0.911139075801487,0.5756856857498487,0.5685634333200665,0.4216462874357611,0.8641939136325911,0.5812317898798192,0.8010634245928365,0.05846153846153847,0.5767904765519213,0.9730759567795599,1.0
234,0.9810244764687108,0.9701572255465039,0.6519840102801563,1.0,0.7166138772249189,0.9660428017507267,0.9153118557087582,1.0,0.985685187094298,0.9319475575509939,0.8238664148731685,1.0,0.852112283428119,0.3782967032967033,0.6835732742709487,0.9010193916398088,0.7229807969163253,0.85028844805599,0.6892440860345531,0.8917874396135265,0.9480519480519479,0.8173556486017742,0.6888519391572523,0.6705934735164261,0.4433223209538999,0.5954628043284568,0.9662892974690728,1.0
235,0.8652606182334248,0.9661589090761687,0.6849950933900852,1.0,0.7903194259173203,0.9842898074175261,0.7551381301960305,1.0,0.9697776175176542,0.8907039158514978,0.7469909654158859,0.9841597796143251,0.7926125329857454,0.4448933887977282,0.4407407407407407,0.867832735357992,0.7576295459790885,0.8870384514598884,0.6401396316102199,0.7615557065991764,0.7575757575757576,0.8664824614562059,0.5956126446964315,0.8572060097351437,0.473766010784182,0.5042404093385918,0.9601553386570142,1.0
236,0.9676151884902567,0.923658390118883,0.5286695459071686,0.8928729526339088,0.7168906843073586,0.9787810036921315,0.842592772363917,1.0,0.9180255860804537,0.9536727143601643,0.7951904753454245,0.9722222222222221,0.7617338216813543,0.31757259001161436,0.8829766724503567,0.7790428936197771,0.8144521301798517,0.8467608970884144,0.8115545187526612,0.7370628468189443,0.7054924242424243,0.8237768545807279,0.8899246651878773,0.889836041548354,0.18963717331112062,0.8542850492751426,0.9439643202382346,0.9866452991452991
237,0.9604117267830021,0.964167056945382,0.49688051929218907,0.9761904761904762,0.7571749511776511,0.9590687528142507,0.7127759796290832,1.0,0.9315897477323009,0.911502171707489,0.7771844202616925,0.7392857142857143,0.8400249728688264,0.1517857142857143,0.2838383838383839,0.8589864011846278,0.7650348513407046,0.799071781206211,0.42329911518674884,0.9494485294117646,0.54367379832537,0.852886875138371,0.656574901077392,0.8994442267519503,0.35054677008982654,0.6810186118832705,0.9385222195546211,1.0
238,0.904872254737192,0.9573605599100911,0.6721296773631182,1.0,0.7229147279759738,0.9672368416549058,0.9096473883671116,1.0,0.8291497744241096,0.8806752504177566,0.7926786769832186,0.9949874686716791,0.8719186452305729,0.3144510768734371,0.8058132343846629,0.6225952203898343,0.909263842451546,0.8012901469314665,0.5159633418584825,0.6434588093073539,1.0,0.8371232644397362,0.6251308292439781,0.8839129327620376,0.698882652435284,0.4444820055888571,0.8908100514131896,1.0
239,0.9096840659340659,0.9388933583293706,0.6779966845560639,1.0,0.7232267234792921,0.9893852988515428,0.8804677315671771,1.0,0.9709166854121588,0.9476710061596886,0.6842090171755677,1.0,0.7425152086239729,0.04505114053186826,0.6216117216117216,0.7708911277677908,0.8517839802111956,0.9361872389691511,0.5140248875193457,0.7922097048753897,0.6744871873241579,0.8790252564540004,0.8015555200580406,0.8608163866784557,0.4685323383084577,0.4947618656129554,0.974259498626031,0.9841597796143251
240,0.9932718185313341,0.9189193499059597,0.6008279477978756,0.7198254960156146,0.6179361973486124,0.9751337276575368,0.8609625497864241,1.0,0.9352151171628893,0.9372064858186162,0.7503611721717904,1.0,0.7539724689649017,0.17811872881640325,0.7641543641543642,0.9234175320521159,0.7781667141659794,0.8059461341076564,0.39148721988795515,0.9625,0.8915084915084915,0.8565446745761713,0.737252311998213,0.9053255073959409,0.2550471770510192,0.5148890136941399,0.9534405889315365,0.9695567810457517
241,0.9351602446878035,0.9582615635200955,0.5551228715094423,1.0,0.8473827706400968,0.9675730061451066,0.9817151906254643,1.0,0.9300253043682482,0.9268197654867635,0.8086117743873728,1.0,0.7964629773405485,0.49004884004884003,0.48049450549450545,0.7746459502161793,0.9250963871131023,0.9431972508204689,0.7525394262434528,0.8031696374916856,0.7893539539341066,0.8257896918151506,0.7129265210546455,0.8533096723988253,0.8,0.7358261251206429,0.9580874754306399,0.9051066217732884
242,0.9055758524413617,0.9477459670365073,0.7340676318401684,1.0,0.8149198282863503,0.9877500089294415,0.8270465579988309,1.0,0.961651124068269,0.9480696855583397,0.7553448737342188,1.0,0.7930310619354256,0.20112560054907344,0.6812074829931973,0.861263449251038,0.7415786438160136,0.9172222233781309,0.307324577543102,0.5778233540352605,0.8942186862505099,0.8893373781052781,0.7064881326930309,0.829727750881597,0.3897387440598106,0.6236294380194057,0.9618316569154979,0.9901360544217687
243,0.9610299422799422,0.9430235161511548,0.5944026255264373,0.9897435897435898,0.7000667114335835,0.94945901754206,0.7462980142864901,1.0,0.9405982028537636,0.9153483013276429,0.7156336157031318,0.925,0.856590566677027,0.4958219699396662,0.8269230769230769,0.8413965254893413,0.8227941199873422,0.9134243813350412,0.7631358225108225,0.651985151627239,0.40459624441683684,0.8335195161276961,0.8482681880772638,0.8234645839687855,0.7518281535648994,0.45979616219004354,0.9890311659344188,1.0
244,0.929249762583096,0.9516734718463993,0.7067829478017401,0.8945454545454546,0.6910465808109522,0.9673209983985929,0.6749813266914805,1.0,0.9878063499457351,0.91540939376296,0.7189438318998803,0.925,0.7790307365300737,0.5317344595640946,0.7655169930875576,0.907135705267063,0.8307623912035678,0.9429255263488272,0.23682877406281666,0.9472222222222222,0.7813181459385898,0.8582372157830803,0.5732230656108639,0.8196440012522456,0.45195826188114885,0.5915398223885662,0.9759067753146473,1.0
245,0.9375807915758897,0.9156169123260077,0.5196068492223626,0.8746716504920956,0.7409346554323533,0.9711054626532888,0.8915593810213595,1.0,0.9521247977409364,0.9637582603605875,0.7156632938028674,0.9666666666666668,0.6959776334776334,0.2915242781503239,0.7416056166056166,0.6811052805692518,0.8095152190770947,0.8786844051259006,0.6664544930428873,0.6131021087768055,0.8672893772893773,0.8200015800686145,0.750912916749398,0.935955710955711,0.5008682672421144,0.6554829206573745,0.969588591603891,1.0
246,0.8922308487580924,0.9619814634001193,0.6920602943532723,0.8537996974251956,0.6520414085040177,0.969128876980532,0.9307317522215945,1.0,0.9346124041125159,0.9538958478301486,0.8197524719372191,0.9575757575757575,0.8446840694122488,0.4422563230420373,0.7144957983193277,0.7032877280974023,0.7192930407151218,0.8050328502558419,0.7052100193088564,0.9128787878787878,0.859111361079865,0.8398298225532632,0.6970102511657212,0.6978968286534075,0.1110654298502719,0.509514612410014,0.9804585739347819,0.9651515151515152
247,0.9815359477124184,0.9319489116528584,0.5028151707544286,0.8656194450884921,0.6781122055272408,0.9964633490041572,0.7701398277110991,1.0,0.9539188576768403,0.9261757060109677,0.7363683304759285,1.0,0.8174124972624212,0.28906048019882735,0.6433046518395981,0.9081518819650232,0.8566391734396159,0.8622461650954573,0.48880291649278984,0.8909527972027972,0.6399590019085318,0.8317116549803502,0.5593872701276662,0.7467712643548335,0.28850146876932586,0.730321532246043,0.9568526497998463,0.9626543209876542
248,0.9891280257777033,0.9415457620408085,0.7365480060952231,0.9079955314395148,0.6726847965034144,0.9812023671965955,0.8768248197324308,1.0,0.9270819546280279,0.9283175050957265,0.6487818196823236,0.9866452991452991,0.7062733724684148,0.16151801628953977,0.5919988194424285,0.8865397039978171,0.8270758712698392,0.8525039054942827,0.7959411726122958,0.9805194805194806,0.5681825482301354,0.8428110759186506,0.675455603004449,0.8339489004102051,0.6842105263157894,0.5248869991130521,0.9680557820148297,0.9833333333333334
249,0.8824643293327253,0.9754625795764219,0.6008308615344687,1.0,0.7382969103669818,0.9764645921641111,0.8416796150369329,1.0,0.9993842364532017,0.957695309123,0.6573129194178089,0.925,0.8301556597197741,0.5478202678258839,0.5262602476888192,0.7907795455697705,0.8389075108957439,0.8801093765060524,0.6166682201371196,0.8524294333117862,0.6537070748193455,0.8653491353649237,0.6603713204778067,0.8633626177743825,0.28746628407460545,0.6013276684989708,0.9624050625845334,1.0
250,0.9698105761641672,0.9433923814118316,0.7100438350230523,0.8759861620401389,0.6794625736191346,0.98842944219688,0.8722283359663751,1.0,0.9428291664017323,0.9339714352299499,0.7343214239521234,1.0,0.7675209765902272,0.22304979927008786,0.641890243902439,0.7046554167644938,0.9044833274576303,0.8759235684810256,0.7136046133853151,0.9519230769230769,0.7149678259233152,0.8027566616352464,0.6618793651753031,0.8586850843349549,0.37928584277747796,0.6146303545098929,0.9854165823443839,0.9419191919191918
251,0.8287468778063024,0.9367862315914227,0.5028563586454693,0.9203431372549018,0.7937910980831033,0.9746514370347168,0.8664294420099505,1.0,0.9414196163132565,0.915587428826209,0.7467634045592159,0.976923076923077,0.8314894032558351,0.10867302508811943,0.5879464285714285,0.7335810352345165,0.7585117731646771,0.8669882433051219,0.5754583773483295,0.9659090909090909,0.8714285714285714,0.868754561228253,0.7286564147844339,0.9203781512605043,0.4570632402333341,0.5529190287742609,0.9460407459333409,0.976923076923077
252,0.96215398395439,0.9287160936075057,0.6383562707510022,0.8964084343863443,0.7382057695888785,0.9772549087955852,0.9382240165619389,1.0,0.9287435032926001,0.9246448104235997,0.7374725767590905,0.942857142857143,0.7755518969022714,0.21737875460831532,0.75,0.9053463177454906,0.8587913232761932,0.8250308034648117,0.6482284287118771,0.8235215874059121,0.9484126984126984,0.8540989864202126,0.7611188854975504,0.8674358974358973,0.09198690270581461,0.6486876912687353,0.9676060429831945,1.0
253,0.8419760040095836,0.9334318728247849,0.3999469824905692,0.9935897435897435,0.6683958831789416,0.9655924809578336,0.7145690645238216,1.0,0.9535566234860314,0.9041945547505168,0.8107769737273456,0.9651515151515152,0.7894170169384265,0.39342477619488914,0.5442401960784313,0.771980795692096,0.681728611530756,0.824796110167817,0.6364174402275696,0.934981684981685,0.6778714512177547,0.9332057337475009,0.5597993015182807,0.8873637800108388,0.10297174277183016,0.6121424956324865,0.9245578195756456,0.9935897435897435
254,0.9044982479967001,0.919480850271442,0.7504535456373693,0.8660375911008823,0.6807482303846281,0.9728582549416857,0.7039827889401921,1.0,0.9644999597741507,0.8885933449832805,0.8217015586829747,0.9714285714285715,0.7252211255693011,0.12850196697675798,0.5681089743589745,0.6673774047370233,0.7451717462864766,0.8890038907262912,0.5723356009070295,0.8134920634920635,0.7727601156069364,0.8380583363627482,0.8215698785834953,0.8389687416341828,0.09442409442409441,0.540612560792605,0.9438035827028064,0.9873949579831932
255,1.0,0.9534319505128284,0.6914082520097558,0.8928258967629046,0.720845592585625,0.9913445574289552,0.7494708547887701,1.0,0.9730645274080901,0.948949546410061,0.7617649543483428,0.9791666666666665,0.7985398576304062,0.4408639424418984,0.6508838383838385,0.8010984542625662,0.86356154518545,0.8544977830384285,0.5239027944181907,0.9054707664361551,0.8190733590733591,0.9128380940694768,0.6764369280553582,0.9224386724386724,0.11639747214092948,0.5750508521399905,0.9476540613127616,0.9771241830065359
256,0.9553603685597394,0.9244139934510147,0.42209686548738923,0.9133462282398452,0.7560841581819648,0.984133687063684,0.8264791033350761,1.0,0.9624211055338471,0.9460949844343997,0.8143109951582856,0.6178571428571429,0.8492004205267396,0.19536999944101807,0.427854133800442,0.7137954121042356,0.8150288499628917,0.8212949251068513,0.8338733445222992,0.6077304583752583,0.8398183219108144,0.8275705206884485,0.7594711653521642,0.8580874311580385,0.39341789992952786,0.6078202806788,0.9236872538241815,1.0
257,0.9558823529411765,0.9162823147645275,0.651435097426537,0.8863327771614226,0.6939661913151994,0.9871603140507541,0.8205449542406065,1.0,0.917410876314778,0.9089803485950064,0.7412392965384701,1.0,0.8314816938506577,0.40494579945799464,0.7100942458162955,0.7828178697889738,0.8842372791869354,0.8625438995072942,0.5514435963209141,0.6359926355631814,0.8352638352638352,0.7937123740076407,0.7920614783477692,0.8396229533535016,0.18968587122203223,0.40500583039960214,0.9373527128549075,1.0
258,0.9530827067669172,0.9747997405285469,0.6566546312872469,1.0,0.7439335198004395,0.9775939038951502,0.8485966617706568,1.0,0.9867021276595745,0.9268024194806489,0.8103148352451527,1.0,0.7185827051052045,0.3893458676067372,0.5479374110953059,0.7969563841531805,0.8381160447563918,0.9044376172381802,0.4608376051131283,0.9147058823529413,0.8518835182651872,0.8255973925377095,0.7344763385745783,0.9240488400488401,0.248327558529057,0.4590944971457182,0.9813756774384277,0.9814987789987789
259,0.9321706887883358,0.9605299164625433,0.6616013351163883,0.8336934032897819,0.7358979130208554,0.9882261159480397,0.844578709771478,1.0,0.9443819415481912,0.916131345284886,0.6118113023602998,1.0,0.8366562251909491,0.032159607561617606,0.5072612085769981,0.7151920815252859,0.8174255061805932,0.906629623943726,0.3059182413072503,0.8776246719160105,0.6757094129975486,0.8430007445154638,0.7875111935740825,0.8749224565756824,0.025449581227199154,0.723635892745406,0.9767316837669867,1.0
260,0.9225147149577773,0.9430661492531378,0.4791891548470344,0.879172562032824,0.7450056218464978,0.9979532163742689,0.9431044656940761,1.0,0.9565405055695496,0.9306342543328974,0.732930412906725,0.961734693877551,0.78713594137259,0.3466685123661868,0.7832792207792207,0.8291600194239125,0.8525080095158819,0.897010614314723,0.23835322743991474,0.6882101799900979,0.5111010022429282,0.891429478311092,0.7732573400315611,0.7527000228271414,0.35329782344988264,0.6842236193393478,0.9738296554634781,0.9973684210526315
261,0.9174572839169112,0.9604018683728048,0.5544499856677361,1.0,0.6981632867914545,0.9925723346897812,0.8872782059229706,1.0,0.8269428044031899,0.8771775750725699,0.7471578685794238,0.9722222222222221,0.6842609566122992,0.15134532026599118,0.7571254165622889,0.8706385029849941,0.8258660369194856,0.8247695053190598,0.6386446886446886,0.8280338024524649,0.8072419328691347,0.8436217779741816,0.7168934890156095,0.8244034725512759,0.6021077283372366,0.5460235698378959,0.9161602597214104,1.0
262,0.9533190184826258,0.9460614913740858,0.40800322714951587,0.9519735166793989,0.7641970180372901,0.9863184173658094,0.8229480520739635,1.0,0.9545685115059779,0.9507063342398199,0.6433172416852281,1.0,0.7454149710283399,0.28460037006600203,0.4552544414333032,0.7109930926992707,0.8694682015909636,0.8140229393496229,0.8826315789473685,0.79219535254018,0.7420918367346938,0.9612451025608973,0.5580118115922849,0.7545879480617863,0.03301207993857334,0.8431819279782853,0.9647342911575917,0.9999999999999999
263,0.8381562011990309,0.9498644310782659,0.6773988056162938,1.0,0.6480011087841494,0.9844699137016633,0.8720390378592543,1.0,0.9547235308111375,0.9289154372781123,0.653068631484282,0.9682539682539683,0.6826143704702388,0.47862611273702826,0.8001135190918474,0.8205401232059555,0.766464573759476,0.9080957898802209,0.7679061543032131,0.9513888888888888,0.5606881690256257,0.8039326081720197,0.8592851405946819,0.8182134290829943,0.5684767759562842,0.5784201391054268,0.9787096585116739,0.955154420742656
264,0.986013986013986,0.9591995394935644,0.6077144047825577,0.9761904761904762,0.7304419124471697,0.945237049232814,0.7757259590153863,1.0,0.9572360773937025,0.9441456095952616,0.667423078065811,0.9833333333333333,0.7663632041969142,0.016699626455724016,0.44549019607843143,0.8022198619388478,0.8041511112603937,0.9131452675608384,0.5727415199976176,0.8272438672438672,0.9242424242424242,0.8863832036713785,0.6866330150283785,0.9023735103491759,0.4277972159305535,0.5765402228384109,0.9570770390117694,0.9707362082362082
265,0.8754263317434325,0.9242235637537903,0.6700955213118027,1.0,0.6359786421488023,0.9812359704850323,0.7300070202531567,1.0,0.9712127179818419,0.9659965696371551,0.7166884828207735,1.0,0.7462132277440906,0.4083201462403143,0.6441798941798941,0.8185412621477544,0.7865563303306621,0.8571485908935853,0.60033918323392,0.604760462926652,0.9595404595404595,0.7933842978805211,0.6842469517618113,0.8842890162151188,0.17193376162254836,0.5771304189421679,0.9701450241927209,1.0
266,0.9076157864551562,0.9542362821219994,0.6142133759262473,1.0,0.5656737186409486,0.9797199717881844,0.7712277659256612,1.0,0.9660463707254321,0.9095112650925091,0.856636040598306,0.9451515151515153,0.6818838085035083,0.4555984555984556,0.7147619047619048,0.6986361722286754,0.8208113574527478,0.8808593489063481,0.6524975163004473,0.7022317586418877,0.9111111111111111,0.836204947955212,0.8594052281263759,0.7714508745468498,0.21377392078326654,0.5536796293854417,0.9487533339550037,0.9537087912087913
267,0.9322365994412708,0.9505574064129718,0.7974167826055895,0.8756792001738752,0.7303100903364408,0.9856004630659732,0.885199612303909,1.0,0.9571109049627362,0.961197659728752,0.7442899568787827,1.0,0.7444564007773652,0.14057561238323396,0.4720556556680959,0.755410212704881,0.7093530336619734,0.9196666155325569,0.5165867067765801,0.9315789473684211,0.7316598865877713,0.8118474313721771,0.7259031526072687,0.9150551568314725,0.502776718935889,0.5225609756767567,0.9947469911822633,1.0
268,0.9777056277056277,0.9068568995473897,0.6822748926594097,0.893144208037825,0.6334266123779082,0.983608367215358,0.8146787322965597,1.0,0.9231379449984303,0.940420086893835,0.7766732017920939,1.0,0.8697147966687142,0.3394784603111288,0.27796084178071756,0.9412515772207328,0.8874025318387228,0.9142144707128201,0.6793932102755633,1.0,0.8908420138888888,0.7957993200393394,0.6560775361432278,0.8160343452268918,0.1852797263370639,0.6838297430259911,0.9041594295150372,1.0
269,0.9641804774602762,0.9349813045069776,0.607733858340096,1.0,0.6060712979606748,0.9921227118383633,0.8582281249647075,1.0,0.9595244487812825,0.9160026829275617,0.7627123630656383,0.9861111111111112,0.8314931340270129,0.3002932583868432,0.5547934928176977,0.8619689103180301,0.8519135954492639,0.8585413723791817,0.6575547640765033,1.0,0.9583333333333333,0.8279135993505579,0.5928681512111478,0.8510343411529182,0.41956398759284974,0.5506898385997764,0.8980211098040507,1.0
270,0.7753695491500369,0.9623604843567652,0.643603397061144,1.0,0.6796241888669419,0.9888303425363589,0.830866669412401,1.0,0.9299329926396928,0.9299324274687211,0.7740044555661176,1.0,0.8164384172616557,0.37591591591591594,0.47494705655856934,0.7829667412751597,0.8005971796710827,0.9203413291404767,0.43027107070604215,0.8539801713858234,0.7214318845996603,0.8451365984931284,0.735853146574763,0.8283871726637013,0.2229318613756313,0.664788298789157,0.9687984028142399,1.0
271,0.9120895071944547,0.9395179228483519,0.7733289267870991,0.8043103448275862,0.6931354841205078,0.9616075542740026,0.8231517262989796,1.0,0.9457362347395084,0.9336728514058161,0.7832412500218063,0.9924172794117647,0.7899459199680385,0.22672644815501958,0.4097445038621509,0.8994659687570175,0.8192957972661702,0.8834680308991819,0.7026737967914439,0.6247839487391695,0.8908769604594654,0.850500286108212,0.7224218480769262,0.8209367951241016,0.6113756613756614,0.5699600846701651,0.9538127630379084,0.9765432098765432
272,0.8496813633910408,0.9553700675624169,0.5559147044494533,0.8614347026364193,0.7653804349553418,0.9809942523380195,0.805804756520886,1.0,0.9050953839582934,0.9172443440004878,0.7267200363248247,0.9910714285714285,0.7041391360900962,0.4510033588310287,0.680952380952381,0.7771181269718103,0.8964763146458061,0.9352687141304141,0.5823280025178759,0.9119047619047619,0.6537701301724513,0.8651483990434363,0.9489225887058703,0.9174145299145299,0.40743217180947183,0.773944668304311,0.9705124013573809,1.0
273,0.7650520193922087,0.9580164334553566,0.6256873050869607,0.9325396825396824,0.8092667647509988,0.9863572354124371,0.8843389072853588,1.0,0.9813626496631891,0.967666532819009,0.7121206096502735,1.0,0.7426844842530642,0.4873703530935727,0.7763795263795263,0.8314756322109265,0.8586934327144459,0.8995595210474984,0.5568735724781608,0.8586090686274509,0.7470844698162408,0.8519892348025285,0.7954243148119963,0.9359678782755706,0.14648915613767716,0.6746165381609085,0.9550654665562609,0.9740021008403361
274,0.9920634920634921,0.9459700115988431,0.6127747640597616,1.0,0.7964697732635823,0.9963009627188731,0.8089428766965798,1.0,0.9836021442564037,0.8852891330898122,0.8365202962940224,0.9861111111111112,0.5986556407190238,0.22270304926363677,0.8387600853738624,0.7294918982992749,0.7385199205061569,0.8838898251063134,0.7109945609945609,0.8082968485760466,0.6383048369972205,0.8873011155633792,0.7552205315238827,0.8501005495686346,0.462829075640921,0.722591286956191,0.9570958398800855,0.9771241830065359
275,0.895241483587812,0.9446755154842503,0.7435338032384515,1.0,0.6894670401210369,0.9977154809254813,0.9088003289656998,1.0,0.9545370367848546,0.9559698987797687,0.8558597334550324,1.0,0.7797212684237664,0.38265183812872827,0.7166666666666667,0.9523321123321122,0.9088099675744088,0.910360893301173,0.4961157796451914,1.0,0.7862987012987013,0.8967216332536488,0.8678206224813502,0.9447829131652661,0.37779102652296875,0.7109893736800048,0.913478314465193,0.9924172794117647
276,0.8604897660818713,0.9500038614852907,0.7080379848598045,0.9765432098765432,0.6143981681668378,0.982378052739228,0.9133090401442202,1.0,0.928172008169398,0.8639829664887873,0.7893032963985611,1.0,0.8559538867941676,0.31090404884264533,0.6603131295350975,0.8424574455735331,0.8712445284857844,0.8805541236726881,0.8262362637362637,0.794713651562162,0.8352564102564102,0.8938657955244519,0.6830688179866073,0.6424461864096584,0.44868244758479603,0.5249922056351009,0.9577420598750874,1.0
277,0.9846178286129266,0.9491895233624034,0.5891615194108407,0.8260536185237746,0.8640225249773565,0.9904417724873149,0.7954662597924024,1.0,0.9856450265297892,0.8956232610333718,0.6827170968077666,0.9875,0.8886227374678461,0.5609318711591439,0.31856559339278234,0.8406071433205444,0.8465520217136019,0.8744195535770048,0.6009494466927484,0.8108789910157371,0.875,0.9149345331073838,0.6075691446142086,0.7484173669467787,0.39572392162727665,0.7360653591574475,0.9658787982580455,1.0
278,0.9215184024429444,0.9134513766586134,0.7499671511641699,0.6800451391759065,0.6963374459085561,0.9668024211303314,0.8509695272314799,1.0,0.958749659004359,0.9408861824905427,0.7634292169786331,0.928409090909091,0.6992361782486741,0.21455331478513012,0.5341636654661864,0.8328094659643507,0.8490325345047189,0.9063386707864345,0.4263807180473847,0.8613636363636363,0.8389787846098525,0.8386949637618906,0.7195385285069272,0.9897186147186146,0.268331550126682,0.7312479502121447,0.9574320169889984,0.9797979797979798
279,0.9878364389233953,0.9420061881003843,0.4886957508762245,0.7126126388119342,0.7330535698160943,0.9872769485948405,0.7974405894500682,1.0,0.9327284683179068,0.8961360936559306,0.7327729158414374,1.0,0.7660890437262842,0.28448305788427153,0.6617223134464515,0.713935440769583,0.8254793719624555,0.8607017634950834,0.8208958458305148,0.745131623978356,0.9750688705234161,0.8645333314340682,0.6888766278926637,0.822983483334162,0.40669001714625064,0.6729571019018249,0.9496110788110967,1.0
280,0.9289248762932973,0.9310690210162904,0.5730645346355887,0.8839419431930954,0.8069259060063568,0.9795865059788704,0.7284710013856065,1.0,0.9677667844617763,0.9183612101494363,0.7821396289818502,0.9575757575757575,0.7763155577251952,0.4787218530823182,0.7535714285714286,0.8605354364275358,0.9152156337220194,0.8534640820861596,0.22619047619047616,1.0,0.6099030972983329,0.8466099974932123,0.6938886632218234,0.9189584924879042,0.8619737750172533,0.5614232976608268,0.9622102710497393,0.9861111111111112
281,0.9439904979919937,0.9236471639462427,0.5870921423778941,0.8408638258452987,0.6851072725597409,0.9736255073432847,0.8103298142714529,1.0,0.934570523063058,0.8993795127741947,0.6954146751076508,0.9901360544217687,0.7870561054539693,0.2953491152952069,0.7235409035409035,0.864997042013315,0.7985498627826512,0.8493683008635785,0.8205738705738704,0.6608246100164203,0.7813516386295213,0.8280068221099396,0.6159249537424076,0.8322860517982469,0.46438549224640774,0.66537059663814,0.9579950242263902,1.0
282,0.8582782717049815,0.9556576847376118,0.49604108425351795,0.9821428571428571,0.6935145480080147,0.9845668369187979,0.8601672424583718,1.0,0.9621409087227125,0.8877919281272191,0.8383800221266013,0.9797979797979798,0.72836862078722,0.4890077243018419,0.6367873303167422,0.6502953230555786,0.8293871459699172,0.9031450847935086,0.634901342295357,0.6400589163846069,0.9095238095238094,0.8738882349820548,0.759373349526787,0.8480082942267815,0.41279756500033493,0.6919980997079109,0.960649891446754,0.955154420742656
283,0.9809385783298827,0.9602388281002351,0.6568346534359715,0.7218186178391569,0.718676785503584,0.9549132387639676,0.8222281460455138,1.0,0.9611313935460315,0.9386708170557563,0.7210750531084702,1.0,0.7050948243252687,0.26170341804946556,0.8520408163265306,0.8126921251362909,0.8374655301067204,0.8930663169910288,0.9087301587301587,0.8352767602767601,0.7977417302798981,0.889147178750536,0.7736318203860099,0.8804239659703872,0.5139950629081064,0.7010540984459193,0.9599457432962883,0.980909090909091
284,0.9093458277281805,0.9289484407510247,0.6780106207782751,1.0,0.7221777022998462,0.990024904529013,0.8842064508915705,1.0,0.9380201539583783,0.9164433545061129,0.670425399461841,0.9833333333333333,0.8296140677356133,0.3860637511616056,0.8364620228256592,0.8399995008109236,0.9112987529347292,0.8689903044602355,0.866193438449536,0.9679144385026738,1.0,0.8985417028699355,0.901299041354785,0.8109633310238149,0.27132218206660746,0.5248281987516842,0.9078689545065164,0.9790695415695415
285,0.9900774556256597,0.9383597532980327,0.5764657269290377,0.8415060313996483,0.6210862601762772,0.9880333706638991,0.8792496583712701,1.0,0.9448104941156279,0.943290686412162,0.7503132467841304,0.9797979797979798,0.8509004002357465,0.4400180737137259,0.6760606060606061,0.8734389092189712,0.8749213904444979,0.9196450515865313,0.4593014083103597,0.7252789577822492,0.8271942728253407,0.8167977963502183,0.6526086996701267,0.8137194586686262,0.26522748107625055,0.7522496999466083,0.9726250175602866,1.0
286,0.8328940711109352,0.946610964416702,0.564386480874342,0.9765432098765432,0.6452053693841359,0.9634985719721029,0.9110598186351593,1.0,0.9515354982756741,0.9196813141638279,0.7584495965138406,0.9654761904761904,0.8183811242642682,0.0904040404040404,0.6624999999999999,0.6359459567808421,0.8895892755362189,0.8734849450296609,0.5935064101873426,0.8620120389960363,0.8257575757575757,0.8922220159174289,0.6795172137449469,0.8111758230829293,0.23381840198007722,0.5688138838923112,0.9712976072343433,0.9913888888888889
287,0.9040220452458627,0.9550232083259753,0.7814675930205586,0.9206036745406823,0.8116445871534693,0.9715511318558364,0.8787925265625125,1.0,0.957557851139207,0.8992153669709235,0.7165927559863554,0.990909090909091,0.7502430906141355,0.30066418262470945,0.6196259880470406,0.7854018910357407,0.8890844279333537,0.8619233229619605,0.5034271284271284,0.7769680500658762,0.8769193857965452,0.9105780172753292,0.690377179536809,0.974025974025974,0.18232307238019238,0.5829557230035392,0.9784802885340146,0.9866452991452991
288,0.8797473499167305,0.9570860029874813,0.6172747438272345,1.0,0.6656499138929736,0.9567423222730231,0.8204743585645016,1.0,0.9744171047466452,0.9433679183935761,0.7344460260167784,0.986013986013986,0.8139745832758358,0.2996122241166998,0.7176545676545676,0.6003859319492296,0.843357662109955,0.9087851748596061,0.7116033169361156,0.887312030075188,0.6717940626076381,0.8691384916695546,0.7595292235155799,0.9273520923520924,0.4212111945688731,0.793614422276626,0.9493292108316943,0.9846415489272632
289,0.8414697744729301,0.9535594945942868,0.7223650337822141,0.9208683473389354,0.6948732760234593,0.992182768257732,0.801173771826348,1.0,0.9238060648369423,0.967759582829345,0.7764273769472645,0.942857142857143,0.6937353575521334,0.1999111064056716,0.7731481481481481,0.8841832836660665,0.8463112913422575,0.8743751777391597,0.48536827389659537,0.9714285714285715,0.8439264439264439,0.8326578492968686,0.7926057059961935,0.901034151034151,0.5310587187609203,0.47106135771631374,0.9597597409086498,1.0
290,0.9974457215836525,0.9417495443677806,0.4362719717443121,1.0,0.696123330164563,0.947114340685307,0.9405463063950628,1.0,0.9706188824661858,0.9282523456676743,0.8228408472068055,0.976923076923077,0.8795407228687396,0.402149908627707,0.45176326557905505,0.6944736222442647,0.772413173288466,0.860133763143419,0.7099432397840886,0.7922826729745711,0.7351313042802404,0.781422342661746,0.7899803945722476,0.8167919799498747,0.3737973967176004,0.8202602765791259,0.9426755588686833,0.9944444444444445
291,0.9495726495726495,0.9216135006583223,0.7626911274978317,0.7855983448212794,0.7796661905425996,0.9986316365626713,0.9238729130762621,1.0,0.8604400954495474,0.9107177891374245,0.629158711379421,0.988095238095238,0.8179081032168823,0.3402713295829237,0.599390243902439,0.6730866402476215,0.829801119042332,0.8780978692087302,0.8040367965367965,0.8916744042092231,0.5673996082659745,0.8441891121761492,0.7075870408069107,0.7853925501824661,0.3749550969214138,0.5391084334454652,0.966835955736077,0.9861111111111112
292,0.9945983379501384,0.9209347358633647,0.5751382336805476,1.0,0.7236519609232079,0.9820519469402303,0.8189915308572024,1.0,0.9706314906999182,0.9466683151467781,0.832016307095937,1.0,0.865773648362672,0.44514226083993524,0.4693554871766946,0.785026201350518,0.9014987922930047,0.902148539888044,0.5426476745900782,0.9768115942028985,0.6906753502907349,0.8433314375124773,0.5311906661926872,0.8317860623781675,0.7418555300908242,0.8055755094578625,0.9543702282999558,1.0
293,0.928900579839779,0.939823984203245,0.54271153334045,0.5821828103626387,0.670174767065146,0.9715914791237324,0.7665864812202201,1.0,0.933575233367617,0.940772851265423,0.7568342666430272,1.0,0.7988265921263227,0.27958493865623024,0.5744588744588744,0.7667407572818692,0.864855819167273,0.9173702841477344,0.6250167224080267,0.5931856593698698,1.0,0.884709954371806,0.765293163769444,0.8783648031017413,0.022418348221917184,0.5212003101259549,0.9696592188290925,0.8441043083900226
294,0.9436727688787185,0.9418729793201008,0.6393492305458769,0.7577952109266943,0.7007466367420946,0.947727894638971,0.8788421027834576,1.0,0.9667731490078895,0.9586776633149027,0.7701033802232847,1.0,0.8138431459127555,0.3454866374375604,0.637607130571527,0.8299029277631933,0.8031244449307499,0.9199749387058382,0.5777508164350269,0.7820319961795607,0.7087663680672982,0.8188949615879278,0.7006821374839594,0.7653188940688941,0.3204709292365336,0.7089565973005629,0.969520069137661,0.9472222222222222
295,0.9081272237489987,0.9218388015409279,0.37306403251219805,0.986013986013986,0.7296096512449181,0.9848795366349068,0.840860995328732,1.0,0.967648228980587,0.9750365010231119,0.6585590871100315,0.951923076923077,0.8686287244767701,0.4625859503284072,0.6896344396344396,0.763171198309422,0.8823765095136219,0.9393214182543992,0.6394826555978516,0.9017094017094016,0.8622494639778637,0.7853768129679227,0.6616868990073653,0.8686915170108447,0.2640975276884768,0.4983936057112032,0.9405890335051206,1.0
296,0.9924172794117647,0.9356319845969544,0.46559285830932085,0.8224898441658955,0.6900812034577224,0.948744418930312,0.7670256047421073,1.0,0.9841017488076311,0.9763968725896034,0.7365370318688121,0.9682539682539683,0.8649612400959794,0.18344340629252934,0.6073679284205601,0.8938344988344987,0.8802812696044762,0.8944134596992022,0.5574038461538462,0.8146449974036181,0.7945437278770611,0.8730588284721041,0.6174547332091536,0.7774442281175173,0.2730578014734339,0.7980669563985707,0.9498395111676293,0.9790695415695415
297,0.9751850713389175,0.9370715652099828,0.8150548055250739,0.9418478260869565,0.6876763562072078,0.9582150814773859,0.8063889449913714,1.0,0.9414733171035062,0.9383545205405249,0.7230739874967095,0.988095238095238,0.717670740927167,0.26413249984678555,0.8333333333333333,0.8783059578761159,0.8845923402723491,0.9194498426630349,0.6485195731185036,0.6500134583757565,0.9888888888888888,0.9079939257991267,0.5697702244938389,0.8580688251787996,0.6352851936008866,0.40739629913653547,0.9754417910764662,1.0
298,0.8850687089240128,0.9479867830040178,0.8366181984769169,0.8374827109266942,0.7098360874942757,0.985667488916334,0.8567901761165077,1.0,0.9766150595146486,0.920436908918317,0.734183536892427,0.9325396825396826,0.7724414296319814,0.3152304294574893,0.6519980019980021,0.5756900912920611,0.6376730313137186,0.8846324447138129,0.4974534593066668,0.8602383531960996,0.6701953954844128,0.768612474331171,0.7712288279513316,0.8523408349473259,0.35758507401253176,0.39787278934152487,0.9786140930117571,0.9958333333333333
299,0.9609232262779175,0.9508344306572947,0.519425256599922,0.905155450609996,0.7086021873865881,0.9817426326085261,0.7695186449572461,1.0,0.980841830099462,0.93979630899164,0.8416581647398662,1.0,0.8248490453723809,0.4304056456854161,0.448768472906404,0.9368713572535228,0.7982516274900812,0.8893914316920436,0.6110560854631876,0.8743604567133979,0.9159722222222222,0.9353029883342712,0.7637492226705361,0.8193896463290937,0.24625285546766912,0.4633477569363152,0.9672342181624131,1.0
300,0.9749582289055974,0.9638087120973631,0.4725312004664889,1.0,0.6848103908101317,0.9930030710212175,0.7808488401003912,1.0,0.9228003080080182,0.951479280906513,0.6931817303873744,1.0,0.7550827489726583,0.39139687138529466,0.7913690476190476,0.7620489644427797,0.8482304967921236,0.9485869871697439,0.4615079365079364,0.7550742469821644,0.8392857142857144,0.7799162497074883,0.6742902765570368,0.9060107441955259,0.2699253731343284,0.6468129964726842,0.9741270355623071,1.0
301,1.0,0.9383226270987349,0.7029645741855044,0.8174816797701101,0.8188107533742905,0.9852201789559003,0.7482089669033443,1.0,0.949270026323211,0.932254139739958,0.7877800597199565,1.0,0.8783014405122294,0.2224556406390865,0.5488776887273128,0.7465997540135472,0.8550686243510468,0.9217273092764873,0.46993443929295853,0.6962383148997128,0.9238095238095237,0.8947047097217182,0.6580289346818482,0.9475524475524475,0.25810804707059626,0.7718518986421516,0.9101853464469516,1.0
302,0.9174220343055058,0.9645117859894664,0.677529394028001,0.980909090909091,0.6955991338653366,0.974111739474119,0.7269265711851911,1.0,0.9404824652942133,0.9180225677786185,0.6863949390436381,0.9595404595404595,0.7268325059376268,0.3878472222222222,0.6265891472868218,0.8377361029695137,0.7754780965913642,0.87458834134473,0.6699748807053779,0.8448712818460716,0.6296566482223706,0.69321360758684,0.7943241925928682,0.8521931636456593,0.4064127444037712,0.4542225910315752,0.9413471061159879,1.0
303,0.9264051053113553,0.9393147478946701,0.605081016228037,0.7558689543129378,0.6670168813474284,0.9843186788753009,0.8332726389888122,1.0,0.9612092227995294,0.9511854461513075,0.8712315823739181,0.9085858585858585,0.8126804416447934,0.5644790294246815,0.6218864468864469,0.7712376784808224,0.8284680629903158,0.8624009545146322,0.748268899310566,0.8599361532322426,0.3700793513886493,0.9158021863074873,0.8111763937175703,0.8826615072272641,0.19053155332927527,0.5183228204470252,0.9592960238884681,1.0
304,0.9256621099740562,0.9525613525644858,0.7584196464877926,1.0,0.8164005141177806,0.9861503009118764,0.7753128913991773,1.0,0.9426687770260064,0.9004453073794227,0.781403149438516,0.9272133095662508,0.7763520393396833,0.28356915650272646,0.6800595238095238,0.7728349125057035,0.8734058650245002,0.8807155783463969,0.7344322344322344,0.6156138645934565,0.3795884021188224,0.9165764903435983,0.7158928568059397,0.9841597796143251,0.20309522280733144,0.5670859544557139,0.938524437449265,1.0
305,1.0,0.9378369214051335,0.623234189349172,0.8612750885478158,0.7382605165602003,0.9958986966660581,0.733039739810495,1.0,0.9441709735363343,0.9404614158825405,0.7378314156855716,1.0,0.7964954893424403,0.41992001451017047,0.6572150072150071,0.8590370570360822,0.8257924957781374,0.9117420463398163,0.6013345426503321,0.8031990938451883,0.674654588759751,0.8855092081553102,0.6171984538153579,0.7578099660916997,0.24312748748626883,0.5428275282285088,0.9514631300358305,1.0
306,0.8454849516665782,0.94636417373513,0.7285635042574159,0.9134012539184952,0.6636347007514313,0.9770450822409054,0.9538804676575575,1.0,0.9472927901934937,0.9476193586970666,0.6302739741392657,1.0,0.7460075495619714,0.24198348495174696,0.6881410256410256,0.943045513228354,0.8747260680133699,0.8892986128596231,0.8714285714285714,0.8945390624250715,0.7508345059412133,0.9200167521767557,0.6436649168058018,0.8500344700026903,0.4471146515599603,0.5581551252460966,0.9330703557888518,0.9787545787545788
307,0.8835963053240228,0.9623483216445117,0.5793779385952752,1.0,0.6922148345552286,0.9615665930412691,0.9240452276291746,1.0,0.9142447955166996,0.9481133422925976,0.6937205910627229,1.0,0.7621241618302471,0.41287757860928587,0.5820905285191,0.682498258219256,0.8570174172061268,0.8364181771954495,0.8211107074743438,0.8688351813351812,0.7226876177257856,0.8361021909409994,0.8350991334161919,0.9526712279808256,0.7383594777690082,0.690326925347751,0.9463627230893834,1.0
308,0.9167614173535963,0.9296110997026275,0.7151612931714133,0.886073500967118,0.8316599363150369,0.9789922053135023,0.7850347032414811,1.0,0.9639867693259705,0.9166896843279498,0.7616155413837209,1.0,0.8012877035597372,0.560698577464976,0.513050406765577,0.7242504591666857,0.9205122503754386,0.9320627872624437,0.7274960934828412,0.9890350877192982,0.7363442803213358,0.8945866925840733,0.697672560799601,0.7864355324223746,0.4715452364520687,0.4853820145085902,0.9679007325243403,0.9935897435897435
309,0.9967320261437908,0.9557700658336181,0.8601265849024393,1.0,0.7685425263148722,0.9845418676307717,0.7622140908670068,1.0,0.9412603691908112,0.919502024109817,0.76630394869619,1.0,0.8600593653386787,0.30547505773817385,0.6539974912523933,0.8773725553569844,0.8831502406294591,0.925878608802679,0.7017679250851128,0.9170718377807929,0.7443510246978455,0.8870827113938801,0.7470533023525041,0.8976062199788022,0.045454545454545456,0.656426438182491,0.9714547829221581,0.9649678604224059
310,0.9885964912280701,0.968595679990143,0.5747015599856691,0.990909090909091,0.6768639912773774,0.9857200738058608,0.8895790968304839,1.0,0.9443345814995864,0.9010122499965473,0.7434254620643149,1.0,0.5476200283360936,0.32319967943265315,0.5163003663003662,0.906772149696547,0.8006993578763091,0.9509096240893031,0.5984367484367484,0.7883528081417263,0.7559884559884559,0.8402999441773596,0.8459844183196414,0.8416680123343097,0.1597044614947428,0.5796264631753788,0.8960489778512809,0.9797979797979798
311,0.9533847908717417,0.9555668569050852,0.6894972659137452,1.0,0.5999856520276902,0.9760850160958406,0.7452831389317571,1.0,0.9677953193586903,0.9345990666674787,0.7434758686732438,0.976923076923077,0.7794046627538429,0.2937701595789831,0.7228867980884109,0.8676450817125597,0.7847193415825259,0.8798984526119565,0.5671539961013644,0.6608656199881827,0.7247474747474747,0.8432059149337888,0.6267479475556463,0.9056213976586027,0.013260753070655528,0.4530450370972732,0.9554921241120289,1.0
312,0.926412260810757,0.9566542347989847,0.5890532637404351,0.942857142857143,0.6694563552868399,0.9816453446026607,0.8999433714413266,1.0,0.8917615907301878,0.9196235986179482,0.7671327085064292,1.0,0.7196595210505772,0.32108624879468384,0.8430215617715617,0.8039196896499219,0.7969811225130783,0.8663092564057614,0.5987742638861566,0.7648544396863322,0.7765385096589674,0.8366208669031096,0.8215272577606209,0.8988218988218988,0.5407004830917875,0.6487078947124059,0.9619556738118495,0.9575757575757575
313,0.9562665201842896,0.9585138840147865,0.6248132612916858,1.0,0.7100014375103638,0.988864802750165,0.7864157464591436,1.0,0.9368239072548746,0.9389070706500607,0.6727131839725238,0.9945054945054945,0.7907396794626762,0.2527146464646465,0.702308362369338,0.826022115094342,0.8173958669095969,0.870697887774807,0.7269501332001332,0.7829312315844678,0.8755411255411254,0.9017735266928859,0.7020740694761586,0.8395071492412596,0.3400809520069917,0.5286694235732898,0.9136977509580171,1.0
314,0.8637888006532074,0.9653094966509103,0.5719366055987806,1.0,0.6403102296588803,0.980668625580507,0.9103377496478737,1.0,0.933850315995703,0.922221515338171,0.8621180899118417,0.9833333333333333,0.7936724651376516,0.2715541607063582,0.6995650183150183,0.7627315798410736,0.7481143405649687,0.8766034216247784,0.7241376192034087,0.7499835759392834,0.844505264512281,0.7734346188647906,0.6587734765366943,0.82752714551815,0.3012737956960974,0.7904149758310666,0.9656356204162156,1.0
315,0.8505958523760382,0.9464804163294482,0.6330846036273017,1.0,0.7033239247814564,0.9810920608212668,0.8040040208345798,1.0,0.9566428909022607,0.9330225398993129,0.8254703295407736,0.8998397435897436,0.6952306529120559,0.3507853797339438,0.6668734491315136,0.7891560376594173,0.9098359232144815,0.9101950916422257,0.6746031746031745,0.6274851882823721,0.7119493047961255,0.8856990226384401,0.7845337772636068,0.9056149667128959,0.1000497347480106,0.6951111316578853,0.9513485411045659,0.9749346405228757
316,0.9276537077596997,0.9110812270151685,0.7293192129464214,0.8223102600785003,0.6594579655190115,0.9904917349448288,0.850666756185851,1.0,0.9349465724931926,0.9634250464620105,0.6595489372570549,1.0,0.7558849990335557,0.34689718919053025,0.8762400793650794,0.797198613691305,0.8154969085355991,0.7663910874887834,0.5811687567105523,0.7471908935709841,0.6806878306878307,0.926802982182694,0.6719849633283026,0.819154335793421,0.31960542078466603,0.5836395917514108,0.9351958566978138,1.0
317,0.9913888888888889,0.9472194815575689,0.5913298880656178,0.6679848429715023,0.7322137459016363,0.9672052933989795,0.827367467770121,1.0,0.9496639520140961,0.9166975693626214,0.8235086536401144,0.9626543209876542,0.8028782576698802,0.4201464814226273,0.19751984126984123,0.9086545344139653,0.8056797553569939,0.9126664253230963,0.595380655978482,0.7697695690672406,0.7388131588513268,0.8180856292425784,0.8847815963864226,0.9244827586206897,0.2737729405336837,0.5257498843763622,0.9528634880166852,1.0
318,0.8562477478432288,0.9643110160039498,0.6844908179834169,0.9861111111111112,0.713242035051984,0.9545895579556329,0.8454486172047477,1.0,0.9364617346683676,0.936784303845831,0.7786932444836261,0.9210193785116385,0.7392316437137605,0.03403974060649645,0.550595238095238,0.6671042968529642,0.9205610606755131,0.8601148514251885,0.6442542780153475,0.7691800700276341,0.8833333333333333,0.8973984148511833,0.6844676689372453,0.8887620799654721,0.24792035290653025,0.6014821040329471,0.9469762577586178,1.0
319,0.8838528953369928,0.9511892242019506,0.7101406502400045,0.8263570001767426,0.6002564352932832,0.9694695596733166,0.7670937642866297,1.0,0.9421169787841873,0.9125604154888919,0.677265822838473,0.9765432098765432,0.7678174079421556,0.24381677037077445,0.47831413152890584,0.8769160432734835,0.732514820245366,0.9202517088186091,0.655044955044955,0.8133333333333334,0.7036020781042374,0.8174283765567665,0.800556908466452,0.831863872561547,0.4694308278867102,0.6770118033372732,0.9705079130175338,1.0
320,0.9924242424242424,0.9668645570197962,0.6987777131189552,1.0,0.760531199330429,0.9909931101337756,0.8470775363134402,1.0,0.9410130325574235,0.9401988658091675,0.746647356379575,1.0,0.7361111568414661,0.5558686411627589,0.49186147186147183,0.9414764922577423,0.9748017023041565,0.9227393946511903,0.5464631959117253,1.0,0.576459639934741,0.8944271199874833,0.6273912867502021,0.7501319263614346,0.3110502540937324,0.5648589307636256,0.9746360650243833,1.0
321,0.9496785052038674,0.947743916727292,0.4918622784919626,0.9138888888888888,0.732556777768282,0.9836817458495687,0.9044024122100678,1.0,0.9599927988515425,0.9184736317928325,0.7574884816436503,1.0,0.8235890927892038,0.4273980379232632,0.40043988269794717,0.8265533076762785,0.8669915217178535,0.8665579683753807,0.812675172050172,0.7729637555045662,0.6895286181000466,0.8183109556725483,0.6664426645297573,0.8177797713981925,0.6446358417640873,0.48063817128529845,0.9564802762317173,0.987249407560295
322,0.9175712146329897,0.9563923125522592,0.5301932295366247,0.8906658294439158,0.7110102437308382,0.983254305772042,0.8008594000096598,0.9999999999999999,0.9724211596868624,0.9262340055663945,0.7197427198297914,0.9855769230769231,0.7606587981171057,0.6374094258518401,0.6210250125691302,0.8721359432078883,0.7749644775226492,0.8657707028188969,0.6206413941513812,0.820379390003554,0.7680068817950497,0.8552882098909074,0.7512635964245714,0.7986649492497445,0.2631692072440169,0.5736794931767708,0.9613586480945471,0.8628787878787878
323,0.9081821617535903,0.9489013375563483,0.5458927773022655,0.9164738770001929,0.7671945056300062,0.9740180191763063,0.7828921848849463,1.0,0.9814353684117618,0.9781798214516145,0.7691722741391553,0.9254120879120877,0.7155312926864712,0.21210364288576922,0.95,0.8853881103881105,0.875744657255867,0.901293851878814,0.6335443196417322,0.902724795640327,0.8672749745528574,0.9202552734189012,0.6458816799253939,0.797504651249535,0.16973829959294068,0.7681175396657353,0.9811462848726149,1.0
324,0.9318627450980392,0.9522974537168524,0.772125053445343,0.7656771553711389,0.7314202213955165,0.9716359363883099,0.8616804747577157,1.0,0.9020776707510658,0.8928384802853468,0.7975370095546662,1.0,0.7338451191124347,0.03225806451612903,0.5367808726361358,0.8204041911244003,0.8521194346168242,0.8962741709203955,0.7632326007326007,0.7157669866528296,0.8133417508417509,0.8904781331049009,0.7357930094279921,0.7830941823423025,0.5153496297808827,0.48155125549154354,0.9597423849457051,1.0
325,0.953267973856209,0.951894254242345,0.734496978097629,0.9150230111768574,0.6308261794598021,0.9727825432138972,0.8957314581458519,1.0,0.9206540091041754,0.9272371626043551,0.8647314833804621,0.8932224341315251,0.8161121038197398,0.360988000344531,0.5165056458563783,0.9354880126226433,0.7830918483642915,0.8733723418743282,0.4055336994339697,0.8085839415307545,0.8093025487877799,0.8555728015698079,0.6643872076519238,0.8081603161844302,0.3333484939738185,0.48550998078589747,0.957800639843935,1.0
326,0.9290686274509803,0.9578137763687448,0.5298749278442847,0.8374316939890709,0.6489253650593649,0.9845459962965745,0.8456130125991536,1.0,0.9347969086280804,0.9244375778838946,0.7115845459499237,1.0,0.8081239785962326,0.12738320319323815,0.6213926518883415,0.6461270619358855,0.8391315983961032,0.899946859539283,0.6162087912087912,0.7885029102067642,0.3833333333333333,0.835114512010245,0.6926662675370716,0.8049258435298481,0.2521660310574084,0.6857275069656509,0.9564798668913002,1.0
327,0.8858534461113552,0.899123170655626,0.4525808858103267,0.8655091285526068,0.7165566544676732,0.9886585008864878,0.7971727228898314,1.0,0.944683623894673,0.9087266492507815,0.7948031249087566,0.9797979797979798,0.7906748165532866,0.1682191682191682,0.8662037037037036,0.8627949982116648,0.8697358985790662,0.8682448280656445,0.8293785995798381,0.7915528351258198,0.8917233560090703,0.8496411405912403,0.7674973582924982,0.9158501221001221,0.2265445065082238,0.700326642274319,0.9450745157676741,0.9797979797979798
328,0.987249407560295,0.9256350946743359,0.6841289249834249,1.0,0.6993750675787068,0.991252495398097,0.9250786316737172,1.0,0.9669406667755615,0.9478870003409677,0.7252515711695285,1.0,0.8750995470922273,0.30338576901303516,0.46577767949284976,0.894318554839369,0.7750948855196885,0.9141011294960251,0.6137789377023827,0.6805325987144168,0.663888888888889,0.8916441033419182,0.8980902486478918,0.8001788232161959,0.6726190476190477,0.5370047563405684,0.9016199407729354,0.960354526425955
329,0.8422913433579086,0.919210885308783,0.3119323522833425,1.0,0.7450658183848928,0.9763173881598195,0.7547124504300683,1.0,0.9270131911690324,0.9423155822767058,0.6839170066791566,0.9,0.7149612081596568,0.2691796888012486,0.8690739652504358,0.8121497816843422,0.8650038055612148,0.8922403521734232,0.6223193714498063,0.5833023642016055,0.25,0.7251077485100269,0.694399924883908,0.9658119658119657,0.6101190476190477,0.7983212672272254,0.9615892966397739,1.0
330,0.9670417237083904,0.944434696582586,0.7447697379587419,0.8248167552144825,0.6736134240730511,0.9899274502044585,0.9355818688952188,1.0,0.9758014715614843,0.9719989554202275,0.6904526049597806,0.980909090909091,0.8094102795903569,0.4544894218911861,0.7816832775434814,0.9666666666666667,0.7928225755429966,0.9655826053627541,0.7690035273368607,1.0,0.8736147011731219,0.7680112107785484,0.732903842706455,0.774852483807724,0.12148256139268467,0.6493295932643443,0.9252380679162834,0.9841597796143251
331,0.9852832839674945,0.9584511774396356,0.5764152574930989,0.9271752837326608,0.6401411911275294,0.9911516681011439,0.8595971932115192,1.0,0.9467913209011561,0.8758746426979762,0.6970128420045086,0.9583333333333333,0.840418497828076,0.3644030981246491,0.4727272727272728,0.6802873068072952,0.8208878824965299,0.8976613989815224,0.7866987820769332,0.8418128654970761,0.38252019209779525,0.8063164953384743,0.5441475053138743,0.9131541768509369,0.3614069338683183,0.46409413721222226,0.9654574283405696,1.0
332,0.9169945862960569,0.9812172177397784,0.5155500537568182,0.9853041695146958,0.7509997477239118,0.9857381629909557,0.8273681662000403,1.0,0.9754936245282598,0.9627306560144201,0.7521864828115007,1.0,0.8780055994729908,0.3530176394439385,1.0,0.877094915849241,0.8900170978667508,0.881129259457464,0.23594687476266424,0.8387549815143803,0.975,0.8089834980272864,0.6716025929174017,0.8897596397176214,0.20062891254496723,0.6948393439576142,0.9753466717463535,1.0
333,0.8383548019650695,0.9198202373636216,0.6687981838988974,0.826392158973186,0.7077661902167021,0.9752907811379897,0.8565152982352036,1.0,0.9946823399278136,0.9540664434130264,0.7473453381646739,1.0,0.871660103769861,0.12263218149288968,0.41203703703703703,0.7320920729402871,0.8296049487337281,0.8261343528920084,0.42344003862991203,0.783179012345679,0.8352564102564102,0.9029865963173958,0.7979133786425525,0.9432123655913979,0.08379659265426248,0.6648315492118398,0.9737068655139548,1.0
334,0.9432142857142857,0.9360548892014744,0.7721515595235521,0.9209401709401708,0.7321781647828575,0.9960883729342171,0.8632009774228014,1.0,0.9666828659814024,0.9531892699840725,0.8280588287963524,1.0,0.7101382452553022,0.4058638419525516,0.6568012841468218,0.8605426186062226,0.8984988275703087,0.8535399671211912,0.756454248366013,0.6743349605191711,0.6780885637268617,0.8421732571943044,0.5793372268585961,0.7699102163326295,0.2791091637314415,0.7865653253424072,0.9760531323492009,1.0
335,0.868751881963264,0.9278845678934998,0.6022651293134611,0.9132750095093191,0.7546413322584907,0.9959826066859292,0.850908396582961,1.0,0.8802423901592124,0.9509742212278682,0.7254230597682337,0.9897435897435898,0.8725793027139455,0.1232627233707061,0.3688095238095238,0.7794802827187941,0.8515076913274748,0.8612602287749037,0.6086299502966169,0.39176977200233015,0.8396321975938857,0.9273899829933896,0.7734990379249985,0.8748507415786827,0.42748474563738176,0.7170524929941797,0.9529508741857458,0.9721956614813757
336,0.8847479437947599,0.956855168106895,0.5676337983079168,1.0,0.7600160016181056,0.9972015036560647,0.8134740817498273,1.0,0.897830503513613,0.9337694081535709,0.7640382256491639,0.9583333333333333,0.8263822928853444,0.3619052847313717,0.46337131979424473,0.8079578136789797,0.8828109905261817,0.8990568451739839,0.3761115892139988,0.851388888888889,0.6908268733850129,0.8847752258208591,0.6230521387022234,0.7492944301767832,0.49298200218503824,0.49558600901162847,0.9657293486429633,0.9952380952380953
337,0.8626466108406338,0.9380249439118027,0.5614603846689079,0.893180734382451,0.7821667544928554,0.9868031349080194,0.8950444700575988,1.0,0.9715044206394592,0.9532971255265751,0.7520405332871688,0.976923076923077,0.7227825440808693,0.20266924543145756,0.906795634920635,0.7949536723670879,0.8415408855994289,0.9211730122693733,0.6568128300271158,0.30406293266119544,0.7255669399803443,0.9326886193626508,0.5657571219109818,0.909254715872363,0.3816740327210791,0.6079490200773492,0.9580317500627222,0.9897435897435898
338,0.9920634920634921,0.9710224540612964,0.6000214380337834,0.8935185185185185,0.7113902615509621,0.9912561844963164,0.8464324742109492,1.0,0.96318610170097,0.9685103958281813,0.6922016249829589,0.9888888888888888,0.7855235588332866,0.21111948982916728,0.5445378151260504,0.8444474866005354,0.8100953163688125,0.9009285879676646,0.7522716816195077,0.8600498338870431,0.7703737969054583,0.8864108363554759,0.7134996965178675,0.9067981591058514,0.17226041385421642,0.8255918542707672,0.9554293412766405,1.0
339,0.9365074579403363,0.9565897216176377,0.6294468616847241,0.9821428571428571,0.6722978221965764,0.9691974034468799,0.9504802604802605,1.0,0.9594055339941028,0.9618533335999346,0.6709580694954753,0.9583333333333333,0.7159631614243129,0.49666299367256306,0.5663579067990833,0.8450915937663537,0.8977840625938229,0.8747550399816416,0.5958373833784568,0.8531237524216796,0.44736269797993883,0.8130561417864431,0.6876655092206821,0.8424260355029587,0.46767040149393085,0.38035387147525473,0.930462906903461,0.980909090909091
340,0.9016176470588234,0.91337045216524,0.47569114312774446,0.8792194092827004,0.766357748844956,0.9749378218129988,0.7893413298144353,1.0,0.9569421154540355,0.9570209139420625,0.6685273516947735,1.0,0.7209160277483259,0.2749300103850117,0.6451388888888889,0.8155576172713151,0.8396822200181406,0.7954560478527303,0.5448883900543882,0.7794137407761272,0.7728018372703411,0.8661327543626552,0.6337465432567935,0.7402266987509535,0.37847409404013177,0.656925428669748,0.9437040131486893,1.0
341,0.9695567810457517,0.9283715220399985,0.7833198861534351,0.8171966691800806,0.7731571937294793,0.9699473301438573,0.7353051640200446,1.0,0.9607456832912264,0.9519720382385549,0.6863411137597452,0.988095238095238,0.7300563878671267,0.04726365487725327,0.33589743589743587,0.7193253968253968,0.8835215138828186,0.874956103279552,0.5639108454897929,0.8661043121814915,0.9095238095238094,0.9037506055522131,0.7958991881269274,0.8801715526137628,0.28800137121032643,0.7819965702593694,0.9425123198671291,0.9686855005159958
342,0.8715194197337054,0.9378742132661433,0.39572877367174847,0.7975659452940376,0.6680481180739326,0.9936291803339634,0.7709054467641066,1.0,0.9491658087608991,0.9110025933115193,0.8079946110226469,0.9328843995510662,0.8267652066814438,0.20405391951044127,0.6202564102564103,0.8864171275781569,0.9050429547777691,0.8582950291091478,0.6222625413801884,0.7422074652630867,0.9109920497753197,0.8724206739176966,0.7541258720167601,0.914727719044607,0.30871100339591667,0.5477401365094039,0.9910022324512285,0.9945054945054945
343,0.8020962750303069,0.9376860840271827,0.3969542367846825,0.9041322314049587,0.4719777747797511,0.9862284845684464,0.8238391129982277,1.0,0.9829378276993564,0.9603055533069572,0.7974631578894625,1.0,0.779605151816105,0.14981265043797615,0.9464285714285714,0.8577573005565351,0.8897028670630073,0.8110654874639265,0.4218680117802924,0.8628409090909092,0.8291098115659519,0.8136332599730669,0.6320732378072191,0.8214110508228154,0.027129939548957153,0.7415507613084417,0.9548399294986349,0.980909090909091
344,0.9435107376283847,0.9746980849289097,0.6243872182897623,1.0,0.724508357755389,0.9744736017888076,0.7947207764244854,1.0,0.9492853997256266,0.9119094437192665,0.7559517693399312,1.0,0.5990539337131392,0.4021062988454293,0.7024765931742676,0.855341039762083,0.81912003691551,0.912344650373007,0.6311408570936817,0.8915484633569739,0.7146044373877074,0.8625441212314316,0.7458087039263843,0.866633695493951,0.3329119038418893,0.3251176562829562,0.964978767864051,0.9841597796143251
345,0.9081344885985604,0.9403738725720879,0.7465571739805967,0.9271419637273296,0.7172642982823197,0.9930819341355652,0.8387472173505938,1.0,0.9536839884471938,0.9297221332777171,0.7727910468768571,0.9861111111111112,0.5789572793391143,0.22922220170119328,0.8708791208791209,0.9134288066081677,0.8460294322416946,0.8817097776490723,0.6282919880480856,0.6261179785296886,0.9246503496503498,0.787903642792023,0.7895632195274144,0.9315038515406161,0.35420806718211945,0.40514085299152913,0.9767590395841289,1.0
346,0.9333065566059118,0.9460435845125086,0.505300316657392,0.9765432098765432,0.6351926678759345,0.9689044901720817,0.7295517007467274,1.0,0.9165011198586607,0.9351561742533735,0.7703905976507388,0.9095238095238094,0.8755530900458467,0.367460567648731,0.5792826661247714,0.9157257953215662,0.7210715887664436,0.9189818256719909,0.6458821070234114,0.8526385224274408,0.5542869700806848,0.8333489153854399,0.715413975370546,0.8841991341991342,0.2625526080661066,0.6134275027840593,0.9176529788508765,1.0
347,0.9243751230848005,0.9340125616759458,0.5803956667034033,0.8647202187961799,0.6534155716282712,0.9612616213108681,0.9209500499624835,1.0,0.9111248678607433,0.8938370867542164,0.7349055457978383,0.9225,0.8324861915542328,0.5953428478829548,0.3479029424681599,0.7763708708727788,0.771196958475425,0.8937283849522555,0.6582006024529059,0.7905454545454544,0.8277181152181153,0.8770938265958628,0.6416071620460229,0.8491239951043872,0.5232933550301009,0.44854017003139807,0.9968055555555556,0.9682539682539683
348,0.9924172794117647,0.9573612672262868,0.6301065715855323,1.0,0.7789188939130904,0.9760993027825492,0.8416428478913973,1.0,0.9328994097200223,0.9238530674568426,0.8038280952682986,1.0,0.652614574370897,0.3195192870889465,1.0,0.5791951312256611,0.7518144339793078,0.9154449258917571,0.5160888473936719,0.7171505960772259,0.8570679320679321,0.8065114432895639,0.7655119002099652,0.8619887826977379,0.5181803635432667,0.8120519610234768,0.9780142425304299,0.9999999999999999
349,0.9012721958997808,0.9527407552835011,0.5003970381609699,1.0,0.6598782590917225,0.9902320852659134,0.8264353373695806,1.0,0.9016504576919585,0.857683919398418,0.8123790998041264,0.7392857142857143,0.8685278502695493,0.15780584605182318,0.8851190476190476,0.8371855758786102,0.7721836431790665,0.8900642478357601,0.6891687552213868,0.9114942528735632,0.8302587945801518,0.8915196332021005,0.6476182876521618,0.6742233078390723,0.5666666666666667,0.618381690985407,0.9409701751478345,0.9814987789987789
350,0.9909073094258279,0.950297255362063,0.6853802716105528,1.0,0.647156822748191,0.977331783898038,0.6836624666509089,1.0,0.87461512608852,0.9151673758167113,0.7913404507914255,1.0,0.6377339047728106,0.3354520298147749,1.0,0.6503233811382064,0.8421844739042014,0.8304945910184266,0.5389830616892255,1.0,0.9658119658119657,0.870862255036573,0.8142739991806657,0.9134615384615384,0.22835249042145594,0.5356478032962194,0.9602311480732348,0.9787545787545788
351,0.9469339383813067,0.9225882518061675,0.7187273114845625,0.8984930274403958,0.609712925639071,0.9820357160509914,0.8366664436455113,1.0,0.9365919401183563,0.9328916397043471,0.699533050226294,0.9682539682539683,0.7906690841711361,0.25054703792545957,0.1717436974789916,0.8408177697523083,0.6937608522208363,0.8708415226350328,0.6859962719061983,0.7572299597647787,0.8924908424908427,0.8675276100457503,0.7076290476920764,0.839006236651084,0.3391116802306462,0.5424361014886099,0.9385534036677697,0.9866452991452991
352,0.8719817497817534,0.940406862897297,0.6150593574805151,0.8410636982065552,0.7600961168455065,0.9882608476456497,0.8369870467062173,1.0,0.9366114423924417,0.8656822850976384,0.7151834747297372,0.961734693877551,0.7781829275746638,0.2686723586875982,0.5774916786693118,0.8324355321036245,0.8979255997614075,0.8249246483301217,0.5577254704998451,0.8074293700689376,0.7471378329841365,0.8828997287313489,0.6405557414386596,0.8673851409830703,0.3439394212119031,0.5638601902915383,0.9735904096549418,0.9945983379501384
353,0.9254519263845888,0.9388931201014425,0.6919411721560437,0.878968253968254,0.751637377107674,0.9529112481786987,0.7874868133364779,1.0,0.9495676904356766,0.9163111224182768,0.7657407803812578,0.9708624708624709,0.7478982451872457,0.04348666408967917,0.703104984683932,0.7897713930444807,0.8323905740898119,0.8047416657406707,0.8854785954785954,0.8375982042648709,0.6634802091112771,0.8453780646357937,0.7974764859253766,0.8528566863007698,0.317731737948189,0.4979574484425693,0.967802371514413,0.9572979797979799
354,0.9583882559523169,0.9167360087650919,0.6248538529862203,0.6004992337941384,0.7313724836136312,0.9887292658919318,0.8567563832889455,1.0,0.9086228298411896,0.896733383432389,0.7774686110843785,0.9325396825396826,0.7432997407680972,0.32745537903304894,0.47633532742228396,0.9099548825158582,0.7727914227428467,0.8851587534941161,0.8073151958594145,0.8858695652173914,0.7349013819744126,0.7804830338921465,0.6737180732853824,0.8195757151992848,0.21570807645171872,0.6675821716348563,0.9476693129549543,1.0
355,0.9534795527406364,0.9403590611810633,0.5051678761209609,1.0,0.7262414753355066,0.9947035256395765,0.7919424299531905,1.0,0.9333137625133678,0.9603445320634861,0.8584844736006668,0.9480519480519479,0.7876330793129446,0.11142124005027229,0.7680672268907562,0.5838568744166409,0.8558768706815667,0.8524190592217987,0.16536836845779934,0.7967266852263547,0.7783139468110566,0.8378817615863059,0.7517435519247387,0.8688038219641994,0.46286273724334176,0.6435517943739226,0.9633961569136097,1.0
356,0.9283436238765739,0.9103029335023598,0.5955707031173207,0.7967228969331968,0.741792788435411,0.9823581629744077,0.7944730595493661,1.0,0.9356324620407813,0.9533402907290548,0.7925987897207437,0.9722222222222221,0.8149287579849545,0.36105495190826203,0.8813455988455989,0.8018885590886909,0.8392434340090124,0.8415043079844607,0.7972113753661656,0.7215473656848914,1.0,0.8483305834019594,0.7276811767603162,0.649841350438777,0.43307967725898294,0.7562674797049797,0.9540807912953677,0.9958333333333333
357,0.9999999999999999,0.93481953292093,0.7888223445280145,0.904149377593361,0.7290995356656279,0.9694763719513433,0.7912457993977532,1.0,0.95627435743765,0.9555496337651692,0.7898062830892081,0.9945054945054945,0.8200797128745908,0.34221754465809534,0.7472789115646259,0.6875769086295402,0.871584507921372,0.8571444984022624,0.4682181000746401,0.833593698188008,0.5654761904761905,0.9150580857643899,0.7493430104959751,0.8797670809809992,0.20396800825593395,0.5948106513556299,0.892661329036256,1.0
358,0.9866269841269841,0.9156053335187994,0.6145833333333334,0.6783482593171521,0.7343163438361205,0.9917220679247464,0.8786039668017569,1.0,0.9806790315217981,0.9120128684038925,0.8272245445238898,0.9935897435897435,0.7811210728715792,0.2587676020145955,0.6174691810827884,0.8693482916939977,0.9629152230105043,0.8974879656407324,0.7614073061441482,0.9104023347925788,0.5665429321975483,0.9077203271881915,0.5543625575555444,0.7216014824463752,0.3970881921894088,0.46852970325536736,0.9263344745117427,1.0
359,0.9314721709117084,0.9633796160843702,0.6488792442552167,1.0,0.7694212747771102,0.9877776693655441,0.7867112927020151,1.0,0.9646234153840322,0.9239626703941679,0.8113724329924602,0.980909090909091,0.755826623851225,0.42600680463335827,0.5722222222222222,0.759016997156975,0.8488249655846043,0.8947729530352435,0.8228216228216229,0.7351763823144093,0.6899466424612096,0.8557006770557345,0.6577841339132701,0.8915861125014269,0.42828893808686846,0.5708947100009186,0.978011384380547,0.9758877040094789
360,1.0,0.9475282017367936,0.5530288069418505,1.0,0.7509434457319527,0.9846416165589362,0.8524873092982077,1.0,0.9658841664020635,0.927970267783976,0.8844998785879249,1.0,0.7516242811353373,0.05719414297912996,0.8321428571428572,0.8045191270596364,0.9040852727669484,0.8886619966959948,0.6100720156132527,0.7306586300823031,0.8152908862699073,0.9020491903429034,0.7978789739672093,0.833058608058608,0.26086807286453234,0.6509092193562573,0.9751937190875029,1.0
361,0.9159594144675415,0.9212842087989561,0.5182477840369049,0.9952380952380953,0.8099140734537147,0.9769894545545217,0.8369549079002521,1.0,0.9515377574452116,0.902741670357594,0.7368822448508656,1.0,0.8301233304597129,0.28966312485284335,0.553516139657444,0.8752034300310163,0.739446164620156,0.8851017737077168,0.6372798122643323,0.7902412053355449,0.7383947289607666,0.7844567862625106,0.6999201706182989,0.7896807244357028,0.05710831301432491,0.4899155303693875,0.9297620872350423,0.9958333333333333
362,0.9840510366826156,0.9310930191018374,0.7414990055842644,0.9461538461538462,0.7407616830134007,0.9933172609583385,0.8062613629858445,1.0,0.9681813122606585,0.9629482470589067,0.7079173826039785,1.0,0.8090407177363699,0.45435752877613345,0.5917948717948718,0.641808366925215,0.8594777764460636,0.9039296213458764,0.37156552032305046,0.6666862456912891,1.0,0.8733852861185974,0.7306379598706239,0.7635274872116978,0.2919028587044573,0.5685459231645144,0.9470034772111834,1.0
363,0.892230342378936,0.9340813551658756,0.5882105866457676,0.8539547743655576,0.7516541471689699,0.9731214167760662,0.8530918792175354,1.0,0.9585111866268955,0.9504701933231671,0.7561729523235785,1.0,0.8103710882295126,0.35204409214841126,0.4413365346138455,0.8174114347909609,0.7492146595380162,0.875211547774023,0.8279292929292931,0.7556048351059076,0.6590659340659342,0.7489150660764102,0.8120306554910812,0.9201006605850895,0.5190530822275405,0.6169112807769445,0.9665664193007214,1.0
364,0.9461760461760462,0.9575236064868572,0.7016463838722753,0.9821428571428571,0.6720480031160709,0.9809788271396981,0.8106553951674009,1.0,0.9609626997604568,0.9464649492161099,0.7398338645800341,0.9873949579831932,0.7416322434910307,0.3106787545473775,0.5250803145539987,0.7515332741220186,0.7257298312435683,0.8839897152320951,0.6351461669643488,0.8436426116838487,0.9412878787878788,0.7464977742858511,0.7293848414244309,0.5012699054136432,0.12226061510399097,0.44062099324341186,0.939958518481562,1.0
365,0.912390318446219,0.9577766518470188,0.588560915062463,0.8170613034106757,0.6880393258495097,0.9816825716017188,0.8525798330991661,1.0,0.9394550966783508,0.9352718590242469,0.7619755056557345,0.9451515151515153,0.8054232188094762,0.5797845217534338,0.71,0.8243374188508039,0.8601733678591388,0.9462380874843476,0.49902259402259397,0.6893743147850486,0.5307789316774028,0.8366273573448786,0.6749264818160825,0.9137593756392807,0.46134868421052627,0.6767089537919084,0.9788030370948122,0.9444667505159958
366,0.7456970645592145,0.9538524228535974,0.47548833875624974,0.742958082068344,0.7095337077981543,0.9944237096350073,0.8410548770398727,1.0,0.9579324732167009,0.9273046732066205,0.7656429791411443,0.9812773039317662,0.8493534236984162,0.08888888888888888,1.0,0.749344697550194,0.9143041949435957,0.9225353308381538,0.770285552237424,0.8403901734104047,0.8919801980198021,0.8280642591138878,0.8126815268928747,0.816361913332349,0.4653702754614532,0.4027553399800696,0.9570032065256981,0.990909090909091
367,0.975,0.9494898862230634,0.6486782281117989,1.0,0.717660300558954,0.9827149113571507,0.9040960047656449,1.0,0.9185825672975023,0.9213422652719919,0.7639725103682031,0.8998397435897436,0.8333582542021751,0.17465315578193036,0.766170634920635,0.7835054401459508,0.6996600695385206,0.9003420413730964,0.6182584082584083,0.8999999999999999,0.7195699686927757,0.7519763003049775,0.6587683244255546,0.8431641360853236,0.24129062114356234,0.5239351012465121,0.9748416125853177,0.9913888888888889
368,0.9042205394149763,0.9296455075664449,0.6538785311371574,1.0,0.6809270669425987,0.9712274397483632,0.8942195646979862,1.0,0.8544065071841395,0.933872848320867,0.7639124858044989,1.0,0.647863841383573,0.3118589602400888,0.48175396032538886,0.8853803275172476,0.7398678490834294,0.8921144722697183,0.7307073770874676,0.7826645264847512,0.8791666666666667,0.8608007041436644,0.7773220024228832,0.7788991379693466,0.5265050156107379,0.45685736713472275,0.9288148330321186,0.9266666666666667
369,0.9839485197572154,0.935407831024157,0.541812766072806,0.8792735042735043,0.8533843863611377,0.9905515894718845,0.6602758177461582,1.0,0.920745985496513,0.9322889352830407,0.722514965125962,1.0,0.7256648791218723,0.28221612477140523,0.8055555555555556,0.8591699593741838,0.7843140988401983,0.9027175321339656,0.3886054421768707,0.6787148594377511,0.811111111111111,0.863452700783654,0.5254291408087652,0.8715768799102133,0.364814704223483,0.7603303837957995,0.9628282918896867,0.9924242424242424
370,0.9187614468864469,0.9565784215683034,0.37197716505579176,0.8094603076293517,0.6595186618109755,0.9838339134107502,0.8923823854464382,1.0,0.9711082510492686,0.9465361840125506,0.7605954486341957,0.9571428571428571,0.685674088118133,0.49664303221288514,0.541086691086691,0.8521921841774782,0.729290657917758,0.8764227742249855,0.5382936507936508,0.8052700831024932,0.9246503496503498,0.8753882134835104,0.5862351130157049,0.7764717126606694,0.1846004232413969,0.6274474196362193,0.9743719149822118,0.9379251700680271
371,0.9924242424242424,0.9467686143345055,0.5214460116477501,0.9841597796143251,0.6297664168960269,0.9612128168598446,0.8545791175156319,1.0,0.9235536525101238,0.9602171900219142,0.820062196777146,0.9571428571428571,0.8810462079186803,0.4988095238095238,0.75,0.9040242243420066,0.8061022407043168,0.9530005918308578,0.9589457550996012,0.9480519480519479,0.8769455252918288,0.8020107122920541,0.7933237511445269,0.8049801270853902,0.0283522171613203,0.5510751767701113,0.9513973626052312,1.0
372,0.9012889530812325,0.9568318639290457,0.6926095185911069,0.9821780783319245,0.7274812386322173,0.9929096870626887,0.8720738854542396,1.0,0.9252072072292081,0.9507737297919039,0.7517614342043911,0.9120197983834348,0.8220697147149942,0.47824621474856654,0.4654431216931217,0.6574581204078735,0.9682125572552069,0.922072948493496,0.7077660935832812,0.8163117420881396,0.5943208052451749,0.9104193800278605,0.8400170060367311,0.8940627999451529,0.36003595123647353,0.5562843581921024,0.972619308802388,1.0
373,0.8787444692403127,0.9490086280200153,0.7669304504365848,0.9328817733990147,0.6969090254186033,0.9633065902412751,0.9044322502636278,1.0,0.9386532963073835,0.9030492116254719,0.7875288075496167,0.9722222222222221,0.8866756246264633,0.21985445340927068,0.8875,0.7972368704566847,0.7681216606582822,0.9283942575026805,0.5740884631364508,0.7780970809535456,0.44636752136752134,0.7968649884843089,0.6289746884078834,0.9456845238095238,0.32794117647058824,0.5493860042812889,0.9565544960967609,1.0
374,0.9707362082362082,0.9675294126295407,0.5423663809769491,0.9833333333333333,0.7028317948000211,0.9853703301050132,0.8109716641818876,1.0,0.9392277248309576,0.9079070341126576,0.8195791397227753,1.0,0.7552096632979043,0.032076768444435064,0.42503163140418043,0.8490813658492686,0.7561212019380698,0.9016420233117737,0.5000502068029624,0.925,0.8480880821306352,0.8066349757355394,0.7646428011031416,0.8662377690089166,0.0640763997906855,0.6066281250769546,0.98737432102484,1.0
375,0.8964308996880874,0.9557708674301887,0.6441762788223361,0.7076520572256875,0.7655295227119858,0.9865059115035644,0.8252876227012571,1.0,0.9215983269769696,0.9254621079161802,0.6646955962508017,1.0,0.621357305608061,0.10967311877846823,0.5426143790849673,0.8323594043869833,0.8266294177772553,0.8397235949153606,0.5809738309738309,0.9527435610302352,0.7876789222565252,0.898831845323694,0.6027554205178787,0.9050531502788305,0.28759471532961534,0.7732981003866404,0.9499148768508289,1.0
376,0.9169659608684,0.9341436494723554,0.7244006809437838,0.9040160642570282,0.8101404979966719,0.9791790391601665,0.8913937021056192,1.0,0.8970246113319517,0.8904115560504996,0.6515943787288296,1.0,0.824735508351111,0.25681441915968833,0.904320987654321,0.8604773234662317,0.8233389836912565,0.8776562839892449,0.8445067109450672,0.7870268157214976,0.6471408392574426,0.817825894750687,0.7425840658265713,0.8500632304203732,0.18353768059351816,0.5533789982750718,0.9719226194019437,1.0
377,0.9841841445719561,0.93010575139621,0.5260077503135634,0.8613269575612671,0.7988214207947162,0.9860776120475272,0.8373275777817176,1.0,0.9217987005043955,0.9090201547039019,0.670037854602292,1.0,0.8519736573276245,0.3366821903679122,0.47084377610693395,0.7489188991214757,0.9079142989866955,0.8611421671004542,0.5291597291597291,0.8169149450917408,0.7405862028743386,0.9033103607527382,0.7526849422714934,0.8146368528619738,0.3850547511078654,0.6734145301612007,0.9592178508354279,1.0
378,0.9600367853675982,0.9361302589691355,0.3798003560909946,0.7974165832849743,0.6468738123567391,0.9931134515292572,0.7257092905641191,1.0,0.9147998582369099,0.9128185737181223,0.7530186826682381,0.9444444444444443,0.6667787085009347,0.36696133171303136,0.3929083560662508,0.7998646990971344,0.7838322367172641,0.8662121314011879,0.889848246991104,0.8157755557755557,0.5347378706940685,0.89306308852212,0.5520269712226032,0.8121310062486533,0.3671217400797704,0.6253271951236656,0.9817248569755396,0.9654108309990662
379,0.8608256851262499,0.9521823680671426,0.6744618014735467,0.8553050469199537,0.6259405755720615,0.9684249394775944,0.6666376088709408,0.9999999999999999,0.9116492116606566,0.9185657909732224,0.7751500642888888,1.0,0.7321534499850617,0.10388571380269504,0.6171705194234839,0.8124063188334756,0.7995084507329349,0.9034058086976636,0.6930916305916305,0.8323155376479476,0.6480814580667821,0.8510195686435016,0.7025340041439639,0.7825015682227483,0.3214846170678823,0.7989116811497327,0.9728204344507297,1.0
380,0.9722639696904404,0.9469939450391207,0.6789196876475974,0.8652968911228941,0.7477795709314443,0.987945391896694,0.8982671403114765,1.0,0.9946530011511077,0.9208399183109098,0.7866190268948997,1.0,0.740376230118154,0.5477891420268916,0.7972222222222223,0.8192220317346662,0.8935576876502765,0.8783160886368108,0.7015890971773324,0.9205851619644723,1.0,0.8411770615032654,0.7739629693399552,0.8815079365079365,0.5578167293853568,0.45305768220527676,0.9656280219790223,0.9861111111111112
381,0.9746031746031746,0.9364918584332825,0.7612008591110758,0.8792918454935622,0.745091235033897,0.9642706598424424,0.7421680177900528,1.0,0.9583806351537137,0.9518450225881394,0.7414861425020798,0.9888888888888888,0.7796775030185881,0.12795491867791517,0.6872232664995823,0.9492110453648915,0.8153475191641547,0.9307827666025266,0.5186278974436869,1.0,0.9,0.7910330903127233,0.853272368142086,0.7775201288244766,0.5709603736966921,0.7399042978525866,0.9317411288361878,1.0
382,0.9440312738367658,0.9486746165560664,0.7483167873903027,0.883405091285526,0.5890991897166596,0.9731627475021764,0.9273467410679687,1.0,0.9602525594697013,0.9863995723563064,0.7990270813493457,0.9999999999999999,0.7381859247880294,0.3045674132630654,0.7784743107769424,0.7323534705534759,0.8828962687555796,0.8603375992469618,0.5130020669236356,0.7559628338253759,0.975,0.8768857302984513,0.7490721401240353,0.8757721746084917,0.420602185586828,0.6838285586501913,0.9715773614223412,0.9841597796143251
383,0.9907216297825172,0.949619283136442,0.5859002785317649,0.8076144578313253,0.7575855062140084,0.9809456329255991,0.8898108858504897,1.0,0.9517531855010583,0.9196489951656776,0.6321369709717792,1.0,0.7640488937586337,0.278432471920844,0.5986050241468199,0.8677847314835683,0.7667049874114404,0.9336012281083399,0.3906419406419406,0.8920094353530885,0.5699633699633699,0.8566652512236977,0.7145367429610364,0.8269586006099164,0.2610983102662613,0.6818221622568538,0.9765018543912437,1.0
384,0.9621428571428571,0.9116488326794574,0.6302188514835124,0.9041322314049587,0.6809959338471508,0.9910623974707532,0.7088986200005881,1.0,0.9501303799775763,0.9401971291643475,0.7034438266728793,1.0,0.7695918859292732,0.14479970757241434,0.6711111111111111,0.7153621069783251,0.8570633766317692,0.8594951355535494,0.5648998060762768,0.6728321763488003,0.704910797009997,0.8954094126260576,0.5583199551856058,0.9125203420003327,0.26971662409021174,0.840517356025938,0.9422650744295286,0.9536042240587695
385,0.9061745909423504,0.9355333620778707,0.597459919529966,0.8514775413711584,0.7645522024762577,0.9955126338118041,0.8616699810453884,1.0,0.9481554368142643,0.9216777978039575,0.7085874101250803,0.9537087912087913,0.754296402619208,0.306916830233172,0.44317390148625846,0.8245040582840506,0.9104772423571253,0.9306231979316532,0.6883458646616541,0.9059727971614431,0.777422249970734,0.8604125135373761,0.7674210438495719,0.7693098804850789,0.2855913390125737,0.46388432899060655,0.9785690869719679,1.0
386,0.8859957167063874,0.937281814612886,0.5446994119949032,0.8409506750750614,0.706510213834866,0.9790413091503616,0.8745175094135574,1.0,0.9162608562977439,0.9667524938433185,0.6694986669893194,1.0,0.6108429122411857,0.4200941872137524,0.7849097031514439,0.7793375640164107,0.912812254909956,0.8564399200687428,0.6466777931901585,0.7631895047797966,0.8819444444444443,0.883423533662226,0.8229570162990787,0.7916172970016018,0.005681818181818182,0.6404113032719879,0.9608400617097984,1.0
387,0.9301146384479717,0.9479726966754901,0.7274611954952511,0.7810624231267236,0.5828429136811348,0.9765200015726672,0.7661532200638801,1.0,0.9820651824877189,0.973838636247089,0.6796058055867715,0.9666666666666668,0.831723779173919,0.3017565326154934,0.7142755392755393,0.6285679225195353,0.8827041901795897,0.9259892213260821,0.7004879715024642,0.8526394197259478,0.7724392940072131,0.8275141395261146,0.6617945438692787,0.7755611519198475,0.0969222944242127,0.6765084382696771,0.9671158121484738,0.9846415489272632
388,0.9910714285714285,0.9390897099816193,0.5495291381650383,0.9324776785714285,0.6739790228529315,0.9620519671348194,0.8649173957282399,1.0,0.9571332895779089,0.9454798695051991,0.7702271635918078,1.0,0.850532602814857,0.6496947496947497,0.8734126984126984,0.6862803395612727,0.7295906943931579,0.8403886615320425,0.4485742619953146,0.7132185571028817,0.8482323922094477,0.883248185452638,0.8451254955534125,0.9267752639517344,0.3629294289616737,0.7728266242698175,0.9442736923536419,1.0
389,0.9646469113961375,0.9463557381732182,0.4902714000236065,1.0,0.6709538122158781,0.9629340453139342,0.7616136123736873,1.0,0.9801420005851121,0.9575992499587399,0.847124870775645,1.0,0.7656207054599403,0.41536688306478675,0.5728297229779444,0.7368473053842199,0.8545333621577624,0.8817979795244526,0.46563164332151674,0.8882849880382775,0.6229271932306615,0.9289857170172814,0.6223071014115107,0.7947430078147952,0.25193617202893703,0.5517717280952577,0.9573012859661952,1.0
390,0.8556234687192827,0.9179120503829157,0.7283335118055616,0.9371943371943372,0.853304755754434,0.9797122729064418,0.7994263366843385,1.0,0.9155312585735546,0.9307907203261847,0.7926245786360337,1.0,0.7058591725460237,0.29880342194193765,0.5769230769230769,0.6790832445918672,0.8083914540879519,0.8824301929318674,0.5835143135422964,0.9189601139601139,0.503329712112982,0.8634542010446126,0.6610658713345998,0.8676603461107092,0.8329931972789115,0.762254499564854,0.9439188205793649,0.9882506127450981
391,0.992156862745098,0.9424753352926442,0.7262193672956679,0.8686335403726708,0.7103391775060092,0.9923669342848646,0.749833057436123,1.0,0.9548281237809776,0.9524216902874624,0.7601135771191393,1.0,0.548240853860049,0.2277974694223705,0.24503968253968253,0.8439607168625025,0.8918342996580857,0.8805318831307593,0.6559552141510451,0.8042776488888496,0.7483164983164983,0.9535044374877679,0.613101966104745,0.8224356805385552,0.6061368242369526,0.6403831295442385,0.8931960800334775,0.9472222222222222
392,0.9066468341037871,0.9160719197416693,0.6160526663864733,1.0,0.7287553488307451,0.9932628478653449,0.8678790393672664,1.0,0.9221512419403086,0.9299774953091664,0.6622161250613933,0.9472222222222222,0.5592652896527218,0.28317532620057223,0.672077922077922,0.7428839883821936,0.8002852936651742,0.8503587565021908,0.5886913014363994,0.8964502164502165,0.8998038441647465,0.8467184035231,0.8066846410910611,0.8051195014174108,0.20621993746993747,0.536156152348559,0.9536948211967109,0.986013986013986
393,0.9397494964090554,0.9607497781396787,0.6343726043524225,0.905155450609996,0.7943641981288423,0.9789329916831191,0.9103132136986213,1.0,0.9233388097958986,0.9380991593827318,0.739600986095924,0.9797979797979798,0.7450367947416533,0.2942697704431497,0.8531264057579847,0.8200166484913763,0.9118244107672379,0.8172892063002692,0.6343900127617128,0.8587134502923975,0.9,0.8458446996569438,0.8051874847383925,0.8915998647048875,0.2112938596491228,0.6135107606494482,0.9808108347461847,0.9866269841269841
394,0.8709712075633864,0.9553068776335008,0.417307668404523,1.0,0.6903895874268967,0.9908329886008456,0.7146143010287452,1.0,0.9567436830068141,0.9259434833505411,0.7475127429613596,1.0,0.7425026433846995,0.07924730810629242,0.6901098901098901,0.7508841399235942,0.9052422082326613,0.8255009829713577,0.5457251082251082,0.7278002761873729,0.9123364555456438,0.8446657419580001,0.6670545790567523,0.9088888888888889,0.027353137998051096,0.572488232848687,0.9572282734203275,0.9913888888888889
395,0.8649681909017398,0.9390471797597586,0.5709426088659979,0.8975890289758903,0.7329760696984383,0.9912573573334138,0.8114178286278179,1.0,0.9758892868211211,0.9627022171192818,0.5768883165606993,1.0,0.6703204673835168,0.5094827586206896,0.6077104064766403,0.699157702532305,0.8109120664338019,0.9124810478922871,0.4604319930448829,0.6824312511841273,0.6686121919584954,0.8202020031921727,0.7080190607941977,0.7237950153711024,0.30703668422924646,0.6388893109426527,0.9682430697051179,1.0
396,0.9118857088551425,0.937583559528394,0.7337784412010419,0.7860795527732694,0.7090175758468547,0.9947061312511645,0.8442376130923125,1.0,0.954113840703906,0.9345954275783135,0.6136149901345236,0.9855769230769231,0.6184975830654842,0.18432975564070841,0.7576775575215734,0.6690250977597396,0.7850380006709575,0.8556975079064604,0.6518835679370796,0.6312411975474438,0.9115604575163399,0.8120649994212848,0.6360645109983234,0.5793937139565555,0.266104578283837,0.5036627598267388,0.9347025122602639,0.9666666666666668
397,0.8988733870799087,0.9162639753184169,0.38617897787892325,0.6073905417256966,0.707278039375596,0.9620094610240307,0.7385996278879684,1.0,0.9553789487194813,0.9120450165788877,0.7834066363176404,1.0,0.8209206395453186,0.4126722652885443,0.5406247705584528,0.841072163692265,0.8485326170653837,0.8451240855758042,0.5361646973715939,0.6909266168492142,0.8708333333333333,0.8278806079842141,0.7336762898322094,0.8383443627347651,0.3920486620410908,0.7958203058995736,0.9492703072116759,0.9873949579831932
398,0.9999999999999999,0.9469500916407674,0.587715105789638,0.9274247491638796,0.6670959327148446,0.9809925458283619,0.8797960591591781,1.0,0.9463964834392979,0.9542337597718433,0.7382493862150263,0.9583333333333333,0.8107069885592381,0.4953916396103896,0.7278572288821091,0.8767354062118768,0.7834788008328456,0.8749624989605473,0.4508019156691609,0.7588207982701718,0.7821959210040605,0.7673178124302804,0.8059773713652754,0.8350783667880854,0.4722222222222222,0.346513050537868,0.9629875520761135,1.0
399,0.8669611432249619,0.9332847446741078,0.580256947156416,0.761221837795494,0.7394435390392826,0.9887341753379535,0.8755244040376421,1.0,0.9256260142284783,0.901683819702543,0.7518310762610974,1.0,0.7312927992991827,0.6472308221534228,0.46195804195804197,0.8853461010763577,0.8788467426226929,0.9183848277105275,0.37409156538959665,0.9145975670721547,0.8999999999999999,0.8911422038627713,0.6708589249668279,0.8646191646191647,0.3126479452420207,0.5105727521158412,0.937637899033896,1.0
400,0.9470723104056437,0.9573775024947198,0.5904277801462624,0.8246077865214129,0.7930646995011883,0.9948334921425381,0.8922961255811912,1.0,0.9703943288913901,0.9201198449599046,0.8074471409763383,1.0,0.7004500568874426,0.7666666666666668,0.8294563035942346,0.9493519388298296,0.9008078099134412,0.9049078175073716,0.5373730363436245,0.8290928379371776,0.9625,0.8275167562534372,0.8287745589961018,0.9761865038413027,0.35706125510393427,0.4116753073631561,0.983174814734102,1.0
401,0.9518864468864469,0.9439077061979186,0.5322443299478926,1.0,0.6897322309936396,0.9785860837876181,0.8528431736344633,1.0,0.9614826413569382,0.9231081567447365,0.8343343380761769,1.0,0.7661209118830663,0.3054002659355991,0.7715287798621131,0.7725249077707379,0.8998437538840015,0.8807826605088638,0.7010095102882332,0.7743397653744213,0.6239973078744672,0.8478026145210756,0.6908986589786263,0.8405483989694517,0.4738265306122449,0.6574188187064014,0.9500782866658495,1.0
402,0.8712169446393087,0.9468255257261801,0.6604413688323723,0.8541827593605837,0.8147838156736688,0.9884740922072623,0.9627527151211361,1.0,0.9457518712329143,0.8898509482880789,0.7362898525138256,1.0,0.6383462158095213,0.1713548685524045,0.81,0.7594054716215617,0.808723003398306,0.8847816367182721,0.38973118384883093,0.9406593406593408,1.0,0.8540234672888618,0.6702537076958129,0.8422023650539275,0.24085981843355872,0.7618000005722196,0.964495833248552,0.9952380952380953
403,0.9395042732618603,0.964076033199479,0.7433822948321941,0.9821428571428571,0.7707241775292226,0.9725286354070171,0.9000461117498221,1.0,0.9106997779080022,0.8744683714393411,0.7508213418471389,1.0,0.755181764535377,0.18611382909328114,0.6112364243943191,0.6476764571508595,0.8420952671915471,0.9331167982214151,0.5801547374802762,0.6212225274725275,0.8019342359767893,0.8494191776051176,0.5789369597683868,0.9397067655891185,0.32296171094019094,0.6951455444784749,0.9713734406345506,1.0
404,0.8917977177375673,0.9497573615361403,0.6852129190298452,0.9654761904761904,0.7767053119762537,0.99717607398595,0.8854264468582681,1.0,0.9720005716034924,0.9768089876666983,0.7937725460653049,1.0,0.7863129656038681,0.2600488089917844,0.6331998665331998,0.6507674320329685,0.9595695970695972,0.8176356177964484,0.804421768707483,0.8371206470753982,0.5869669705065745,0.8355850252124333,0.8324707699251155,0.8045132219327034,0.22794871794871796,0.6825161035898276,0.9585433793502084,0.9543335452426362
405,0.9464285714285715,0.9358515396635859,0.5247490711138499,0.8259574339713712,0.7055437597255886,0.9825484571310873,0.8520598004282965,1.0,0.9832927484768699,0.9641161196953089,0.7232436525553235,0.9572979797979799,0.7810090899251758,0.5907618729309906,0.6979166666666666,0.7290140765393662,0.7700771711394249,0.8800416769387382,0.6412590797948854,0.7501287947143231,1.0,0.7755818370215081,0.7388385276429303,0.8715778474399164,0.5312639814385886,0.578296800833021,0.9400975151907487,1.0
406,0.8798843318239868,0.9169471711427645,0.9153207903207903,1.0,0.7795498001588559,0.9798592846857368,0.8037429089542464,1.0,0.9796263738743624,0.9519884173032727,0.7927650372117568,0.9651515151515152,0.5838886871196812,0.1646969696969697,0.6384428579550532,0.8256172688690805,0.857249919838381,0.9158254999984915,0.4914872198879552,0.9519230769230769,0.9019157088122606,0.8651449442027204,0.7366635076413746,0.7915997069466811,0.24161975177233921,0.6746422593520767,0.9664397878341631,0.988588334742181
407,0.9380102439006682,0.9336769026986398,0.7134166981186868,0.9220565149136578,0.6580841440802412,0.9812805237528748,0.827022040189924,1.0,0.9431368093121667,0.9419656837862929,0.7250959673862701,1.0,0.6305413537247639,0.10857389109489951,0.34902349828820417,0.8985149829162433,0.8841837747206572,0.860627584894564,0.5353465832413201,0.8761168863869355,0.674661508704062,0.901706144089303,0.5410700338167345,0.7805358887450402,0.2772653173713725,0.5241821732756672,0.9384485472600511,1.0
408,0.9500624219725343,0.9483874094802722,0.7048364107671461,1.0,0.7853147991297484,0.9949093406559946,0.8806062108374951,1.0,0.9700646825243623,0.962850811386806,0.7614854317757022,1.0,0.7802150177295658,0.3991236598014092,0.5327380952380952,0.7084413112886709,0.8103306931098835,0.8671124851747813,0.48102904040404043,0.8803860769113847,0.6767055169513797,0.7323606139148718,0.8301335420307943,0.8135642135642136,0.5560801366671844,0.603840584653169,0.9601302016077127,1.0
409,0.9153337834481902,0.9467847337950889,0.5703587861541383,0.9833333333333334,0.7697109197602799,0.9855102557996104,0.8222882675953219,1.0,0.9728879663228135,0.9519288496177201,0.7663772438995811,0.9704861111111112,0.6438180907991988,0.04943325917643679,0.6769649621212122,0.6848870277991643,0.7460598847351481,0.8905242159437312,0.5560985797827903,0.8132836530838752,1.0,0.8449271419354977,0.83829893238299,0.8479145861243048,0.21167089844177975,0.6707854031082334,0.9741491643214438,1.0
410,0.859050789207835,0.9392624658856941,0.4619114851790165,0.8411398705823793,0.7102162372592993,0.9822994505498658,0.8583547061825773,1.0,0.9626217586229016,0.9132333147761403,0.7137363247250337,0.9833333333333334,0.7354840513705964,0.08877028474059226,0.5683333333333334,0.7151503626766648,0.8102142214555834,0.8323630054553791,0.5510294925957576,0.803603301675137,0.7918889306722006,0.8336928945532248,0.6583219643341176,0.8506128767296393,0.2816658341994867,0.4546159225274489,0.9788281167826413,1.0
411,0.9004734848484848,0.9299158194725268,0.8722515591149133,1.0,0.7139454460775596,0.9785105280219469,0.8277688775034986,1.0,0.9075555271070591,0.906233928897089,0.6537561858719364,1.0,0.7525887178664956,0.48577838188846334,0.4465926930212644,0.7855646747332895,0.8270562381390278,0.9447888884530302,0.7307738276216538,0.8267877492877491,0.6646391660163253,0.748240176115634,0.8220296184144837,0.8698929800892653,0.47457152439577693,0.5175608226297339,0.9420527465162034,0.9935897435897435
412,0.8984775355968007,0.9448002887663555,0.6978200678865824,0.961734693877551,0.5038753615362771,0.9878340858947253,0.9116675720997363,1.0,0.9583426441348175,0.941270779821063,0.7856325135048217,0.925,0.8141311167619926,0.513441009932238,0.48685559080295926,0.9184214862415554,0.8762395338935776,0.8973874585104754,0.4396845209202189,0.735316244107739,0.45142875309026603,0.8101926744234298,0.7843826394782129,0.8980349715643833,0.12747512798222738,0.7005153233021627,0.9594777520075808,1.0
413,0.9602204106280193,0.9311795923607197,0.7564461968068721,0.9419191919191918,0.7379385233352745,0.9892797337068474,0.8692684312151345,1.0,0.9391464678924359,0.941782110603273,0.818146721954554,1.0,0.686280766150104,0.4260130033259673,0.43160747744081074,0.6409746986309631,0.9261164906614248,0.7569637008251568,0.5734695234313264,0.8061177143462668,0.8359765234765235,0.8371102297043306,0.6247489170373881,0.7399539146143075,0.4720496894409938,0.4976738584920067,0.9752511341028582,1.0
414,0.9430638565586663,0.9486644997259411,0.6907728162324736,0.868671679197995,0.7558959486249912,0.9825645155538092,0.8429074616464146,1.0,0.8460643787466918,0.8981088845053528,0.7314353469238231,0.9325396825396826,0.7527104164392301,0.40022991678971764,0.7349768652400231,0.8019355334346002,0.888541811115662,0.7832121957584964,0.2675039815257207,0.7660670729765489,0.5658268733850129,0.8343803356572852,0.8609820251795612,0.8538563897943159,0.09791769699523617,0.49659918181487117,0.9002047863069731,1.0
415,0.8764483814765319,0.9417205301407711,0.4350790044653436,0.88272030651341,0.6776634362401256,0.9888428722558085,0.8531571335312365,1.0,0.9588673104401216,0.9380266274352704,0.7148422454295599,0.9761904761904762,0.6495271840246777,0.1174373501952442,0.4363492063492064,0.8514288727634445,0.9127263151290611,0.8425841748574459,0.5019766180285765,0.577102614184877,1.0,0.9270177032389224,0.6897860263625641,0.9126167691957164,0.23440074262513302,0.7115229878193963,0.9448474665675726,0.9707362082362082
416,0.9533897029886335,0.9330140264905934,0.6033167849668071,0.961734693877551,0.6960110880172914,0.947958460113365,0.7858438897018867,1.0,0.9870913240297177,0.9744372403270086,0.7894211788392188,0.9888888888888888,0.6941619624002023,0.17750332303308156,0.3908605555664379,0.9095932334019559,0.9056204152791083,0.9021029727574522,0.6599106528576343,0.7141006638289247,0.859047619047619,0.7751111287382806,0.5986655806055997,0.7885733027037374,0.30289925869156636,0.6125538879353599,0.958705043917905,1.0
417,0.9400753054845126,0.9604039995505527,0.6214889856539371,1.0,0.678243103836519,0.9891397961545385,0.954263704558137,1.0,0.9376232588797365,0.9248134176316518,0.685048546152308,0.9325396825396826,0.7634222529487052,0.12878787878787878,0.7894945697577276,0.8740282893920666,0.8878041679610598,0.8703166014671532,0.7254231879231878,0.8917790622992935,0.9752747252747253,0.8380654332050914,0.8150366787177965,0.7818681318681319,0.47140130424761695,0.5292421607266672,0.9270009290756619,0.9901360544217687
418,0.9395461309523809,0.9534322592320714,0.5656557101221132,0.8828258967629047,0.7040362355421198,0.985908490032722,0.7842660652474474,1.0,0.9485829293544158,0.909482575189214,0.7821765128077257,0.9325396825396826,0.7554421179653379,0.23749138043471052,0.496784345922277,0.8934078181047975,0.7441297793981273,0.8764890007829909,0.37004727728411935,0.744725440681323,0.6400227573758767,0.876659306932757,0.7714011986292882,0.7932914801021419,0.20442472112837887,0.5431171740578868,0.9471242677712287,0.9368131868131868
419,0.9618607570619955,0.959008503378752,0.6019603566902896,1.0,0.7889398060625413,0.9872956071930463,0.8705876069630232,1.0,0.9816947637440304,0.9574164885466387,0.7443585304007334,0.975,0.8172378066144741,0.08878701825287041,0.5870039682539683,0.81036357306694,0.8268680981765061,0.8996135034855944,0.9003118795346987,0.835574894514768,0.6656362675687032,0.8555105007573963,0.6763439836684297,0.7419972501739419,0.30629232976135845,0.7596153909956791,0.9687488600760049,1.0
420,0.9447212788611654,0.9487534256570754,0.7658219017045439,0.8942676097848511,0.7001886372842996,0.9877839720740363,0.8810681073353092,1.0,0.9644194630829496,0.9570728545641153,0.7555333170882301,0.9651515151515152,0.6456595477910626,0.26884144422998135,0.8266806722689075,0.7346381238024622,0.7866033750135187,0.9030924182376061,0.7204002501563478,0.840224795640327,0.6593267932039525,0.7702507592277767,0.7201422420471051,0.814117364117364,0.5335289514866979,0.49150083173921855,0.9447830362224207,0.9913888888888889
421,0.9300162297873968,0.9512525813892048,0.6984213337484924,0.7540485829959515,0.7634959029433964,0.976948922393064,0.8603704129967491,1.0,0.9573119929283196,0.9521922305978422,0.5800029321913787,0.9924172794117647,0.764103427299399,0.5345040529251057,0.601978942676617,0.8646010193378616,0.8318263692901078,0.9176372799799377,0.762348346667772,0.744976501487224,0.6686236138290933,0.9165112378937,0.8851776729991991,0.9725378787878789,0.35293033843613875,0.6525850085651383,0.961025603163381,0.9787545787545788
422,0.8376368923734272,0.9680751575637885,0.5900387303074569,0.7557404929184789,0.6955732883815879,0.9914176332340854,0.8163192292807488,1.0,0.9530286271145216,0.9304126611313762,0.67058917338174,1.0,0.7815541960401615,0.40230374200962427,0.6079568318155274,0.8776448454080032,0.8727274608802301,0.9109152651911032,0.5196119852369853,0.7375541125541125,0.5769267822736031,0.7131895218939329,0.7190709043122364,0.8556031532247274,0.3712162176230496,0.4994225690441657,0.9745900045242364,0.9512908496732025
423,0.836166969264791,0.9384684030656195,0.5425624975803569,0.9079103716138376,0.7341392787475363,0.9781417755434361,0.8058395600308784,1.0,0.9385711769438622,0.9142157189129488,0.7017177155724169,0.9787545787545788,0.7562591316757435,0.3118532889874353,0.4639249639249639,0.8546613848666158,0.91116810339287,0.9180856547055852,0.7371868983910735,0.9679144385026738,0.691928957043669,0.9189825646795464,0.8175374388997959,0.9716610549943883,0.1388762332066609,0.5939360567012925,0.9729222896039511,1.0
424,0.8828462827211262,0.948598455332444,0.5790890521121571,0.9999999999999999,0.7448419340051863,0.9956505928725496,0.8154209817771425,1.0,0.9606254417758557,0.9828291555379867,0.7948331325053453,0.9805194805194806,0.6678358071548907,0.3369493251846193,0.49545547385620914,0.8284851928924939,0.8379703973116233,0.8800652248296852,0.4282512626262626,0.6661221724007111,0.8769417475728155,0.8597952353501568,0.7101817126014838,0.8738455988455989,0.3486124524099421,0.7454778036140806,0.9488695056628251,0.975
425,0.9146412978822254,0.9216171645094537,0.564092296715154,0.7829451917386376,0.6713364190872145,0.9877866325200582,0.7854361858968163,1.0,0.9923308760578533,0.9678233187081304,0.6942257497175921,0.9697979797979799,0.7927923140249398,0.34801633183986125,0.6368480819020728,0.7197774286904722,0.8190829648177752,0.789306610277407,0.7841599190283401,0.706650236815526,0.8909090909090909,0.8538153794216261,0.7762536836221652,0.8858979750937725,0.4272998766513838,0.47048379504939064,0.9838355359396534,0.9795774498883374
426,0.9866452991452991,0.962534458725368,0.3536387813692953,0.8512708052181737,0.731821233815203,0.9960646074781793,0.748781642666763,1.0,0.9181512675463299,0.916004343768356,0.7490525295060927,1.0,0.6940475336765989,0.48378310519267964,0.48593551056786355,0.8812911010348146,0.9030518714596298,0.9289231963511626,0.5083333333333333,0.8624009084850398,0.5876226826608506,0.924481872941657,0.7026996475702062,0.9523751085840638,0.7618587360594796,0.5913721921635727,0.9747718788504895,1.0
427,0.807642031171443,0.9446148333936022,0.3927291583163952,0.9372549019607843,0.6448438760589342,0.9817757594891969,0.8213218774656222,1.0,0.935863250954037,0.944003495961749,0.6822855734975994,0.9797979797979798,0.8359772659552496,0.3616384504345387,0.56938150708312,0.8218114497374686,0.8584111823048306,0.8834972333700442,0.4686131537635297,0.8916136845292159,0.7465389268857477,0.9054821594672944,0.5275124656027798,0.7729169211293068,0.5184726707866327,0.5898148301542804,0.9251037079883071,1.0
428,0.9583333333333333,0.9529064003939556,0.6556888820828248,1.0,0.7413770923878783,0.9834355318306354,0.7814999208911788,1.0,0.9683725962356077,0.9130456286266653,0.7489442030818698,1.0,0.5853461146582081,0.018832515379829957,0.6864209664209665,0.8193941082137677,0.8932502472641257,0.9332925665354203,0.6935883325693109,0.7609184665078974,0.5670666680782288,0.8437044654183136,0.6495248678435089,0.7553224553224553,0.6273809523809524,0.4902222546600356,0.9696145486342185,0.9924172794117647
429,0.9429202279202279,0.9302067288402468,0.7381288300223832,0.8591602397916908,0.6488231152234003,0.963825084707893,0.840685390531182,1.0,0.9751590350907086,0.9392852822999391,0.7518595111503728,0.9888888888888888,0.631723150080183,0.37334767542830805,0.7284858387799564,0.7350810384176484,0.6771405490872334,0.8949056782506324,0.6288693041452499,0.8728097656421756,0.6162464985994398,0.8457855306905643,0.8453140050220265,0.8629734214873533,0.504950495049505,0.6853308735085476,0.9521871045156329,1.0
430,0.9461042311661507,0.9554595263547458,0.7210341696388207,0.9051367911085779,0.7004358472374891,0.9913114062218326,0.8831652592438727,1.0,0.9544850361628265,0.965393936817143,0.7980833037135455,1.0,0.7828967815246667,0.08680987204703346,0.6255226480836238,0.8358971162405823,0.8024900821236627,0.9239265234961707,0.7691402843188556,0.9833333333333334,0.6908268733850129,0.8935780693872027,0.7808742348340068,0.8447039592514429,0.028920292389328563,0.440196702422165,0.9546109599497142,0.9913888888888889
431,0.8803191489361702,0.9475287439468566,0.5910561863260964,0.9040650406504065,0.6986648231992539,0.9857113888698789,0.9683451924831235,1.0,0.9133139111335191,0.8987957595839572,0.6595752619569475,0.9805194805194806,0.7579525990412089,0.49406739973399777,0.6694625633347437,0.8351641471598876,0.8918742270415285,0.8789662317922783,0.7081990231990232,0.6767063808779239,0.7536726334369365,0.8446515120821584,0.6177607835452926,0.5841901437120873,0.16084872278683793,0.8610150878533231,0.9255483145179806,0.964122485066421
432,0.8996183026309247,0.9485757614268673,0.8174429506488688,0.8417946668745857,0.6618371667311655,0.9732252891553982,0.895066923940479,1.0,0.9368144092124602,0.9240079772342091,0.7177213504438376,0.9166666666666666,0.7912159607826789,0.12638058728307794,0.7803571428571427,0.6759450147863282,0.9307127295362589,0.936534975112347,0.8061249752426223,0.7479299789842879,0.6670363122417915,0.9116548138565956,0.5411016447163607,0.813391124482687,0.8666666666666666,0.5873283690423322,0.9565468649079694,1.0
433,0.7366016241678378,0.9586057028071266,0.6403637999128644,0.8537454668602634,0.628542216319049,0.9783519593339735,0.8235763095923486,1.0,0.9772921731255064,0.9046795630909342,0.6936222978196758,1.0,0.8810163777203592,0.17043304805453138,0.6206419028999675,0.794068195325311,0.8986880555036664,0.9021312600651966,0.6257678451293002,0.9439465536907283,0.8271830271830272,0.8989384198423718,0.8099977336594872,0.9064094658302333,0.347392599030787,0.517335878309717,0.9576685592402985,1.0
434,0.9050620248099238,0.947867007013088,0.5303065277511788,0.9065517509900769,0.5334574088808788,0.9523392631974966,0.8835372802518955,1.0,0.937526856739548,0.9405087359684571,0.7928485319526583,0.9797979797979798,0.7902170813877603,0.522393414666142,0.6713227513227513,0.8452949538459028,0.9244833718066998,0.8898569104837857,0.6466173810490609,0.9027624309392266,0.8590808416389811,0.9366987212905535,0.7096370973557781,0.8796105854929386,0.4186015734521792,0.5159060856537789,0.9595604116942065,0.9910714285714285
435,0.8531354906106433,0.9522020962906889,0.7073278377689006,0.9040485829959515,0.8044884220022314,0.9653704471848935,0.9086362420079231,1.0,0.8642617801251097,0.8450632441159355,0.6699588269219116,0.9805194805194806,0.8424996092912833,0.24262148578186313,0.6041666666666666,0.7689658774848045,0.8750915849774434,0.8845878027321024,0.7941365007541479,0.7052044447004899,0.8769342359767892,0.8991559228860576,0.8336337298318071,0.8540608465608465,0.43516577165188614,0.5194574895699512,0.9657838511397072,1.0
436,0.9001851844517252,0.9468940943432371,0.4885055858959391,1.0,0.6758281843928879,0.9847081005856867,0.5885924303666915,1.0,0.9598357670005111,0.9318159670989625,0.808607020322033,1.0,0.829733327216752,0.427146963144671,0.7629117370496681,0.939026159281409,0.8997803133279934,0.8951255318389345,0.6647105980439313,0.8255551890941074,0.8611111111111112,0.8846672018105173,0.8117751175341238,0.9178616790845892,0.12916722602586475,0.8043578730408407,0.9027632131081622,1.0
437,0.946343625404881,0.9408421328599236,0.7166340247719173,1.0,0.6479795524052947,0.9899310856030404,0.8728684618725553,1.0,0.9546337344537466,0.9300195351980195,0.7526080831314257,0.980909090909091,0.8064593233610393,0.09425634227682615,0.5853630055521046,0.8571849497766375,0.8092659633742336,0.8553640057588044,0.5118606215097443,0.9750688705234161,0.6225777172904031,0.7922643053301901,0.793808989895959,0.8545808966861599,0.4861842572569065,0.6993016395932939,0.9429312083296828,0.9945054945054945
438,0.9804148852523465,0.9413352385104586,0.6500294358506604,0.8599784862100133,0.7053536683287219,0.9679239571885891,0.8956524839626403,1.0,0.9548508977598422,0.975346503691465,0.8066117074408636,0.9583333333333333,0.7578937549932304,0.11395434251970755,0.7212797619047618,0.9154428363824344,0.853796027908046,0.9248569979252736,0.8519383601473154,0.6695992179863147,0.8767512750975786,0.9196506636289064,0.8626126715817981,0.9322103335261229,0.4012655553518431,0.7060202881949542,0.9783566459526931,0.9944444444444445
439,0.9281746355051717,0.9328674889365337,0.6058039354438547,0.8791666666666667,0.72182993753522,0.9887552703863632,0.8351981934522041,1.0,0.9393046402730891,0.903459794072934,0.7591148305531802,1.0,0.8176154898952122,0.37203759646992257,0.5741820938609037,0.8319769774885528,0.8930857631354902,0.9120615018668976,0.5244660894660895,0.7791022262954901,0.7729791669957456,0.8920885902642062,0.6562597835790076,0.7253906123997448,0.12651498862190685,0.6369610225389198,0.9253112295858419,1.0
440,0.8308804713804714,0.9477382577542325,0.6517837418412871,0.9841597796143251,0.7448032122630902,0.9802553254568394,0.801830397928032,1.0,0.9247793487966355,0.9101831876962256,0.6709765476567476,1.0,0.8081506678187762,0.1848093083387201,0.34701797385620914,0.8802115220107876,0.8671593430690852,0.9524806322877034,0.715168230775843,0.8535723872087508,0.835086088542061,0.8468077705388343,0.8201994888862923,0.9676989676989676,0.15027677621013,0.5230462847521778,0.968967237998398,0.986013986013986
441,0.8664302406251142,0.9556495744387294,0.7684461158150703,0.8376436781609194,0.7196261831527498,0.9689143490614666,0.8214419584247166,1.0,0.9572921798347811,0.944259729948973,0.7823766894159722,1.0,0.7749802954893216,0.2683895430372442,0.5626997758576706,0.8490359426757105,0.8478510883600967,0.875830709340519,0.6130103293896397,0.8482729920932168,0.8446444296068355,0.86369255870221,0.5033896786417831,0.8545691440912029,0.517181754746609,0.7649062405957935,0.9907551235718801,0.9708624708624709
442,0.9345707070707071,0.9271604456804534,0.7648220077212712,0.8929025589015446,0.7119342077741209,0.9776052990597193,0.8750958226394223,1.0,0.9049876006574785,0.884646790279008,0.754210918514786,1.0,0.7987486467774698,0.32434090497093904,0.9148860398860399,0.9501883264089197,0.845552987763331,0.9203433978175533,0.6849276454539612,0.879120529464172,0.4309805366389336,0.8518413997519779,0.829154670348483,0.8527868723246873,0.3976034016554961,0.36568894093310556,0.9289117108792775,0.9841597796143251
443,0.955154420742656,0.961009309577334,0.5497356431719902,1.0,0.7303984083628943,0.9946381611219984,0.8025577991830448,1.0,0.976230144121842,0.9827517697998716,0.7440542860464794,1.0,0.7698151586852267,0.6129327517720374,0.9308035714285714,0.8803155903155904,0.8534707589381156,0.9130409618253157,0.7043712062865074,0.9185442946208497,0.8508241758241759,0.8496024153796157,0.6299493471482662,0.8251723766429648,0.3446938137364713,0.6151050858288314,0.9526472967302392,0.9888888888888888
444,0.8532992419534035,0.9458988748880658,0.5857959199237134,1.0,0.6407779332387518,0.9837348785781681,0.8953993793012887,1.0,0.9278920027830883,0.9408996889987582,0.7731822657965178,1.0,0.7124257558527639,0.4159313089107609,0.49331785345717233,0.9047985519812145,0.9106647240715589,0.8456538527653136,0.72916749191259,0.8333653811914681,0.739054593578197,0.8620095857402088,0.6887130977154831,0.7331536388140162,0.5298260869565217,0.6686094050800936,0.9776264657833237,0.9701923076923078
445,0.9150101137327548,0.968180697875909,0.36373643307209497,0.8946728971962618,0.7345881452328884,0.9842014208411948,0.9213115942985005,1.0,0.9318651842764417,0.9636186161736149,0.7486945250709824,1.0,0.6275499455233304,0.127983099398117,0.8928952991452992,0.8749720844138476,0.8445856704782638,0.8895079619315642,0.7010957792207791,0.9722222222222221,0.8386430908241158,0.7992977646406123,0.7812267100704803,0.8456725216959134,0.06105383037467346,0.5812644796600271,0.9405826169786581,1.0
446,0.9097985347985348,0.9488903044846925,0.6441446309395013,0.8077701572432252,0.6660516764276232,0.9915341330081325,0.896586511797502,1.0,0.9222392519123382,0.9367296532258734,0.7336715210931002,0.961734693877551,0.7782143916460618,0.45897029095953823,0.8458069708069706,0.7495455850826189,0.8524390683184885,0.9176670181471105,0.8105750412268254,0.6480696933135166,0.7247474747474747,0.8393496928550127,0.7751299874185017,0.9387982348111659,0.3508771929824561,0.5514226330743249,0.9506175237040555,0.9952380952380953
447,0.8575655114116654,0.9539907725747621,0.6755185216663256,1.0,0.478493428804489,0.984139505701322,0.8588810976495092,1.0,0.9256924041690727,0.9524374134130036,0.7023905968866118,0.9791666666666665,0.7346236719723758,0.33623929525991375,0.5328362114076399,0.7892948104536724,0.8550022339938306,0.8330937363742056,0.5625,0.8351117886178863,1.0,0.8236935871225536,0.677193504075829,0.8560608828610812,0.34980528094505253,0.5144477780207246,0.9539764112206057,0.9543335452426362
448,1.0,0.9020099504622622,0.6042972000041429,0.8659866971190447,0.7228948278264193,0.9941661069768972,0.8813088692992378,1.0,0.9327559088745213,0.9683369940100166,0.6839805933661487,1.0,0.6994504158039012,0.3917688792688792,0.6703325575506027,0.7536948673306957,0.8260907766069744,0.913497688821508,0.7077437809774766,0.8354166666666667,0.9,0.798892457194939,0.7998746510795188,0.8354340176490977,0.4067982456140351,0.6242299798431045,0.9650011316319561,0.9708624708624709
449,0.9070329216692918,0.9380143854906083,0.5973435940051738,0.90390625,0.7446762233887919,0.9910265991542153,0.9700611221126052,1.0,0.9458319388974953,0.9122927250939047,0.5588281348412272,0.9797979797979798,0.7939760058623838,0.43836780715614176,0.8135575080234523,0.6404568220771637,0.7844592263464812,0.8648425565206089,0.6827174813490603,0.9196172248803828,0.8352527191298784,0.7823732848567971,0.7233865294317311,0.8273664649396172,0.21253067794000552,0.7561689818392024,0.9635137309730303,1.0
450,0.893227336389101,0.9293589823301608,0.5925955123545067,1.0,0.6300522771788021,0.974135575137206,0.9288585085864381,1.0,0.9223633899057999,0.8941959954904413,0.7096707076716099,0.9910714285714285,0.7008479826121903,0.4954560835374789,0.6285341095685923,0.7816325806868569,0.7624612827648543,0.8889182736965845,0.6720006184291899,0.7736581920903954,0.9447368421052632,0.8608393518297632,0.503412239151805,0.8745176518883415,0.27424759112802305,0.568902280452273,0.9612329887646067,0.9833333333333334
451,0.9172308346415489,0.9689768031335501,0.6873627363286263,0.9162419105909159,0.685258984316131,0.9554006094514718,0.757484716778753,1.0,0.9479928855131774,0.9410661130045072,0.7091818455980947,1.0,0.8593840936465501,0.1394512400797165,0.6536237084365427,0.7705204566978379,0.936600090396666,0.8603419507576071,0.6272087204787871,0.7854372998275437,0.6846475343642054,0.9746616424207567,0.7067351220923491,0.816049691049691,0.19694889726808576,0.5498879891040654,0.9507469640919399,0.9526289682539684
452,0.8904049675241628,0.9503514692055156,0.6522335809982943,0.9415485829959515,0.6829345698565392,0.9776464339593499,0.8054404380425053,1.0,0.9222729543569874,0.8816334312901628,0.7997024648244682,0.988095238095238,0.8337415809955439,0.24867626752647504,0.7861765430844377,0.6805703649617829,0.9086967537209072,0.8335402923762232,0.5485467950167633,0.5437412163605188,0.9285714285714285,0.8827579952015882,0.7170872833179963,0.7779040404040404,0.17392408756586203,0.60150183213902,0.9601646143825686,0.9945983379501384
453,0.8568749886131254,0.923033744838968,0.6472832203383786,0.8401174932544754,0.7331295895922374,0.953283395401694,0.7678464874393993,1.0,0.9086938851837998,0.9199655617759179,0.749383304606439,0.9855769230769231,0.7823206915728621,0.30068300413828863,0.7627314740951106,0.6510239851648874,0.9313926738078326,0.8608322895334762,0.35565618591934384,0.7740030802530802,0.6436524209790554,0.8611309220738187,0.6785540193292331,0.8625979277132777,0.5234061379934497,0.5279160195435226,0.8776671791333862,0.9938080495356038
454,0.9389916131937409,0.926570309943727,0.6603319247520311,0.8077071195813174,0.8177948305594619,0.9726816698813247,0.8125893406755756,1.0,0.9023558428841456,0.9369024021163437,0.7369706834711497,0.9571428571428571,0.7134008385365749,0.6851805439524737,0.6979166666666666,0.8328876895178856,0.8922925074526828,0.8630639350371183,0.40724645724645725,0.925950486295314,0.8850399600399601,0.9256147908798465,0.6236987665321251,0.8711767601008229,0.29018649935358926,0.6885512190666389,0.9853881309139332,0.9697979797979799
455,0.9568961059644289,0.940914545449748,0.459452955558393,0.8789525691699605,0.744220389447219,0.9906677393403058,0.7552663234318836,1.0,0.9430017398031789,0.9465057313704978,0.687348939473504,0.9328843995510662,0.5347651040779289,0.16260905652972746,0.45021645021645024,0.8176717339347834,0.78394120271126,0.8917059316794542,0.489601361406368,0.7334680025856497,0.7137132492550449,0.832465287274488,0.6908573595025228,0.8217728217728217,0.1741326506798623,0.4577188991936741,0.9524411193318361,0.9368131868131868
456,0.8686075615801404,0.9365537261195158,0.6196815441016079,1.0,0.5712401882775281,0.9819940826160751,0.8536868040011243,1.0,0.9228697648148516,0.9306273703576726,0.8457233011751727,1.0,0.610040213955036,0.24687276760949078,0.535240156668728,0.8735516934046345,0.8369670253130137,0.8618946373210356,0.2546695085856478,0.6960476427609721,0.8430215617715617,0.886329269244354,0.790207900428893,0.925,0.22783842302801338,0.6627607341419399,0.9793192902607676,1.0
457,0.9184937284937285,0.9259354274506046,0.5417827432617133,0.9066307695792,0.6163732533192786,0.9935540160638061,0.859740153818495,1.0,0.9077324298926693,0.9397076419373528,0.7552993416083718,1.0,0.7167193116146945,0.4901212287926024,0.43903318903318905,0.8299500106870422,0.8847163845367524,0.7770071840600602,0.5589036565429754,0.8170127525842813,0.9441642827607739,0.8607998537660718,0.6281296824531484,0.7642578980660524,0.21250140718225824,0.5480972918919101,0.9435001078841221,0.9697979797979799
458,0.9242418634889994,0.9620762808417275,0.6008002513060521,1.0,0.6516458499459034,0.9754243385421398,0.7476955840670687,1.0,0.9543935234827555,0.9378523507393016,0.773933252166808,0.9888888888888888,0.8140541444273939,0.41726896292113685,0.6412037037037037,0.7092368888421521,0.9186808011046402,0.9006345490992175,0.6760832804903827,1.0,1.0,0.9261015690659515,0.605314357244479,0.8475633062589585,0.2796367733464238,0.8160106147722246,0.9398305462702142,0.981547619047619
459,0.9427856678440152,0.9587609888691535,0.6963967406134485,0.880744890548812,0.7968566747437764,0.9819746088341773,0.885708188789022,1.0,0.9830720405166924,0.9129363755556934,0.7799630861621152,1.0,0.8520838109786901,0.28554939294771,0.7802561312641957,0.9149950582693243,0.7424536185555661,0.9205468661941032,0.6231108221525721,0.8122748676076663,0.5916128508446553,0.8488766861337067,0.7432852307809947,0.8705284088320902,0.11462107690299046,0.6668031567853083,0.9638812983320297,0.9767387525185514
460,0.8721249111194763,0.9451259080338822,0.6304981396053029,0.8800871538552982,0.6843510791886066,0.9450814412448494,0.8528379431708031,1.0,0.9517348364806937,0.9416491741883903,0.6351004427538979,1.0,0.7755729936401017,0.28961738190084,0.8588235294117648,0.817290680105545,0.7556161496427521,0.9461221658113615,0.646538665435904,0.6205590386624871,0.7885110294117648,0.8205247317660764,0.8393936434157252,1.0,0.31886529394663665,0.6561709805135687,0.9814353560666649,1.0
461,0.9745402113414536,0.9739229061524244,0.6902148158044948,0.9935897435897435,0.6370240594483544,0.9865185025710879,0.9110600390381379,1.0,0.9332258923301857,0.9326433450118218,0.7239818720987726,1.0,0.6713464074539777,0.36534926470588236,0.7114087301587302,0.9458661145617666,0.8871302541793755,0.9176058182514172,0.48912351341928806,0.7038591038591038,0.9714285714285715,0.8401069440559359,0.6938306866213714,0.8482587064676617,0.21357206547323748,0.7367909155587301,0.9654232206621283,0.9910714285714285
462,0.8283624158297044,0.9303184102083049,0.7243441765980363,0.6981650312468871,0.7578218038629922,0.9800901056021016,0.8147962553642577,1.0,0.9521656911611133,0.9218640301947525,0.8020309141657144,0.9761904761904762,0.6746562003341274,0.3288653273392452,0.6681337181337181,0.8477480576818324,0.8395404952125657,0.9121752824613446,0.5522152090333909,0.8661059120617943,0.7483164983164983,0.8242732399913368,0.8087192397343158,0.7844980355575897,0.6845238095238095,0.41421384875157286,0.9794372449891062,1.0
463,0.9916743613419513,0.9330292398685192,0.6842994185311556,0.8318288621159244,0.7286080179393812,0.9915949631090338,0.849136241424957,1.0,0.9116804413208486,0.945851259010128,0.716978306469694,1.0,0.8203422265329291,0.4688093217698481,0.18184406070120357,0.8848024113944524,0.8505240297341495,0.8114983693416138,0.3557981927710843,0.9180194805194805,0.6375757575757576,0.8759886942524834,0.7861970339792258,0.8710554967907909,0.2956121892292105,0.6451737151887723,0.9508850681960905,1.0
464,0.9188219070212778,0.9682706569940244,0.6563224020098017,1.0,0.8267492892617424,0.9847092317672056,0.8412967394319688,1.0,0.9241206930857016,0.9087990013736439,0.7379983659195062,1.0,0.849849618941451,0.30335978715321393,0.5181818181818182,0.9132318389553291,0.863659672054623,0.8790901387067577,0.7009739607878407,0.8290288819526579,0.8611111111111112,0.8603078571000944,0.7797886349510256,0.9278711906033887,0.4963480385551693,0.5333546963783196,0.9570586306631081,0.9649678604224059
465,0.9795075925106884,0.9373987698770948,0.6242622416134894,0.9659090909090909,0.6066822610727475,0.9648927409818898,0.934855448032095,1.0,0.9376231656927685,0.9115262128907524,0.7152695319713364,0.980909090909091,0.8177464553771173,0.0959114959114959,0.6845098735208626,0.8528345603119383,0.8142974241107173,0.889561463614289,0.4716868170192978,0.5965589887640449,0.7227060030528238,0.8280950658552018,0.6943181628168651,0.738043379465281,0.5461251254233037,0.6379153976664795,0.9723433120435698,1.0
466,0.8389318586601301,0.9481372105067692,0.7016450875698628,0.9209401709401708,0.7099073078471293,0.9724054838286127,0.8001512207380168,1.0,0.9466925865725675,0.9436736224950786,0.6335084702232474,1.0,0.7624099993855905,0.4757687165775401,0.911096256684492,0.8028369105942036,0.8345596613268738,0.9053636416162599,0.5836351170329499,0.9340659340659341,0.1366693929480189,0.8012104905164018,0.7803699348885502,0.9535087719298246,0.41097758636658327,0.7643550991874999,0.980689752218827,1.0
467,0.935436507936508,0.9639533098699452,0.6133701201367394,1.0,0.7337472256531832,0.9788609452676726,0.8923021883014597,1.0,0.9427019687367604,0.900560389795214,0.7345381168595351,0.9569667505159958,0.7789708473389918,0.004424778761061947,0.7394104630946736,0.7417405110215867,0.825935122024226,0.9006542744882671,0.5323075707342138,1.0,0.6967080891762645,0.816614961715469,0.8444929768313242,0.941872771836007,0.36397047146384043,0.6984152842545628,0.9399608798544163,0.9713435374149659
468,0.8635251648462969,0.9176655902501839,0.777686254558647,0.6940061255240976,0.7642559586607176,0.9875344896383587,0.9437734660195789,1.0,0.9235826863039595,0.9508757112360755,0.73220675536094,0.9569444444444444,0.5349215344282179,0.4455715986288742,0.7850568306564658,0.8312345053896805,0.8527131577444411,0.8956223726839649,0.49391093474426806,0.691186725572423,0.728979745363083,0.7954482281907285,0.6046704056406357,0.8036045423783618,0.09002445842068484,0.6335098389968482,0.9741601837936837,0.9328843995510662
469,0.9217946827853949,0.9571077086362226,0.6785138090405739,0.9861111111111112,0.6692575753678327,0.990592203898051,0.819292317544842,1.0,0.9537549334612397,0.9242152854460967,0.7235204170530661,1.0,0.5748150292966347,0.4214938549611533,0.9095238095238094,0.8970063497733776,0.8484235761054113,0.8624448988134682,0.525494813867576,0.9141026112828473,0.761223895801499,0.8613237018152616,0.788338663644239,0.9216830403065221,0.3477387045812925,0.6297600326959735,0.9771860876650632,0.9266666666666667
470,0.8635406198575118,0.9471625437576672,0.6024809767473658,0.80758406374502,0.7477557333532446,0.9793461680298197,0.875836411620295,1.0,0.9547013418929569,0.9564607212407197,0.7071057363242806,0.9797979797979798,0.7862916592196686,0.664983164983165,0.38463901689708146,0.8893425073316377,0.8614005421961834,0.8866553733739719,0.8048781298748251,0.867415988991661,0.9218115218115218,0.846957374836099,0.7882263893543066,0.8603354162177692,0.3149140539066455,0.5967615099192639,0.9301487780450157,0.9751850713389175
471,0.9892077318641813,0.9479814816034046,0.6271511347819987,1.0,0.8577379475658768,0.991435288849082,0.827933871177461,1.0,0.9460596806789928,0.933782981342562,0.7868064022934145,0.9833333333333334,0.7924909582668502,0.5265640905175788,0.5728835978835979,0.8790892228704682,0.8358700790626866,0.8712059291377666,0.6262668270959686,0.7941912083116207,0.6908809207613988,0.8770679858057677,0.7633508153024119,0.8658865386419565,0.5955613014436544,0.5651002064253274,0.9509490819373428,1.0
472,0.8690598236595581,0.9539601702652177,0.5022439930669744,0.8460223616473617,0.7385654489949911,0.9776437322963741,0.8744983826656475,1.0,0.9596475190028335,0.9571314595732748,0.7464090098287658,0.9575757575757575,0.7385347703684367,0.11853616863517855,0.90625,0.8016496545928677,0.8390846833043146,0.8945363849971655,0.5489307430295803,0.6300176376842697,0.7813516386295213,0.8312229121104213,0.8362184430993559,0.9156084656084655,0.17738463485318695,0.6708166663786843,0.9344633011359922,1.0
473,0.8459400875166484,0.9072024125583693,0.5865606724335827,0.9020188788421484,0.7298995475075511,0.9459330340208858,0.8413313884959924,1.0,0.9443501391370263,0.9529122663783813,0.7638322582056561,1.0,0.8211858341829061,0.1800847065552948,0.5622400475341651,0.8316300358170926,0.9237070794145994,0.8497112448927723,0.4461228620235973,0.6487118462875668,0.8274170274170274,0.8558538743160164,0.7174807143128257,0.9073135767717047,0.48367068765760235,0.5188950751906231,0.8364827566068654,1.0
474,0.930111785450909,0.9525564666802476,0.4705090856486669,0.7719086829346475,0.7413092980390393,0.9950285592210303,0.8567237482577452,1.0,0.9603793916406463,0.9300894666647219,0.7432191932116321,0.9888888888888888,0.7588063695943971,0.38470787161824893,0.7088235294117646,0.7142392016742873,0.7836432301608468,0.9382342721066622,0.6564510233918128,0.6112319673341824,0.8439264439264439,0.8370612681684033,0.7443402744508492,0.9115961199294531,0.5740740740740741,0.26300046914807557,0.9667425781472868,0.9833333333333334
475,0.955873374991022,0.9478063612434027,0.5506831553608283,0.8650624993976542,0.6673037782675569,0.9900892507378791,0.8280044954591506,1.0,0.9739308866199997,0.9183868303029025,0.7590117954775736,0.9752747252747253,0.6324732272428206,0.15254448798092063,0.847463429816371,0.8498082534267213,0.6244635044732834,0.9030826796285557,0.6754889951318521,0.8889280082812744,0.7492526798068607,0.788607843382953,0.8150589644384627,0.7831139636601762,0.3384531590413943,0.6819676864196437,0.9318148328979733,1.0
476,1.0,0.9473721286254679,0.7306901444551884,0.9039370078740158,0.7307545177033322,0.979495958626634,0.8135820568283405,1.0,0.9262595908481911,0.9091879476151498,0.6734882301864128,0.9659090909090909,0.7089369340867265,0.47396723646723643,0.9617224880382775,0.85344175296008,0.8437303150834115,0.8954319579410253,0.5040150625978091,0.8595558650572578,0.8909090909090909,0.8940756527419506,0.6430570607578837,0.8053603427897966,0.7074232415847321,0.7233547208701552,0.9308112960026232,1.0
477,0.9754697673432167,0.9581953397386133,0.5696062827695864,0.9136284722222221,0.7478423592456555,0.9471716056850723,0.8839976004722923,1.0,0.9891331222674107,0.9623585877262715,0.8163224821276868,0.9833333333333334,0.726687376185646,0.210989010989011,0.6368212197159565,0.7331645265402071,0.7845975443434476,0.8816016017522166,0.6025494774250993,1.0,0.8018975332068312,0.8290870310283657,0.6996546411186325,0.893283480440231,0.3894134048764349,0.47205223212199593,0.9695939159131512,1.0
478,0.969901216974715,0.9359416832216115,0.6075189114381715,0.933116883116883,0.6690266032961409,0.9832050102085004,0.8270559271343583,1.0,0.9642122487544604,0.9398909157478464,0.7381591498126833,1.0,0.8789935064935065,0.23954925884274117,0.14957604663487017,0.7958392536074413,0.7377369352134789,0.8943636357700155,0.39688644688644686,0.7737212514261694,0.8192234011199528,0.8549180884688871,0.6672528794427277,0.8392880292476843,0.75,0.6815634695761222,0.9641933681257442,1.0
479,0.9362550575785868,0.9284580816707005,0.49527732808726294,0.7973676290599921,0.7213056674147712,0.9946366133939918,0.8184261646640222,1.0,0.9812014504573159,0.9357000136498905,0.6621292800624355,1.0,0.7549537652748499,0.4851615531074391,0.6961904761904762,0.8042882099188325,0.8877679960428528,0.945346366363274,0.4372083585183259,0.8278902003566883,0.7914025318865411,0.8929501874584125,0.7066245738142691,0.7720680634172782,0.4852717603281148,0.5473925188793486,0.970468612402973,1.0
480,0.9498498498498498,0.9440355949151491,0.7484166432014452,0.9325554923164484,0.7116338302079234,0.9855085493683332,0.8470763014635854,1.0,0.9250725793523822,0.936569075864189,0.7684732494289807,1.0,0.7702655122503793,0.2233573078908019,0.5574874686716792,0.9296524458920581,0.8571439554411691,0.9301630690315997,0.7600198412698413,0.736911864019343,0.5724866282390818,0.8709064612091433,0.6620794760274806,0.7667831725235364,0.255841620626151,0.5241834523973392,0.9720027870835934,0.9708624708624709
481,0.9568462679189322,0.9662018145560469,0.6502105589973415,0.921150971599402,0.754124357357025,0.9689424089782376,0.8618057122107414,1.0,0.9445301545065741,0.9656340121227704,0.7610134498821505,0.9571428571428571,0.7161834822410046,0.4207909100119876,0.6740820907487575,0.8273411739472629,0.7949215540348914,0.8838703896322484,0.6721204254817699,0.8818300541447419,0.8570753570753571,0.7697391805714822,0.7324412727734004,0.8929539941053098,0.8095238095238095,0.6668528535103121,0.9380015850041817,1.0
482,0.9259690587997275,0.9314744902496398,0.7681492771236362,0.8620209059233449,0.6769693625408664,0.96528086881118,0.8918144591388718,1.0,0.975931789317343,0.9599349211524824,0.7679666301247706,1.0,0.8587505504771916,0.23304037758305532,0.6993303571428571,0.954562665656948,0.9076726308007105,0.929306242694085,0.5721947104604497,0.9757575757575757,0.7519723865877712,0.7860016601119786,0.6835877503479707,0.8531176359432662,0.5289343162224519,0.6597953683118798,0.9314294883853574,1.0
483,0.9681110052658042,0.946451554327401,0.4180520254947354,0.8408499202149995,0.6889846606910662,0.9906514535646708,0.8505720647894879,1.0,0.971868009345988,0.9572981117798974,0.6810454423563839,0.9328843995510662,0.6469036537350858,0.33508026823816295,0.9455657768157767,0.7513479779677472,0.7556945513742257,0.9021201352316944,0.31265822784810127,0.8459915611814345,0.9310738933731386,0.8899620243248857,0.6178565863589869,0.8594727168431201,0.3138272232409133,0.792891297286221,0.9465270921853387,0.9841597796143251
484,0.9498498498498498,0.9243539894711881,0.824405247456679,0.510454537463521,0.7523838047753473,0.9760164419034391,0.8155667743926436,1.0,0.9435650482642828,0.9535346328244722,0.769324655390569,1.0,0.8387076104338598,0.2701261393695604,0.708888888888889,0.8360966076280565,0.8274107496869539,0.9030720410331037,0.5699179292929293,0.8122032288698955,0.9325396825396826,0.8570809702102878,0.8746182325272739,0.9466116271069831,0.6607504987705847,0.5394874207013932,0.9704588682339544,1.0
485,0.9657192317906602,0.9631889093359601,0.7298881673881674,0.9626543209876542,0.6957092178342286,0.9716969483561781,0.7975923016711773,1.0,0.9373069648393512,0.9490978476558152,0.7975023668537108,0.9497835497835498,0.850387544792219,0.4872569564867071,0.592620439988861,0.6493359189894383,0.8035686892793615,0.8903924642645717,0.7121547249898477,0.9103092783505154,0.8315024017078811,0.7985864575555619,0.7330990353878919,0.6437744063311877,0.015625,0.6525101631670074,0.9623589857792247,0.9752747252747253
486,1.0,0.9610659725520075,0.7631021797862498,0.9063131313131312,0.7002414748750906,0.9852818303751578,0.9029856890360665,1.0,0.9155973418030213,0.9226373009783762,0.7018831733474211,1.0,0.8200990694046326,0.28066720971473386,0.3595238095238095,0.9682046718431156,0.7931636015970318,0.9417766721000268,0.5789363907940983,0.6595189575008067,0.74103062623597,0.826222674588408,0.7149420808367815,0.8960713963542628,0.5522382215485664,0.5019494909674348,0.9712397496619056,1.0
487,0.9189922158508546,0.9377392876553483,0.540111720067014,0.879149377593361,0.7250120911404081,0.9820204540294519,0.7603518133896849,1.0,0.9255011650979013,0.9111442700709979,0.7632286303447195,1.0,0.7754043686994565,0.3845026953334125,0.7464990601503759,0.8960979114913376,0.8855140666925273,0.8948978376390863,0.874946878518307,0.891643709825528,0.9,0.853571033403048,0.7247203128099488,0.8937301587301588,0.26222212353471797,0.6939048071076418,0.9506528933909023,0.9626543209876542
488,0.9270096337380852,0.9321269389796408,0.6650517577468575,0.7972396115104208,0.7858260970595686,0.9978507408084873,0.8261877473527149,1.0,0.956854492724577,0.9133947102646351,0.7826109044855253,1.0,0.7120985016643813,0.463161786453712,0.6121797971359375,0.8658115520081533,0.8060530518674364,0.9400867564788802,0.4923446170806419,0.7197553357626235,0.8625,0.8285049800913512,0.7172158473378377,0.7961448682036917,0.53267854131412,0.5255327797292229,0.9721687447762093,0.9866452991452991
489,0.8589497825622197,0.9652275907694247,0.5843407373345348,1.0,0.7515209807357384,0.9782945703426471,0.9159026942882071,1.0,0.9673420329927904,0.9296554908359431,0.8239049322239249,0.8924908424908427,0.7300571993134922,0.16128708689684298,0.8005812434691746,0.7457259806868993,0.6488214034396947,0.8630870677178658,0.5787967571282957,0.7656051360284769,0.7919447371502166,0.8031876056964748,0.7629803769877133,0.8716524216524217,0.3473957926892328,0.6063918402289145,0.9724247211880136,0.9846415489272632
490,1.0,0.9515184550546241,0.5909024272965897,1.0,0.6595586216722776,0.9718869008810198,0.6589284542670467,1.0,0.9682536256961385,0.9485820558930949,0.7017892889708195,0.8875,0.7208075830549255,0.09017857142857143,0.6859521855803319,0.6899925607117388,0.7826793584949481,0.8836085560253892,0.575239465351358,0.5849929158958216,0.7081538865546219,0.8628930535663701,0.48058547995118506,0.7472699813828856,0.20444860458066472,0.5100655451295913,0.9310003657150631,1.0
491,0.8955507955936353,0.9463938932573753,0.513998550261171,0.9939896036387263,0.6444272890938435,0.9782095034879109,0.6592689571334163,1.0,0.9551704296132619,0.9732001109347329,0.7275764116981673,0.9967320261437908,0.8015782885026883,0.5564182194616978,0.798016038016038,0.8831126615870711,0.8857021517688758,0.8136313658815482,0.46851084013326166,0.7304629312115831,0.7305810765420238,0.8326976645944022,0.6665676068873485,0.7397620113774156,0.3700214013730232,0.7281234797341704,0.9322618321965692,1.0
492,0.944014749864119,0.9606851631711344,0.39906082285355476,1.0,0.7587408858035629,0.9923761614084848,0.7183239406282395,1.0,0.9506988834745006,0.9568290208045244,0.7536150689314507,0.9659090909090909,0.714355925061445,0.5271254199572407,0.8037645361174772,0.7820875615933316,0.9389953576327044,0.9166147961770685,0.708888888888889,0.8911653965447071,0.9589457550996012,0.8014786780019737,0.765342815179515,0.7640489590244047,0.34217043791511875,0.5675148830853907,0.92045998977997,0.9935897435897435
493,0.9760309527775795,0.954891613523527,0.7473123009134091,0.9958333333333333,0.7639021242775305,0.9916627561128841,0.8143155088844503,1.0,0.938747839899667,0.9346555517946582,0.8407722504406893,0.9107142857142857,0.6146914907165394,0.25497512437810943,0.4908798408798408,0.8421685757090382,0.7742936193822193,0.9328458941991986,0.8954648526077097,0.9128787878787878,1.0,0.9342670439937785,0.8127280863317112,0.7666616199704435,0.41223075039008417,0.652548234908223,0.966216116239748,0.9246503496503498
494,0.9078629183894167,0.9524080761450177,0.6036983153124998,0.9082129660732281,0.6483997376185866,0.9622432825290196,0.8060326014941406,1.0,0.9348578526176573,0.9622014644797404,0.7683126037642238,1.0,0.7918497777354847,0.19258563074352547,0.521145411605938,0.721694930330983,0.8764008688679742,0.9263469046105612,0.7993524993524994,0.7984751455697014,0.6034578473350067,0.8775343399088947,0.6184353398957985,0.8223733498325514,0.3423482689547646,0.6116624994974572,0.9973632168754121,1.0
495,0.91295130280484,0.9338784410614973,0.5780113210829094,0.8971450895540329,0.7524020578477215,0.9828456477863701,0.851817693200945,1.0,0.9214548183791497,0.8926866451856189,0.786929507159559,0.8439264439264439,0.7405042814538125,0.0638754138018844,0.5984533984533984,0.8378711165377831,0.6407019878139513,0.8843850708442733,0.35376670194872545,1.0,0.7919145722613931,0.8414560168266794,0.7691363482101317,0.945735294117647,0.24231530958731384,0.8186725639970523,0.9567553793349387,1.0
496,0.988588334742181,0.931634666291064,0.6287007496524599,0.8792553191489362,0.8031111629543257,0.9877200840237899,0.625086751010664,1.0,0.9210364147516568,0.9075100173185148,0.6216237938219887,0.9651515151515152,0.8266858995445261,0.3054441758683962,0.18606760886172652,0.6931962576744362,0.8489271040835236,0.8958759835656915,0.43362986220129074,0.45159328365512214,0.8017917858343391,0.7980356201213784,0.7010562623926915,0.8280501499398178,0.6032822992494781,0.6338492296843014,0.9468005508576914,0.9704861111111112
497,0.9161458333333334,0.9434346509892669,0.5533396024420482,0.777266231376585,0.741300818789777,0.9659049619117019,0.7742375573684279,1.0,0.9357659487433393,0.9548752826216922,0.7190372837842348,0.9166666666666666,0.856692421739111,0.11010586166999675,0.43235915051132445,0.7837480705579287,0.8585680887448395,0.8767786358537056,0.746321414448013,0.6379323204885003,0.6515151515151515,0.8486703154908212,0.7501136792148322,0.8442842126323624,0.2712827191014786,0.5699336725862607,0.9591148476607232,0.9924242424242424
498,0.9750616117062241,0.923417444297202,0.516674813105657,0.7619535217646096,0.7483686773214103,0.9722044920095972,0.8705468715998481,1.0,0.9509337049427394,0.9267737508475917,0.8511046478577639,1.0,0.7480585018508874,0.5522418786915039,0.3596347629961075,0.9033765487160125,0.9070367134941728,0.8687840616186608,0.737992534995784,0.9513888888888888,0.8067052244059634,0.8438641568766836,0.6337313816528634,0.8938502270517431,0.09710575201294515,0.5790382489032322,0.9605840590188982,0.9885964912280701
499,0.9016758016758015,0.9719758289728753,0.5344197858754359,1.0,0.6393849054863582,0.9836667208760232,0.845018729409998,1.0,0.9521881328593762,0.9562044427746781,0.8200021836244297,0.9658119658119657,0.8125050186351552,0.3366812642802742,0.8214285714285714,0.8428485112811738,0.8307291956794629,0.915987065132332,0.795389926228742,0.9012345679012346,0.772716572504708,0.9209921452785375,0.7177164035370284,0.8674923704400901,0.14722851561484274,0.734247047274922,0.9745394377221215,1.0
500,1.0,0.9626901681011275,0.6080837574692617,0.9901360544217687,0.5375561812902785,0.9769113584564261,0.8503092312245865,1.0,0.9618119420346356,0.9511920479197034,0.6187605843227327,0.988095238095238,0.8832360047724994,0.11730480480480479,0.5677022324081147,0.6235541757296897,0.8632695987799234,0.8953616227585486,0.3789743221972138,0.9011111111111112,0.5769801980198019,0.8871840665275426,0.7112968344818775,0.7955547896436227,0.32445629767058337,0.6708277099013314,0.9772785329097803,1.0
501,0.9634615384615384,0.9365246815344446,0.467178286859089,1.0,0.5541303877149842,0.9553579460083521,0.8503065391948713,1.0,0.9477552540814399,0.9349554014909206,0.8224990626564164,0.9882506127450981,0.7344111364111899,0.38855454238432957,0.875,0.7565976865484195,0.8002104752147873,0.8985559703523754,0.4802922604821339,0.8133354880413705,0.7364443068668421,0.8764030285016241,0.5636768254662079,0.762394744668506,0.4224429931666773,0.7203643479595491,0.9483011918772093,1.0
502,0.8845353981477029,0.9265559012606802,0.6269476554666901,1.0,0.7482466734597082,0.9929634757520863,0.9048022157059613,1.0,0.9561945461530507,0.9001824878133374,0.767913648240982,0.9095238095238094,0.7409408269713001,0.46641045830198635,0.6533170533170534,0.8730850127358663,0.6851837054517373,0.9241809468115413,0.908531746031746,0.7854240463996561,0.5565163934414097,0.8503111075662304,0.6458234661542646,0.8182635847428235,0.5146950373682756,0.6821028420726566,0.9335486332452931,0.9841597796143251
503,0.9498189161021365,0.9405078231765175,0.6618866036520218,0.8006994484588625,0.773389986656913,0.9688741458187391,0.815764884682128,1.0,0.9144701505563932,0.9518991223216379,0.7219389248900998,1.0,0.714802410168296,0.3339679639099505,0.4761904761904762,0.8149487177673452,0.8180240231905389,0.9056196958029723,0.4569741990832378,0.8129648411088574,0.9462454212454211,0.8384221586308535,0.8569937839442953,0.8165202570179946,0.26218046869999395,0.6280475629293308,0.9295859810619583,0.9666666666666668
504,0.9304528387757424,0.9526348772678406,0.5423945269602793,0.9262561274509804,0.696127416191767,0.9655655255169884,0.8397827045593838,1.0,0.9219530812742389,0.9021620206927745,0.6517487575489493,0.9888888888888888,0.8612281965306303,0.18676740629628164,0.6794648451470396,0.8485199748173127,0.8491743638509707,0.8781179527508788,0.4587301587301587,0.8701298701298701,0.5701086004554212,0.8175667990648078,0.6717419333603513,0.7151623095819524,0.433688716024863,0.5695820777023939,0.9422143071739146,1.0
505,0.869304822318798,0.9359149807196461,0.8558124026874027,0.9325554923164484,0.5989927794815946,0.9925698397264812,0.809582875514805,1.0,0.9272406550302214,0.9416544949773314,0.7892187228139375,0.9713435374149659,0.8422546348179514,0.2801603467180453,0.6541408782788093,0.6925489233412574,0.832470807739436,0.8775575759150256,0.31994047619047616,0.8407690348866819,0.5671225717741435,0.91206175004504,0.6977963874612794,0.7558700770617559,0.2765873015873016,0.46502381632439266,0.9711651600224838,0.9935897435897435
506,0.8498888898342989,0.9392952659846018,0.6018611532914976,0.921014492753623,0.6968764159615382,0.9506110795661968,0.8437513490288286,1.0,0.9446360506805532,0.8993264130960074,0.7185771731703002,0.9797979797979798,0.8610264872966058,0.4256707214262462,0.7000391421444053,0.6241653227750851,0.9386294260576897,0.8869050560843542,0.3667653223065594,0.8102015829288557,0.6090770931196463,0.8654262688567971,0.6491088267119347,0.9274799274799275,0.07909315676164927,0.556809814904206,0.9384221950395742,0.9952380952380953
507,0.918632737730881,0.9605888111629179,0.5110923631740669,0.990909090909091,0.6657973938668889,0.9928898480975042,0.8719969336855863,1.0,0.9664668174602231,0.9340684781097086,0.7750900925112633,0.9406593406593408,0.887682606320159,0.24499927744472033,0.37401960784313726,0.8385290279336672,0.8045584112656821,0.9003477350265661,0.4833228439054947,0.9603174603174602,0.6414165637672071,0.8549553055448506,0.7842812846204402,1.0,0.311700619552662,0.6754889392043382,0.945663851823295,1.0
508,0.9244002222781331,0.9723282707310531,0.6414967273532398,1.0,0.674600647997099,0.9544127613541221,0.7559234319569883,1.0,0.9169842715700043,0.8620747050122172,0.7273009990704734,0.980909090909091,0.8757767282195289,0.696078431372549,0.6083333333333333,0.6483476355010136,0.7743424361638719,0.90547784510538,0.6892061390006595,0.803883259216058,0.8686313032089064,0.8774395481691506,0.7269731975288535,0.8777148577148578,0.23337007703050533,0.764219593969015,0.9781219619495566,0.9697979797979799
509,0.9772730300003027,0.9335048665178985,0.46344917397234153,0.8743533801302726,0.7664110871156508,0.977356360584686,0.9017560496910355,1.0,0.9814565813413219,0.9343524412723581,0.6790326909698529,1.0,0.7413115797174896,0.2642550272497291,0.7912228487886384,0.8131775780822361,0.6970411396976365,0.8722284245347088,0.8539389903026267,0.8010989010989011,0.5210317460317461,0.8364330200592082,0.8703307133593364,0.9697979797979799,0.08019450949778818,0.6086082657226276,0.9561011390509587,1.0
510,0.9373057498057498,0.9455437968811027,0.6092544041115343,0.9205729166666665,0.6638577798898536,0.9806342644908395,0.7798134155700904,1.0,0.9183626266335568,0.8816080489647015,0.7477097680912276,1.0,0.7240512247497372,0.3675875923720631,0.6852733959588798,0.7525357048024426,0.8183552626762933,0.7901491172236086,0.4184106781114005,0.975,0.8132708027560338,0.8958371211491153,0.721428223303834,0.8463837897335433,0.8611111111111112,0.7713495619282875,0.914401329798408,1.0
511,0.9311248764211568,0.9504787159651774,0.4952958143569973,0.928409090909091,0.7626600455891752,0.9807275661922322,0.7698062974588912,1.0,0.9060483559011283,0.9439505817838888,0.7086775412837582,0.9861111111111112,0.8475843114837419,0.1171488751024155,0.75487110291271,0.7570315486045969,0.8535824300465163,0.8500072487995209,0.5829110648544258,0.8263626529670228,0.6090585659551176,0.7919083536988507,0.7864837142925484,0.8287769730711141,0.5525197156592419,0.7721352480000805,0.8908658801918011,0.9159722222222222
512,0.905978119352588,0.9465041851909661,0.689146321940243,0.7719086829346475,0.6824967089607533,0.9799599746581301,0.8624998761144547,1.0,0.9681036759932308,0.9340366923256432,0.7468741815792702,1.0,0.8878710787442106,0.19454673621340288,0.6702020202020202,0.7727499758667167,0.8290351346623985,0.8576274422692598,0.7496272246272246,0.8318447478012567,1.0,0.831955385053465,0.7357893228359544,0.9226123816067135,0.45183893195521097,0.6121598025901361,0.9615822016512425,0.9246503496503498
513,0.9232104843548373,0.9540100153298042,0.5821671477953051,0.9821428571428571,0.6946469008950394,0.9596608432562114,0.79825626193832,1.0,0.9262639183584718,0.8944712913426919,0.7356651693670055,0.9861111111111112,0.7888628207584526,0.5324699060944098,0.8033584929237632,0.8392544170713871,0.8666908736118477,0.8577148743029037,0.4096035402112652,0.6922498625909014,0.9107142857142857,0.8107513195723786,0.6109288370597928,0.6974533342076839,0.5556376773744233,0.4548518749024002,0.9498431427315245,0.9838235294117645
514,0.9735304378161521,0.9687708400663295,0.6655797968002092,0.7853476126729138,0.6063053054875148,0.9889760871134218,0.8876067161534467,1.0,0.9240720431759839,0.9210139800298545,0.7946870165706471,0.9368131868131868,0.7902759909063469,0.1354515857750689,0.5161858974358975,0.8479147144506456,0.5838577503170628,0.8847369627490332,0.3912248862248862,0.7245949926362298,0.9805194805194806,0.8476579007713606,0.8063504152341539,0.8088493836302393,0.1761943546067378,0.48201680324542073,0.9262305887876283,1.0
515,0.9362376482213439,0.9629457697754905,0.6540632101639817,1.0,0.7594719189483383,0.9866127028931393,0.8444016850028376,1.0,0.9016152216760762,0.9377074648200545,0.83255460042419,0.9861111111111112,0.8129209437129081,0.1346352876314695,0.6929945054945055,0.8339393379510338,0.8982660358000446,0.916584353656925,0.9121120927003279,0.7142465883650931,0.6345828892344609,0.8993054696339767,0.7127294812012008,0.880014130530778,0.6806843949701091,0.6218985991518583,0.9806419949250191,0.9932718185313341
516,0.9484052511693232,0.9604606936326407,0.5401945864086767,0.9380381944444445,0.6826296289655596,0.9822490772063545,0.8823798312088759,1.0,0.9456237043706932,0.9213021409197294,0.7550315995544842,0.9626543209876542,0.7327498544417569,0.16516431445042867,0.7606732348111658,0.7263662369811577,0.9158010233067836,0.9173824134893095,0.6922623218598452,0.7754155566655566,0.8570790911216444,0.8607913620524796,0.760453711700312,0.9646464646464646,0.3475723345593956,0.46440075630648536,0.9731190662965588,1.0
517,0.9464686046814812,0.9671145429681213,0.8003228050090363,0.990909090909091,0.669790341304563,0.9897644658490736,0.7866097243630674,1.0,0.9019342096037671,0.8837612915073246,0.6701122429514716,1.0,0.7477229148076869,0.33099326599326606,0.5254173839958154,0.7890338981399133,0.9140066663439969,0.9635747109361198,0.8712861212861214,0.7745358173682274,0.875,0.8287356750908165,0.5716982995126818,0.734398346476498,0.5528597640282423,0.4926005061111983,0.9498546344011514,0.9803516865982719
518,0.9935897435897435,0.9563227945755058,0.632977857798197,0.990909090909091,0.7517239847549434,0.9786679402673951,0.859572560473871,1.0,0.9592823905369041,0.9188433730851668,0.8057920222874605,0.986013986013986,0.8591741613629653,0.3202279187537084,0.9406593406593408,0.6071947277559397,0.8954827343661139,0.8925393962136865,0.4823868355481728,0.755112550671374,0.27140819973430325,0.8770672090434528,0.8802436125965538,0.8986537047769299,0.5394922381950684,0.6889726206308795,0.9721089803564711,1.0
519,0.9392857142857143,0.9488221965234414,0.6520691883964311,1.0,0.7359698861512453,0.9986316365626713,0.7739293614551749,1.0,0.9521176922063344,0.9299286116087881,0.5734793650471726,0.9571428571428571,0.7247234950250967,0.29951200220596774,0.6488562091503267,0.6539601469903594,0.8409560544508642,0.8416632692573247,0.4101245761462479,0.8626373626373626,0.7182709650391663,0.9349967112814989,0.738661280511751,0.9283257162514128,0.13107448107448108,0.6145226868575575,0.9556295050632584,0.9713435374149659
520,0.9511858596526788,0.9359024660483516,0.6482009044171474,1.0,0.7816796025828767,0.98225694657831,0.8933388805755458,1.0,0.9455742502109817,0.9555820122629952,0.845636270178335,0.9855769230769231,0.7992956494466473,0.4032261400504381,0.4629098734361893,0.8283106367666804,0.8660064174338385,0.8456604487631455,0.6525912744662744,0.8204901129627254,0.911652724152724,0.7509773784214421,0.6905083847328074,0.7688813832515877,0.5894954984628897,0.6325809101458082,0.9763380321295592,1.0
521,0.9456497378324004,0.9259985483689357,0.6327350340691669,0.9026409414340448,0.7672533620022001,0.9612093302902328,0.8124647702919218,1.0,0.8986622851696318,0.8926787782761972,0.7998264661646726,1.0,0.7524203563427924,0.3222144522144523,0.6431907378335949,0.8044498449430959,0.8183572864827633,0.9101228296145227,0.6727640364868626,0.8158680143923794,0.8118589743589744,0.9067272143002698,0.6836661484996976,0.9351974140497428,0.42383384280173997,0.28337429303596773,0.9790985675811964,0.990909090909091
522,0.9775861950960766,0.9553680270253037,0.6594026940642304,0.8253600699564486,0.7009953961091616,0.9608349115274482,0.9335819490539682,1.0,0.9296469995900749,0.9101291664626275,0.7056659267853858,1.0,0.7858324870505773,0.08935664122890695,0.6717171717171717,0.7789574340700175,0.9315260987308297,0.9043200007911376,0.5268398268398268,0.9391315261044177,0.47352669781599543,0.8553441405847917,0.6832660273937242,0.8557373281906998,0.5424751243781094,0.4644119844223156,0.957101712875679,0.9924242424242424
523,0.9333100229935003,0.9720493275066874,0.7945210917106522,0.9833333333333334,0.7554128568346872,0.9701476455189911,0.8374039805404446,1.0,0.9937402874902875,0.9275711328521297,0.7219654186219918,0.975,0.8533590528096052,0.14405294577285566,0.6274940797824093,0.894728233584266,0.8267477161920587,0.9255139356114789,0.730500466847483,0.922291371374754,0.10193423597678918,0.7866489800507159,0.29736505452774725,0.8092667357537552,0.3655143919226005,0.7173217095141806,0.9736587822564882,0.9924172794117647
524,0.9866269841269841,0.9532643665728211,0.6771051991274327,0.9945054945054945,0.8007570768982705,0.9689648663932522,0.8219415878904979,1.0,0.9316958510428406,0.8830561538456879,0.7889037492868639,0.9583333333333333,0.6882807448775206,0.2508932333451113,0.4497403839584614,0.6853099542367415,0.6808813107391916,0.9105797722161479,0.4075314274865627,0.7526666666666667,0.5332178932178931,0.7963698265809732,0.7320509951748728,0.9148618181246857,0.7112083568605307,0.6840428407004027,0.9437021675095528,0.988095238095238
525,0.8777452658427513,0.9450922258928738,0.7113585239339792,0.988588334742181,0.6547463628566409,0.9802794012971724,0.7640217594591323,1.0,0.9132612748217906,0.922838832592261,0.7159022758243556,0.9583333333333333,0.930300861518154,0.6733274271767243,0.717834683513008,0.8666764680669107,0.8404890471002134,0.8672222511406017,0.5303224009106362,0.7544820988584616,0.7559884559884559,0.7911365676332553,0.7542507846578683,0.7327903181463573,0.48099148418491483,0.4243496906132257,0.9429125077789123,1.0
526,0.8930306953356598,0.9616352783190695,0.6432589316571458,0.9275814275814276,0.6495486340644273,0.9712035900490534,0.8608686166454645,1.0,0.918538538661023,0.9276688510171759,0.7330590024185806,0.9833333333333333,0.746110535126831,0.607209835691373,0.6214489962651727,0.7928696539152711,0.8720552053604078,0.8134240373890147,0.7389384825700616,0.7913956639566394,0.7388465094775775,0.8690794414174136,0.7714308619611476,0.8761683620816747,0.2963101160862355,0.6016648476316947,0.9342656621175898,1.0
527,0.9861697722567286,0.9512231233517097,0.41636404485057793,0.8959549464727831,0.7389246116201938,0.9951734801948722,0.830874206422432,0.9999999999999999,0.9749212540944318,0.9604116452907483,0.7662400893567504,0.9651515151515152,0.7140925780710727,0.4329407839149069,0.5077235772357724,0.7941662297260519,0.8339687187978324,0.9446700395204072,0.4771184702079011,0.8482431149097818,0.9575757575757575,0.8989259038924078,0.6111813182767609,0.9195547682675829,0.3919384387756811,0.6383314898783461,0.9354028495046033,0.9958333333333333
528,0.9218511097813442,0.9389423940336299,0.8405752463223306,0.8828595586057075,0.7784813794076125,0.9935401727584572,0.827185388041955,1.0,0.9177902982889651,0.9543143043927336,0.7932748154610525,0.9913888888888889,0.6817990272890467,0.13181165927012517,0.774621212121212,0.8604788170817133,0.7723686960214287,0.9322373129308426,0.7941962230952169,0.7064788077931561,0.8353096179183135,0.8249978036520705,0.7379576431412823,0.7480196388601561,0.3898779724655819,0.7072395247094525,0.9858621493639849,1.0
529,0.9861111111111112,0.9559384479366236,0.5819861455316574,0.9924242424242424,0.7520276931039767,0.9824806254661406,0.8604670220388673,1.0,0.952982441988598,0.8930021288226414,0.7897995875926838,1.0,0.8271642293156356,0.2556361251791816,0.8101190476190476,0.7114601901366606,0.876777246907335,0.9185163977987117,0.5666749789611442,0.9805194805194806,0.6290151377984078,0.8462333327449677,0.6515304389529173,0.8982344431758489,0.03826459207450076,0.48667321571685945,0.9320364839569089,0.9526289682539684
530,0.9296214896214896,0.9452469826425194,0.5701082381399856,0.8260212936897818,0.7155387203733541,0.9820960990613171,0.8476717505868381,1.0,0.96763632769035,0.940006488494818,0.8110448522551372,0.9754901960784312,0.855712774785409,0.4293325561932089,0.6482617963010119,0.8364069505373855,0.9385736062198557,0.8980017372897696,0.4194083694083694,0.8574314574314574,0.976923076923077,0.8645943907220447,0.7679305798056614,0.7341908091908091,0.2129504473314542,0.6229470190481217,0.9681078734950086,1.0
531,0.9081272237489987,0.9699858747495004,0.6899856779551705,0.961734693877551,0.7475464696947717,0.9854777314757514,0.8231008025574521,1.0,0.871642029264488,0.8829790001908915,0.7640320855192825,0.8551587301587301,0.7016352799539997,0.41324786324786317,0.741077942805029,0.8516141834601586,0.8612004624222136,0.8955024479699312,0.6795304659498209,0.8480863153940077,0.7019193857965452,0.8439075158552338,0.5058907524470719,0.8005341823552412,0.4426205139101782,0.6149870919747774,0.9683683394565576,0.9462343212343212
532,0.9533209722090692,0.9086196127498137,0.742256109262999,0.9215845420746716,0.6130597767858308,0.9662749802375057,0.8162989822233697,1.0,0.942667319172206,0.9733998370938648,0.7777803135609439,0.9924242424242424,0.835085175812633,0.5893857543017207,0.6574402270256765,0.7341219009168934,0.8542821292287359,0.8359201637188899,0.5735361130097972,0.9067787051658021,0.8982613932613933,0.9087191939826288,0.5426596086715916,0.8571093821762867,0.16856060606060605,0.6844805126213218,0.9070646614520468,1.0
533,0.9522349445426369,0.9530319504022804,0.39116231123997336,1.0,0.7117558703650879,0.9725630882149068,0.7705738360895019,1.0,0.9372109073717341,0.9294019674802111,0.7899314154766618,1.0,0.8015824122229657,0.3269521979095981,0.522069597069597,0.7503792068952517,0.7952718078944134,0.9012277606733525,0.7168378462496109,0.849969474969475,0.9404761904761904,0.8838629727657344,0.6067316474609018,0.686358645885623,0.49245834801683763,0.7746250275228244,0.934077081057542,1.0
534,0.9609322202428529,0.9574326799686653,0.7593790710278835,0.7542194092827004,0.6866968577147429,0.9939791541797578,0.7822012802499151,1.0,0.9604458542973211,0.9316025741012715,0.7060951524176398,0.9658119658119657,0.7837458512708455,0.47930402930402927,0.09442204301075267,0.8919892585914257,0.7598375198899613,0.9088606575219101,0.6010477582846003,0.8343307067102785,1.0,0.8325807694746208,0.7543767583086389,0.8254196098031527,0.3827973994025654,0.49631813836903543,0.952983995295942,1.0
535,0.985969387755102,0.9210844536194254,0.4272751458460808,0.8598719247655418,0.7110134616978528,0.9786767920732935,0.8881408777242186,1.0,0.9270763571653771,0.9443105783561666,0.7464371442337221,0.976923076923077,0.8057840369255246,0.5703726346034642,0.3366013071895425,0.664310027072989,0.8146667060108668,0.8400291815818632,0.6374458874458874,0.7844525631546606,0.7901801247577278,0.9144068469076297,0.7747960613527533,0.9038858251633988,0.3300863031982367,0.6846250142280678,0.96212519297036,0.987249407560295
536,0.8605975822343376,0.9742768252512362,0.7106982963592198,1.0,0.7825330468172228,0.9818517432799918,0.8055357284473385,1.0,0.9869335901669418,0.9652716435860351,0.7441565634539347,0.9166666666666666,0.8000088451803009,0.41057846954586086,0.5339091192032368,0.8217237948816896,0.8169063078028393,0.9422992698474588,0.4011741363211952,0.8778409090909091,0.7977750809061488,0.9047195360177939,0.5512511511057941,0.8086921511028653,0.6016297851744631,0.7000245642237974,0.9546435860834768,1.0
537,0.8783267029168474,0.9563262974956123,0.4794089977030998,0.9765432098765432,0.712307889569785,0.9904729664260106,0.852406145728358,1.0,0.9650107632307465,0.9295580401387002,0.7105228009820737,1.0,0.7016464167739259,0.3044090695975731,0.841878601418075,0.8548659814338251,0.8046993577431997,0.8563902841587818,0.7982499361316531,1.0,0.9102564102564102,0.8487683355040019,0.8187362631186662,0.845748491704374,0.6344454861894379,0.707697483036875,0.9672938250055169,1.0
538,0.8649984481688393,0.9654446379197126,0.6234106511875404,0.861344537815126,0.6850236614761407,0.9634892043904904,0.8696790945244834,1.0,0.9695067300948295,0.952635760083833,0.721039629659481,0.9669202592279516,0.8003773561476499,0.17696016537928302,0.7185222823153857,0.7637225616768589,0.7764683615266874,0.8845672969735358,0.6728696303696304,0.8863636363636364,0.9480519480519479,0.8672756937157233,0.8358717691810924,0.7455365846406165,0.14241090948607435,0.5803679004037253,0.9351125054210564,1.0
539,0.8405034310576113,0.9497091357941764,0.5273267394152474,1.0,0.7586666887300589,0.9836360511206084,0.7586590322098997,1.0,0.8946371212509701,0.957228671648636,0.7890602907487468,0.981547619047619,0.6629947092424711,0.3595424937053896,0.6799461036919231,0.660474409858248,0.6900157395319934,0.8267766850653512,0.7424170944294783,0.7507076712991281,0.9513888888888888,0.8525390965684302,0.6539798743190394,0.9258545900026736,0.09682158119658119,0.7205129275096238,0.9431739969543413,0.9603272535405498
540,0.9576165544751931,0.9507338919886265,0.6712000730553269,0.8700104309506229,0.7557704503586187,0.9830282090779159,0.7610375043919348,1.0,0.8997359686156488,0.8961021787960834,0.7871215095492451,1.0,0.826088398076889,0.2869047619047619,0.745568783068783,0.7545409823472017,0.83705777719529,0.8231080341377147,0.7020850661404959,0.843652615776979,0.7544668830763446,0.8037361421190328,0.8458553146634724,0.9441391941391941,0.4746980832597711,0.6944679212729769,0.9425843200275376,0.9790695415695415
541,0.9838235294117645,0.9544072109309718,0.6194445940307496,0.9888888888888888,0.6273504076010669,0.9864805488277214,0.8686648975767247,1.0,0.9577658827112692,0.9457103798903252,0.7942457270337749,0.9924242424242424,0.7573005988958422,0.19315043896916312,0.8151709401709402,0.8648795205418288,0.909017668953989,0.910676377833287,0.6788787878787879,0.6759931723255707,0.7941609172077921,0.8687503121350594,0.7605645829418043,0.7641404768123783,0.4542065455075764,0.6577860843246555,0.9637437032576324,0.931795634920635
542,0.8629431920190639,0.9354098839606163,0.740307393626721,0.6769594664943501,0.7306124030006651,0.9678437768244005,0.8600910023585188,1.0,0.9471933276700155,0.9466190964583137,0.7686257790398127,0.8819444444444443,0.6943771831221736,0.3845601660010742,0.6891629711751663,0.7897791142278401,0.8199834045161053,0.8570612054307727,0.8223958581101438,0.8999999999999999,0.8019083969465649,0.7928159907854441,0.7218034969006556,0.7774351047397223,0.2,0.45699993466708755,0.9287983309909468,1.0
543,0.9538589372229078,0.9535061005228758,0.6069291021465687,0.8795454545454545,0.7432650850699934,0.981760197282254,0.7525189383935275,1.0,0.9152570849996958,0.9142637733055529,0.8442415555300241,0.9821780783319245,0.7822356582623654,0.3862529069933173,0.6380527210884352,0.7098307790246494,0.8183777981293889,0.8976429389058533,0.6545767483815729,0.8180824340194702,0.7518975332068312,0.8856648055635127,0.7058784388168053,0.7604222431464338,0.7048611111111112,0.4698090642295702,0.968363710146687,0.9901360544217687
544,0.8406398526589564,0.9283341687678691,0.7368420237493916,0.9945054945054945,0.594272804344579,0.9840455275971434,0.8228360575128245,1.0,0.9196872256860098,0.9122922756687979,0.7173712077080333,1.0,0.8077242894888156,0.3231386065625196,0.656621542829195,0.8931913527554383,0.7168900247976615,0.8194806121569115,0.4707563159944112,0.8484848484848485,0.8238170163170164,0.79906627564606,0.693072344966965,0.8370622490324804,0.18164997141897224,0.5085162543436216,0.9578573454314899,1.0
545,0.9334903095885068,0.9480478178094897,0.6086487447857619,0.8619505494505494,0.5582028100683828,0.9776247583123276,0.8232807772923707,1.0,0.9657267875342954,0.9346785663137479,0.8069867984696756,1.0,0.734447219002217,0.28486185800015584,0.3073354341736695,0.9350002023073769,0.8016251229752562,0.8721279685138107,0.5959004654493376,0.6917869586859133,0.7384163334545013,0.923378151924333,0.7161305406291828,0.8339109720688669,0.5689777857328879,0.5984311836570871,0.9634705246991387,1.0
546,0.981740861532922,0.9510204087736012,0.5203313469203659,0.9064017837954007,0.7721180262741552,0.996630859375,0.8250647246000655,1.0,0.9829712896454977,0.9485323747172215,0.8106081323890457,1.0,0.6104334465763653,0.2825541191245964,0.49119612310401783,0.8682052427290523,0.8119632302124822,0.8593756298259017,0.4757307248587367,0.7823275862068965,0.7835988754238222,0.8611186610710948,0.7100808450886933,0.9153846153846155,0.3310207336523126,0.4560678278561961,0.9550132511057366,0.9749346405228757
547,0.940481002500208,0.9592007439313566,0.5369472780084678,0.8791152263374485,0.7230260498600259,0.9904376370518614,0.8454791806140881,1.0,0.9532784265345389,0.9279088865221741,0.6624951593270878,0.9166666666666666,0.6762494452268174,0.14196825144030112,0.6064102564102565,0.7103699356317517,0.8027567831477005,0.8216934387920154,0.7312556026954762,0.8238924050632912,0.8909090909090909,0.8236176766515606,0.7276513896802789,0.8299983009978765,0.28251884086968115,0.6185559112986537,0.9813640654281925,0.9659090909090909
548,0.8901394901394901,0.9644319815013618,0.6834825446571523,0.9750688705234161,0.6442961097149971,0.9751520909742079,0.7481860117159062,1.0,0.9758455115412435,0.9161993531486916,0.741844017090301,0.9765432098765432,0.7638537352547744,0.023255813953488372,0.26363636363636367,0.7758951521991538,0.8192662470676332,0.9111107750610601,0.3935461791943819,0.7433507987734085,0.8092807013125474,0.8545396434537736,0.6219360302917726,0.8749905030658496,0.2563422924976234,0.5076918319548674,0.9719133792169151,0.9924172794117647
549,0.9300728535814854,0.9584176013769032,0.6274003276612465,0.9333333333333332,0.7602583280639351,0.9875323218596384,0.8496901148628258,1.0,0.9697325759757813,0.9628096281155787,0.7696039813652271,0.9583333333333333,0.8376991025606287,0.10949181239927704,0.4579365079365079,0.8990531471810496,0.8493609829400008,0.954629200558467,0.735321326673084,0.7953622104565501,0.6280189686973369,0.8609588629201184,0.6965064909299504,0.943774029219531,0.625938586076835,0.48616420136231214,0.918322362016026,1.0
550,0.9759165430878234,0.948125162459186,0.5978284427867666,1.0,0.7259485433393135,0.9851768542410466,0.8257112345133715,1.0,0.9875638249204678,0.9729324928186809,0.770918939450821,1.0,0.7136993828355491,0.44323941166046427,0.6520050125313284,0.6539674874458071,0.8305368768306673,0.8827019794382448,0.6563420037247268,0.8198901098901099,0.6146464646464647,0.828704844256977,0.6211652661214034,0.7827777208988389,0.6835497835497837,0.5776499742337793,0.9627971933151698,1.0
551,0.9131968195504107,0.9566601325792619,0.4954189307157584,1.0,0.7748677360904948,0.9720497162718345,0.8020101080749796,1.0,0.9559861521911901,0.8769562108855576,0.6974314347828539,0.9575757575757575,0.6560742171132847,0.2876432571913203,0.8872484658198944,0.8734828698021398,0.7805466126173469,0.8804014448760308,0.6627344877344876,0.7951209023158902,0.7258910396743096,0.9129689054594424,0.38956396400573645,0.8261510603567346,0.37436685725320884,0.7513410922913827,0.8968176840012145,1.0
552,0.8954644808743171,0.9606960991020179,0.5904202464640053,0.9666666666666668,0.7238391485420159,0.9691498737139472,0.8678104513974791,0.9999999999999999,0.9387343413753871,0.9171701173244247,0.7167964672749685,0.9166666666666666,0.8655631144424527,0.4241783297540255,0.42063492063492064,0.8449107995679305,0.899761502483806,0.9077606835943741,0.5867759416431868,0.9223024316109423,0.8102601156069364,0.8158310410732612,0.6870981499337182,0.9110062351441663,0.09716691048807263,0.5506964895363297,0.9402148056274734,1.0
553,0.8953183979144894,0.9465674967206202,0.6385455891728584,1.0,0.6488302565015552,0.9572027834367866,0.8080539083473356,1.0,0.9311620746410915,0.9149090518220814,0.8109524698343841,0.9945054945054945,0.7922015165326284,0.4640317102450736,0.5533333333333332,0.9361852039547967,0.7883002482002209,0.942841400001572,0.4597062135446643,1.0,0.5480213663499025,0.8860458275516994,0.7592229731305149,0.7184193335746039,0.5166735508742943,0.4804423233013097,0.975502997738638,0.9888888888888888
554,0.9848725022104332,0.9353812380615747,0.580081952341358,0.7217280550774525,0.8078805247212467,0.958053311257075,0.9425973234395147,1.0,0.8618745852590382,0.8991112653089813,0.7892429404670762,0.9708624708624709,0.8644483949991681,0.4545442957884908,0.5717756096775816,0.5765419367925954,0.7932640658027128,0.8517925581527274,0.4772727272727273,0.7382264241258143,1.0,0.8291460031562248,0.7480178629597357,0.7229622395223418,0.38176765997344403,0.7571368374061778,0.9533970795636335,0.980909090909091
555,0.918904155749626,0.9271398532668674,0.6669303016671437,0.9208683473389354,0.7161416831368179,0.9802532601742363,0.8895262707710997,1.0,0.9634944773927581,0.9199217181174972,0.6983388038859852,0.9328843995510662,0.7566416983940677,0.31319714120465997,0.7909090909090909,0.7555876996946651,0.8577689386375754,0.9099963777471196,0.5877344877344877,0.9118697478991595,0.8363235529902197,0.8512011393758716,0.8588622536007748,0.9321637525978133,0.668494820231566,0.4471496949214651,0.9407523574571917,0.9866269841269841
556,0.9248811319399555,0.9643764310045198,0.6202511256859082,0.9797979797979798,0.7117804481836763,0.9847922391809951,0.9395948785889819,1.0,0.9517453040692695,0.9375997099365433,0.78701376673198,1.0,0.7627948527157333,0.6041846315991185,0.6511046133853151,0.7477348394592891,0.9171684001324475,0.9274675123924335,0.6945437278770612,0.9428104575163399,0.7226949295914813,0.8438042420991916,0.734417895095633,0.8473075634840341,0.2715535048306632,0.6180238091748398,0.9385422197795715,1.0
557,0.8967842435189803,0.9172595032268096,0.5719951065820056,0.9704861111111112,0.7643573261048657,0.9778608261923668,0.8479555101429377,1.0,0.9604211942957723,0.9170810787102722,0.7798401051473743,0.988588334742181,0.7391591537842437,0.41057846954586086,0.22974260881237624,0.8826055954627382,0.8143095694115668,0.8384260737416669,0.6292937545388526,0.812987012987013,0.4474478638387124,0.8545959086751033,0.5586470497358722,0.7980444138108467,0.8178309582817017,0.6366490153365537,0.8968688370824289,1.0
558,0.9455748317986868,0.941443457022993,0.7594496711951753,1.0,0.8537111109078387,0.9828251866213576,0.8821573351092603,1.0,0.9150793382269251,0.9366343839737805,0.6798351907754546,0.9841597796143251,0.7725127644216656,0.4664567573993955,0.6812995740818322,0.780742576137313,0.9251843586175921,0.8957694056277674,0.6262960880372376,0.8873456790123457,0.6481315219315661,0.7891009459442201,0.7234436238830597,0.9178865724918357,0.4775877192982456,0.7364872157053522,0.9690776551582861,0.9649678604224059
559,0.9753732622153674,0.9596714714457032,0.5783692577138223,0.8546435436615157,0.6890250126484867,0.9661302045365199,0.8292868981923411,1.0,0.9323509102198917,0.9186230333249155,0.721496604479305,0.9697979797979799,0.8503965024790011,0.1887307860925208,0.5488693261420534,0.7454604033399113,0.6363375444093361,0.8690059805745924,0.6744128296279981,0.554752109483229,0.8480880821306352,0.8102241343146217,0.7604158108182327,0.8500874125874125,0.4292322117698628,0.6946548577440789,0.9430300512304551,0.9761904761904762
560,0.928219725569585,0.9634759276548676,0.8490578978299828,0.9206827309236947,0.7455314126613116,0.9719923026856184,0.8128276203056177,1.0,0.9545345343959002,0.9287081652784859,0.7819919199370785,0.9797979797979798,0.7779489586540148,0.5092054885533146,0.8055555555555556,0.8611540329829838,0.9290478700043918,0.8970936308330837,0.6474676341280958,0.9339464882943145,0.6593267932039525,0.8167715267912188,0.6937747665463228,0.8753633847201098,0.5689560439560439,0.5544186317100401,0.9745281398027914,1.0
561,0.932470732819422,0.9467095839732957,0.6298425101095185,0.8089401186996191,0.6394274610550431,0.9642941925150834,0.9547523512810919,1.0,0.9141157149178178,0.9474663050735451,0.767819757357081,1.0,0.7645919603612125,0.20619658119658119,0.6783928571428571,0.852754253216438,0.8981988768419326,0.9049034763771403,0.45414972675478105,0.8645355731225297,0.8673883983679621,0.8706401893814668,0.7869812239167643,0.890023865023865,0.13394020008486293,0.6379495265476968,0.9073529144870147,0.9682539682539683
562,0.8943641294602833,0.9425212264157845,0.6494018242636095,0.7228228373326245,0.6278210919322952,0.9838625098983792,0.9190409061259643,1.0,0.9541987531389512,0.9378998248414997,0.7740894442554233,0.986013986013986,0.7664292203297722,0.2939366519055599,0.6678571428571428,0.8626959805368436,0.8105543439150886,0.8205729274941306,0.5772385632762436,0.7520262961439432,0.7048611111111112,0.8176669488157079,0.651641177754764,0.8005281693110449,0.4151648458752106,0.5535514471008709,0.9776198209621115,0.992156862745098
563,0.9066021615360146,0.9482318373226449,0.6404899190968012,0.9411733918837841,0.7404582083761421,0.9755678715646312,0.7550974716424604,1.0,0.978784341250748,0.9393518291782932,0.6880066076033643,1.0,0.7780166623055912,0.2429866610684221,0.3852564102564103,0.8635218806377551,0.8022309782668708,0.8971574631011717,0.8803633866133865,0.8140200831024931,0.760807091153912,0.8236361648157183,0.7091564225853636,0.8742023420444041,0.4946693657219973,0.666031390504579,0.9084131380408764,1.0
564,0.9880698412698413,0.9592249251178477,0.7168637403621474,0.9924242424242424,0.7911166761346753,0.969283388739162,0.7224579691054418,1.0,0.9469473782577787,0.9504656432909471,0.6875771040789248,0.9805194805194806,0.7793056919914476,0.48427452822801653,0.5102172652006539,0.6592219666195949,0.8405759138780037,0.8794080425566588,0.5739491935306487,0.6819726274446459,0.9761904761904762,0.8841955991902806,0.6353275297464556,0.875054079574453,0.17506913942825933,0.47600062201822396,0.9478543968145609,1.0
565,0.9346689895470383,0.9519459470336635,0.44095758552386793,0.9765432098765432,0.6933568936026757,0.9925792799570899,0.8216039586724351,1.0,0.9864822513896538,0.9587356254573735,0.7799338630702516,0.9861111111111112,0.6669184973835997,0.38412698412698415,0.5020438437344223,0.7712490407603795,0.8710647607548561,0.9162752965426371,0.3723484848484849,0.8074593601485537,0.8439264439264439,0.8607090820363048,0.6806748493512818,0.892852578361417,0.3129760977195107,0.5434462648976474,0.9678831377311669,0.9932718185313341
566,0.9510845475168338,0.9583445127508928,0.5045876375829771,0.8458656832298137,0.6814932492756584,0.9850487183642493,0.7353141136809738,1.0,0.9564152626158372,0.9509447399627438,0.6678429034212141,1.0,0.6859058783345129,0.15811780811780812,0.4087289670623004,0.7962833457544499,0.8453145241883074,0.8614941441014725,0.6979276660159012,0.7546445367315204,0.7796162044756129,0.7593401583920475,0.6752363126785959,0.7587014357000332,0.11405274326492465,0.547221289112697,0.970799273741632,0.9837301587301587
567,0.9344009533638016,0.9469407027057608,0.7887668884855819,1.0,0.6398799776128624,0.9717902979697555,0.8447136012286895,1.0,0.9710652735762535,0.9303957899467382,0.7728641444645992,0.9526289682539684,0.8585233169929578,0.34131782945736433,0.5294705294705294,0.8445644567572734,0.8890961329556399,0.9208708228569951,0.6239627096447331,0.8523099875401666,0.769488436400201,0.85416704556168,0.7812437519001875,0.9518037518037518,0.43891831852358165,0.6731818089324032,0.9827546973285805,0.9713435374149659
568,0.9256699440909968,0.9582638399767723,0.5931734203612843,0.9044052863436124,0.7603688954805605,0.9851895716978176,0.8609910131920099,1.0,0.9515976164092661,0.8745815833793638,0.7023532930469106,0.9861111111111112,0.8002525639173591,0.076011396011396,0.7618055555555556,0.861742791842521,0.9180300785391097,0.9419935504147248,0.6134727952146705,0.8692984054263224,0.7388241477013071,0.8676930064234082,0.6022785089260735,0.7716638131554098,0.49361313975418175,0.37396386467821263,0.9643951161781301,1.0
569,0.9421568627450981,0.9266054626604444,0.5945797771140667,0.7854087762831395,0.7648920051897036,0.9881483532214519,0.8317984636361102,1.0,0.9649834396048061,0.9832272288076808,0.7626847954235915,0.9287749287749287,0.7506584841200368,0.2093105452303118,0.6019760520487265,0.8384002361901028,0.8693092517354817,0.8575255386633692,0.8631813752155366,0.7317316699778267,0.8712861212861214,0.8473575193593348,0.7119603968099107,0.8578798217911121,0.23892153881399708,0.5784059227705388,0.9481573306977547,1.0
570,0.9879041425760002,0.9446682341810695,0.5098731363144491,0.8832496811641227,0.7658221750519522,0.9683414223486764,0.714067122889802,1.0,0.9084909788105295,0.9349231880137158,0.7239268695255497,0.992156862745098,0.6926146197342384,0.23787376022670143,0.5553571428571429,0.9539375465691255,0.8399499767531742,0.86747104618693,0.6805647656940761,0.9785714285714285,0.5718968531468531,0.8985979362259393,0.8053077428719683,0.8951691064926359,0.48188064597529,0.6603166762461579,0.9685928273648317,1.0
571,0.9866713713349117,0.9488026944612734,0.642658041834051,0.8549543540117879,0.6855286280085332,0.9807710032290821,0.7687676661069791,1.0,0.9780427004027031,0.9468770727661012,0.7803473648118314,0.9797979797979798,0.802400576868662,0.16867745563858025,0.81,0.7129619421643986,0.7537458207027878,0.8577384930809387,0.21466423232319942,0.8532028378573524,0.7321195144724556,0.8226002505693358,0.7037200102440561,0.9219827586206897,0.7166666666666667,0.7341512181389274,0.976939145098933,1.0
572,0.9786057782796913,0.9254748820924699,0.7325184339470053,0.8349711365465116,0.7586743345539885,0.9862615786064995,0.8224963458328005,1.0,0.969796238524729,0.9417530643840643,0.6841525956462998,1.0,0.686657721094823,0.15690818499755188,0.7689899955581743,0.759933344673427,0.8130666782486281,0.9395581137956087,0.5599335080065303,0.8881578947368421,0.7109613269704008,0.7618497374206588,0.6216655856606692,0.788474798203305,0.0866688915349975,0.5311140621055002,0.9313174284467723,1.0
573,0.916454580273582,0.9414844962554272,0.6192819461179448,0.8831573768748006,0.6451446916685741,0.9825551212488992,0.865948067636623,1.0,0.910020216802231,0.9291241444228764,0.7621397895532627,0.9651515151515152,0.8254996296443768,0.14989177489177488,0.5931789533995417,0.5419537232456887,0.8733985068971559,0.9098904342319422,0.8314529559830312,0.9197405004633922,0.7363702189283585,0.8772520698280639,0.596782762857538,0.7151745565933757,0.30326479076479074,0.6069609759043332,0.9163930763128338,0.977890114379085
574,0.9888650554431553,0.95377551766201,0.6672896703960615,0.9271921494143717,0.617128208975961,0.9783085219994408,0.9404999052999735,1.0,0.9722228678806579,0.9559577783310875,0.6745759963491043,1.0,0.7365627794831605,0.3638985790728121,0.7565759637188209,0.8835758885620382,0.8562806388682868,0.8729639394954961,0.841047841047841,0.9588235294117647,0.6634615384615385,0.7959257970157666,0.8532861397755765,0.9020979020979021,0.2746909172100988,0.463478938822939,0.9716935323928557,0.9419191919191918
575,0.9490644341290894,0.9178811447032378,0.5989979579723101,0.7543290043290043,0.6689201028619792,0.9841493097648878,0.9103151139722607,1.0,0.9768218769654138,0.9516414044961785,0.7844759450025747,1.0,0.7833443349852469,0.20495702800956425,0.6725627069009423,0.7258306833075756,0.8526422321381312,0.887774845018966,0.4190390238416555,0.8972773056342461,0.85,0.8472989257410624,0.7523745265831621,0.8678056992027579,0.2821244520719336,0.7235034782205224,0.968552358702027,0.9866452991452991
576,0.8252864937917909,0.9632284224525289,0.8975718318492112,1.0,0.7213698764227998,0.9957757296466974,0.9460950453055718,1.0,0.977675469891377,0.8789516518436307,0.779204928222538,1.0,0.7386950110814834,0.1403714706374769,0.7775332205156766,0.8490335813611676,0.8706334417690124,0.9584672922121669,0.7588172961492289,0.47783286118980167,0.655171692457372,0.7924481523597052,0.7110528257732457,0.8604010025062656,0.25765792262126314,0.5197853407248103,0.9863902794385498,0.9846415489272632
577,0.7748803224993701,0.9583627708735621,0.6379192838745815,0.986013986013986,0.6626473680619432,0.9764002664052771,0.8298833914116788,1.0,0.9683711586676532,0.9474391456726943,0.7120741385515839,1.0,0.7728605464510945,0.49583333333333335,0.8555555555555556,0.654862972461492,0.772844686326964,0.8563723844704778,0.48255634422301086,0.7734982447355107,0.7861260130945171,0.8253998475168457,0.6946038207402184,0.8427741717697895,0.47314859827174915,0.7163000084580902,0.9560705139753518,0.987249407560295
578,0.9963235294117647,0.9572261324512549,0.6307118136770296,0.8932748538011696,0.7444681699413318,0.9859564250919747,0.7632837788498879,1.0,0.9958436953117803,0.9610268227195305,0.7140015876079818,0.9833333333333334,0.8204221395465847,0.3535142749407455,0.5966011957391268,0.9026207873500277,0.9079893841459823,0.854524068594305,0.6248464077316328,0.9046615038146889,0.8439264439264439,0.8193817434601767,0.7788054977494336,0.8751239773680166,0.37091954332670757,0.7141704508741661,0.9722810660379343,0.9958333333333333
579,0.7878178000952655,0.9311930553522941,0.5348008968971737,0.8318214485824047,0.6191387391390178,0.9600578212297314,0.6651247023365686,1.0,0.9149249859898925,0.925399804443922,0.8309857331667174,0.6666666666666666,0.7361535288222081,0.23875924945958904,0.7878510378510378,0.8111768768631513,0.7506586178794805,0.9100539268797903,0.6320700314178576,0.7156655162387326,0.890808274685434,0.8304759520152489,0.7531875228221413,0.863658380116303,0.5643855260005616,0.6058557663081434,0.9451523911887448,0.9833333333333334
580,0.9355827046344093,0.95288109635829,0.7257578462274122,0.8933731938216243,0.6622719740940759,0.990571405977492,0.9242030196263605,1.0,0.9954448272435493,0.9506125778941933,0.7509116545555706,1.0,0.8237035342049299,0.1458694083694084,0.28365418894830663,0.6108144517235428,0.7392487424577618,0.9203417288827892,0.4951654938529073,0.7554739314272074,0.5642325102075424,0.8673715786071845,0.7723670719087351,0.7655145579058623,0.3351557780239136,0.3629794893138429,0.9752813179165409,0.9740021008403361
581,1.0,0.9597852687717083,0.7341622905168911,1.0,0.7257237459126527,0.990901774073703,0.9434138762993977,1.0,0.9619767059230763,0.9666287338316585,0.8603250162965648,1.0,0.7995183611201919,0.14753641061780595,0.49186147186147183,0.8687326347543065,0.8000822248155569,0.9244393314738785,0.6415529863090839,0.7501956181533647,0.8352601156069364,0.8752952353788952,0.7902758058066239,0.8534361204935565,0.1038890437813955,0.6919590745997396,0.9737227545385829,1.0
582,0.814753993526003,0.9294780330724065,0.7214831213915057,0.9273142112125163,0.7347818827469544,0.9796545379732151,0.853950536659625,1.0,0.9604705272848806,0.9636850044960177,0.730788769337222,0.9500674763832659,0.814529071309257,0.2596592000069822,0.5030541871921183,0.7058511665047613,0.8395457727732497,0.8425369545711874,0.6701406241277824,0.7605427962248197,0.872239394662444,0.926215322688172,0.7562886385741132,0.8104139412175125,0.8645199926294453,0.49642867683845,0.9653419341316122,0.9752747252747253
583,0.9230482867200435,0.9492583877050158,0.652099770376678,0.8539865477147708,0.6586189762431083,0.98572446409963,0.6948170923259751,1.0,0.9756840785181555,0.9236927649825483,0.8407738565293401,0.925,0.5475379766511559,0.12013949584728148,0.7575757575757576,0.7785063555284144,0.8829834754153357,0.9219853836158746,0.3746896712582987,0.7978185973791855,0.7519157088122606,0.8708222757246965,0.7162593031208013,0.9649403239556693,0.4645692721620245,0.7062631935485011,0.9543115658601622,0.9873949579831932
584,0.9970760233918128,0.940497038680954,0.5522859565129543,0.9107142857142857,0.7449398976704205,0.9769819476149302,0.8573767288562677,1.0,0.950687658932172,0.9278930869751048,0.7112782912729999,1.0,0.6950578908485349,0.421065046065046,0.8116453989003007,0.9136363636363635,0.8323004556411385,0.8957637024622943,0.5396535493714945,0.6987092272806558,0.7357242942423857,0.836030342940575,0.7140459086070474,0.6905232428432979,0.29049897470950103,0.6544310952682985,0.9363169441776321,0.9885783861097532
585,0.8868211000508657,0.9081872359362694,0.5718882238801868,0.9750688705234161,0.7038075886261435,0.9957981962429305,0.8786878378206033,1.0,0.968112867610698,0.9539871891101519,0.680850353361449,1.0,0.7917868430415209,0.13225143143181414,0.4661252045621116,0.7865656112582096,0.5467191552632881,0.8763723053463126,0.8222631301940988,0.4244778848001814,0.6593085480918179,0.7958180787326666,0.6559946661400207,0.8741621115624426,0.24773027890251928,0.5679719504343266,0.9033309409422733,0.9999999999999999
586,0.9458677685950413,0.9429985304820901,0.712817762283773,0.7860432254824348,0.7707147387192914,0.9888916505405934,0.7941227021620431,1.0,0.9126386310319349,0.9105684045516007,0.7537038961165635,1.0,0.8749100550134141,0.2518454987560391,0.8391975308641976,0.8351400184327502,0.8124721042190326,0.9070067346424817,0.49177993059572006,0.7628332611762078,0.8712861212861214,0.8717705215549624,0.7611455502064234,0.7937710031323968,0.6921789082575858,0.599523064364998,0.9498234046311651,1.0
587,0.9384054191852179,0.8863540642619105,0.34158256693154043,0.8082420478072653,0.7124489808415765,0.9788594796747687,0.8684625072706469,1.0,0.9498222995142204,0.9352301933037052,0.8328977033470545,1.0,0.7964623622574567,0.35629806248099555,0.5136846405228758,0.8318553063994824,0.8466659241284777,0.822257349256061,0.7001741662276779,0.6909345193665186,0.7689641513170924,0.8521857321851283,0.736295773530622,0.8957979864866521,0.3364451108941275,0.6974896224339411,0.9278166452637697,1.0
588,0.8953920475659606,0.9437007843533809,0.7081627471856772,0.9373333333333334,0.6928000316356772,0.9817669856842106,0.764161887031458,1.0,0.9519526456649099,0.9162428998397045,0.814733800299139,1.0,0.8657838261120598,0.19535675058733942,0.6211062192021946,0.7174067204619858,0.784829369466599,0.8571212994054704,0.7174099943007506,0.6866756092108204,0.7435897435897436,0.8830629158962447,0.7532559049813812,0.892641098871209,0.3598343685300207,0.46071989022599097,0.9591928315329268,0.9866269841269841
589,0.9134432234432235,0.925713234176612,0.6527354598519638,0.8265725888610191,0.6159626044066282,0.9803591018118473,0.7793750119022577,1.0,0.9955715224945993,0.9520830315816688,0.7300584168226121,1.0,0.7936737344013335,0.3778241899712488,0.7503637998014059,0.9248464410454053,0.8545313930275357,0.8768889924749121,0.7544266262919513,0.8319373852404468,0.6654338110648789,0.8259654497913045,0.324200682311815,0.7887003968253968,0.6445725196569647,0.530941788644742,0.9659925079511283,1.0
590,0.9873376623376622,0.9339174121212728,0.6791914829019933,0.8930382664822498,0.7219375270597302,0.9914312470637341,0.8029564628909828,1.0,0.9318933931450475,0.855668235000282,0.6935137452201465,0.9821428571428571,0.7223877200309943,0.09460099424385139,0.6810904569464352,0.7765092736293716,0.7734592319338448,0.8107885420825497,0.5315955534945305,0.6916136845292159,0.7281135531135531,0.8469058986110336,0.5841582203873071,0.7155114090356638,0.08646771165139654,0.5580143929920809,0.9562566515648878,1.0
591,0.8745002837609545,0.9067460816695041,0.6815427715185759,0.8610339077265147,0.6891849171829251,0.9891946437777943,0.8522441707319564,1.0,0.9528830787702354,0.943216554611758,0.8160550745843713,0.951923076923077,0.7648382363661198,0.21069022900224235,0.5291666666666667,0.8024124952856649,0.8244100406436852,0.8688794590572775,0.6681836391395214,0.6010198604401502,0.7226912666683221,0.8129351871894264,0.8549237890246061,0.8988514711095357,0.32455220093087744,0.6131473148490617,0.9456075072662082,1.0
592,0.9175795827567033,0.9402637952543542,0.6596943666758597,0.7218186178391569,0.6798924112435835,0.9803457126367947,0.8151528032700596,1.0,0.9416119522988611,0.8796805673908847,0.7307617720877775,0.9761904761904762,0.7545272482095973,0.26702336366566737,0.8708791208791209,0.7597143035003483,0.7620416736296449,0.872195106434588,0.5277483435816769,0.8482368326118326,1.0,0.8571980867691282,0.8856055277957774,0.9538819174040445,0.5613433837118048,0.6872770540769262,0.9598302066424357,1.0
593,0.9924242424242424,0.93535391966782,0.5864776629588858,0.7576054935650571,0.677529296050233,0.9767554275624186,0.8307541526764699,1.0,0.9269581878156257,0.9577224139237632,0.7071798598624874,1.0,0.7445980508480509,0.2767819215062097,0.7332892416225749,0.8145567975682223,0.8945337596503998,0.8713217357956592,0.6318405762120585,0.9062310949788265,0.6717163866792789,0.7654158728623046,0.7523852500940728,0.7182567063971239,0.023886650673601063,0.7357007557785242,0.9654955367740403,1.0
594,0.7939712606189349,0.920945030434866,0.43704338064269976,0.8423821015123388,0.7414793684270053,0.9873714011990035,0.8804533311687736,1.0,0.970471845219233,0.9319530821895148,0.8105760136887716,1.0,0.685684465718446,0.32331413141314136,0.5993347338935574,0.754608343369369,0.8652330278974627,0.9118489266309784,0.5340851956773484,0.5368631586763511,0.8051633986928104,0.8642077148626734,0.8050911100237639,0.9002303160059392,0.2913152769607967,0.7349727027714126,0.960634860521056,1.0
595,0.8264648026624075,0.938767175911328,0.7231579510516721,0.9328267477203647,0.7327833500918008,0.9881971657015408,0.8473596473255394,1.0,0.9416716205079376,0.9363821422021574,0.7668095426737142,0.9821780783319245,0.8644966265178303,0.46901506352725864,0.6850417710944028,0.7420033675498875,0.851699608590305,0.9419107147304874,0.5684970619699286,0.8502937163684481,0.9861111111111112,0.8336131187338258,0.7361935032006734,0.8015993265993266,0.3355291477280773,0.7386039613351141,0.9696319267657026,1.0
596,0.9083979412198315,0.9390025597712272,0.5598226458493323,0.9797979797979798,0.6123878024052573,0.9617950106533547,0.8940139319729119,0.9999999999999999,0.9495618673129568,0.9380279657252447,0.8209115026392909,0.9682539682539683,0.8549814721709653,0.3144548967026405,0.6673172477985312,0.7355808091690446,0.8843455891238274,0.9023172002050419,0.8685606060606061,0.850487012987013,0.9333333333333332,0.8323920346787496,0.8451806934254992,0.7834525204560538,0.26800645178790306,0.44825121647850635,0.9652611946173462,0.9837863270308124
597,0.8298772989725512,0.9461706935505453,0.747286285143428,0.9329004329004328,0.725960634522604,0.9928461359678316,0.7852543600529631,1.0,0.9217891625515933,0.9082781524159932,0.7492377117747029,1.0,0.6142100899049479,0.2930868201645759,0.351172574292875,0.605760575253631,0.8201117867187012,0.9354829969993415,0.6523741430367935,0.6248822543994957,0.5478657379561207,0.8424955245710064,0.6888766289581911,0.8786750988922412,0.1990543735224586,0.5529216526967655,0.9903021417918274,0.9708624708624709
598,0.919050150629098,0.9538702123732664,0.4786175897010033,0.8003176382660687,0.7279176039476704,0.9670462089122758,0.7988131503312075,1.0,0.9382927342311321,0.9099459490338788,0.811758014885761,0.9128787878787878,0.8294129567999148,0.2073623663854666,0.6595458553791886,0.6424202457992085,0.8634664580828381,0.8454396973206542,0.4382426139392084,0.7837334293244237,0.3206349206349206,0.8165875015678139,0.7299369393648361,0.8320432263814617,0.4053356874597878,0.6052684470890779,0.9724378147751707,1.0
599,0.9649678604224059,0.9601155924714598,0.5248070237180087,1.0,0.7509416916030469,0.9746465065598539,0.8514196041944304,1.0,0.9521638176163046,0.9264392494879727,0.750244107689442,0.9888888888888888,0.671801892256909,0.3971752250339151,0.5396674884518813,0.8139618180255136,0.9207879309848305,0.8706770278527598,0.45955882352941174,0.7675588945515448,0.7340540730172836,0.919349301780822,0.622864650538251,0.9932718185313341,0.4176051760754907,0.8441073527419993,0.9498579872963083,1.0
600,0.7475274545571753,0.9554066109648753,0.805307384399661,0.9272091544818818,0.763020258634384,0.995986177565125,0.7977634485200793,1.0,0.9684011570256156,0.969666077893755,0.7067317563056538,1.0,0.7721865280489244,0.177109440267335,0.6826839826839826,0.7655488531457064,0.847978016351576,0.9027927043303154,0.5191946533858298,0.9037000094993826,0.5988502546649125,0.8970799290029434,0.7893817280140208,0.8951444727867439,0.5431640715145869,0.5618322016245987,0.9311338621663513,0.988588334742181
601,0.8922166712809878,0.9306648717383038,0.5626636338988897,0.9472222222222222,0.7270808111586932,0.9964585071127796,0.7075384066316162,1.0,0.9592261092811188,0.8640507281552933,0.7875217193154411,0.988095238095238,0.8148282715601833,0.5549773755656109,0.545970695970696,0.8891917757883713,0.8187616210969657,0.8683572367015747,0.4352172358796678,0.7179727333607293,0.7052116227924862,0.8419221249374605,0.7647734912099627,0.8324684762138705,0.17960259529602593,0.5619721479396836,0.9450724586445982,1.0
602,0.9967320261437908,0.9517125394993025,0.7767213634361414,0.8055555555555556,0.7761558669737498,0.9889203931340297,0.9489489811060937,1.0,0.9653540813170375,0.9197206948229527,0.7970940989912071,0.9697979797979799,0.6937975089500293,0.20989206115434272,0.5297171500179019,0.8783760540726484,0.840970809602579,0.9223486659963213,0.5734954199239913,0.8098719880487837,0.7165880951975567,0.8416548709622613,0.7159388188529708,0.8755735212824765,0.3557400932400932,0.3843598093608257,0.9641301351042372,0.9861111111111112
603,0.8874381251848849,0.9516739488127598,0.42130779125539397,0.8294719345352256,0.736999522868999,0.9603814800053923,0.8138688863397658,1.0,0.9192856399507082,0.9227971987061225,0.7690740858500192,0.975,0.7835619253189331,0.23826797385620918,0.23142199702179542,0.7593213989714818,0.7804908628128093,0.8778561410681301,0.4090867992766727,0.6459315075345134,0.749182203542832,0.8061154939853593,0.5534915674813358,0.8625869783648316,0.5190814582243154,0.35849583715342903,0.9833824602660479,0.9932718185313341
604,0.9821780783319245,0.9416172331516456,0.5050232481550821,0.990909090909091,0.6821369177873772,0.970961655963713,0.7659726503600597,1.0,0.978233026771127,0.9481539427267535,0.8972692315509785,0.9797979797979798,0.8340947565458859,0.24255300088183646,0.7724599329615004,0.7194398055554805,0.850195712587969,0.827593764854263,0.5421957671957671,0.726399783146644,0.8666666666666666,0.8207497528409786,0.7273387182802833,0.771052159055255,0.6722222222222222,0.7581279633041791,0.978807609723595,0.9787545787545788
605,0.8706384195514629,0.9691835216459831,0.685917187046397,1.0,0.7046108172661021,0.9921003341066688,0.8372658953719206,1.0,0.9578595995357421,0.9413398794002877,0.7543149974752266,1.0,0.6611689660667899,0.44369369369369366,0.7222222222222221,0.8365006311099845,0.7734939122822164,0.8359108402507321,0.6078940136169052,0.9289244691959625,0.801953125,0.8707891873693487,0.8052039645112132,0.9234237554670991,0.4887260887260887,0.4534074113635145,0.9580234120099907,1.0
606,0.8787585397902984,0.9555831982749309,0.6050834656663305,0.8746059052373564,0.6548080251690169,0.9724108441127637,0.7762785115012669,1.0,0.9627643889001813,0.9389469925020877,0.7472624147715933,1.0,0.7700134483110082,0.25741425692645203,0.2415957915957916,0.8368599476430167,0.7711880030444355,0.8707931091609894,0.6546092796092796,0.7496948344825205,0.47347042605674694,0.8223624314363719,0.7670029620989414,0.9298530106548333,0.5333333333333333,0.8275878871531046,0.9557179857180488,0.9472222222222222
607,0.9161497225647426,0.9640827403462826,0.5188169007382266,1.0,0.6414688000384685,0.9931341944103195,0.7752776303542679,1.0,0.9651501271744376,0.9642176116322505,0.6804522262061147,1.0,0.9020450747816181,0.2492485251676428,0.4692882030861124,0.9262083502980278,0.7645148200086577,0.9462844306338102,0.5962284726525233,0.7006350267379678,0.7097042536813091,0.8312849082652618,0.7259099016177833,0.8436843040590796,0.46425253991291726,0.7107452444283539,0.9629532999809,0.9861111111111112
608,0.9710722570890036,0.9452454550128931,0.5787483550116787,0.8828258967629047,0.6929034827953702,0.9892178532909015,0.8809745731257025,1.0,0.949974894849668,0.9157818212503788,0.7874786674720745,1.0,0.7751566678331396,0.40925992229250374,0.5251022126022126,0.8927831073746177,0.7750098525833689,0.7062803230310535,0.7498459873459873,0.9229181551162975,0.6970353879279331,0.7911146634820301,0.834572048466295,0.7694421455450866,0.16549218904154508,0.45301799838105655,0.9538873981920134,0.9952380952380953
609,0.9594135224940178,0.9305860646812806,0.178739201336258,0.8610798650168728,0.7954350314649049,0.9738080128476461,0.8691490571744354,1.0,0.9424642515037956,0.9127362294869585,0.8042208219814986,0.9833333333333333,0.7116622176829145,0.16970209200817318,0.6245945908727863,0.826499837691669,0.7841070783674945,0.8662834233925998,0.5117354867354867,0.8437499999999999,0.618141199135529,0.8977114199512276,0.7479932145466189,0.7870539212212888,0.06525735294117646,0.5826193182363781,0.9436670680630443,0.9708624708624709
610,0.9574627876849049,0.9555576846570089,0.75436288771591,0.7375513441116277,0.6864333584021955,0.9801763797151928,0.8100699822717919,1.0,0.9516617370577031,0.9538256401193282,0.8329498963865675,1.0,0.8017232623497053,0.4314057201828099,0.4149425365214839,0.76043787988986,0.8972064172128208,0.8431232467787073,0.7624220142602496,0.8335411338448423,0.8909090909090909,0.8757785016057267,0.623262823857892,0.8238182820895297,,0.511411180550022,0.9411863106972294,0.9750688705234161
611,0.8832096383289093,0.9520420394182972,0.4469858454203726,0.8376251788268955,0.5669834714274951,0.9765164183867506,0.862147347446975,1.0,0.9555335189453212,0.9435279004421784,0.789066059852811,1.0,0.7287574982868218,0.7282051282051283,0.5817460317460317,0.7753553460578254,0.5711999464643643,0.8375746488304094,0.7051053113553114,0.7798457128826486,0.9128787878787878,0.8883634577903939,0.7903793987751444,0.9036889581007228,0.34997964997965,0.7233798213248662,0.9523235233730964,1.0
612,0.8637570606671731,0.9504104518915275,0.541247341028909,0.9207988980716252,0.6755989131252377,0.9669191043206534,0.753035847792061,1.0,0.9469246676222527,0.9078453968349628,0.8313999595352876,1.0,0.7946694057804835,0.46033831908831907,0.9416666666666667,0.7952152981816987,0.8161749889526386,0.8052031719749961,0.48544973544973546,0.7409650063382588,0.7111000409962311,0.8701083596380261,0.7403470754525983,0.8548684210526316,0.31205434406368987,0.5440255450396458,0.8860547043869337,1.0
613,0.7884177264295336,0.9478136274617548,0.6477505554203502,0.8699430283870118,0.6093533935882796,0.9788276896769632,0.8858687386814618,1.0,0.9731320581592321,0.9459917821982331,0.6797027183438658,1.0,0.7034886773087392,0.2766509754899848,0.3657034743722051,0.8086911481943261,0.8929953003749039,0.8013605893935808,0.5597897074190178,0.8007978954960934,0.7733816964285714,0.8652544529533834,0.7506364067855804,0.9003174603174604,0.23514759180404762,0.4473190321880087,0.9726369490583263,1.0
614,0.9255666762234905,0.933328074020943,0.7715188607637865,0.8176318356531361,0.6404107372494164,0.9853107475743267,0.8529563703470691,1.0,0.8990638787377377,0.8937722268372639,0.6368547749891731,0.9571428571428571,0.8793286281888573,0.37151403124680527,0.6614965443912812,0.9173220919516544,0.8001964759930404,0.9132426605439726,0.36577071278158235,0.8910617406192628,0.5777440807541008,0.7752960986616954,0.6795212425388889,0.8164927999048404,0.24761904761904763,0.3333128673200848,0.9865528376473897,1.0
615,0.9331604946498275,0.9387392926190357,0.7690311500094109,0.8740033413987787,0.8575273106762591,0.9571002336267284,0.9117815357823156,1.0,0.8546290956645334,0.8377418735434508,0.6326029544442134,0.9935897435897435,0.8106164293861639,0.1968344799942137,0.4854689754689755,0.888606156596918,0.7979719453019636,0.9201854256218894,0.7939856439856441,0.7900750625521268,0.6419133955863714,0.8069733134848992,0.8101014419583353,0.8469140522197076,0.09955548295170938,0.507219856900769,0.9954277585856532,1.0
616,0.987249407560295,0.9420166121142833,0.7242428899585456,0.9913888888888889,0.6614008164189766,0.999726775956284,0.8334520780442636,1.0,0.9889179725095543,0.9436298924278349,0.7526143206986902,1.0,0.8342467953909601,0.30115887284789533,0.5043868829583115,0.7078284239611592,0.8113515481308915,0.9009564411672695,0.42130161505161506,0.6774380328395252,0.6846333198386637,0.8952753380382832,0.6985438670707153,0.7313113857468696,0.015972038652451025,0.4871360860589382,0.9424633905683519,1.0
617,0.9654347826086956,0.9448276514676134,0.6569890642212698,0.928409090909091,0.737619914363201,0.9878319323206933,0.8262766012809539,1.0,0.9299696340350759,0.9058119512724493,0.6493840751228287,1.0,0.7297982931583773,0.6662554426705372,0.8814446178645448,0.8683367837846745,0.8730099967517946,0.8874533109718841,0.42387878088216024,0.731091753124981,0.9901360544217687,0.7809662900092516,0.82301391850886,0.8948260073260075,0.8053723509605861,0.5638297460659728,0.9506225757223964,0.9669202592279516
618,0.8655751196867107,0.9439755148723952,0.7303658487118052,0.9325396825396826,0.735255495659084,0.9873395124137638,0.8237779603970222,1.0,0.9530397490122133,0.9389079733820473,0.6882018097454612,0.9682539682539683,0.6773039327457089,0.5342518674136321,0.40393393164543,0.7665155247051799,0.9369914695548143,0.8720467994224772,0.6104922409735244,0.6983101300450413,0.39773086654016443,0.9245356100455107,0.5670012432200435,0.8847749115267352,0.9305555555555556,0.5722301254257615,0.9606846871433014,0.9895953479430988
619,0.9379167576121357,0.9300396686037851,0.5996286955596287,0.8035603055437169,0.5653777707448888,0.9751113691036764,0.8691960468121984,1.0,0.9173486736193082,0.912332418121176,0.8478571157445649,1.0,0.833256583939022,0.24060528057622885,0.8243371212121211,0.8050670820490455,0.8258738685235631,0.901956754580576,0.42134129759129757,0.9583333333333333,1.0,0.897487775901576,0.7747232624916123,0.766232320919821,0.6086049252100912,0.7634027026085488,0.9201097108249439,0.9789786347231201
620,0.9708460307199803,0.950992716501224,0.800411153696258,1.0,0.6641622255281031,0.9889826839826839,0.8664409919886935,1.0,0.9702061496758904,0.9634580020485584,0.6737972294893823,1.0,0.7483263462883842,0.10373505527880088,0.3137146225246912,0.8870870321467748,0.8024702165045269,0.9171694886754707,0.5576559068338642,0.6307638330133168,0.08777063174768719,0.8398383191433991,0.6669984581154038,0.7903588426121633,0.5845458196179616,0.7012253432948738,0.9669765357262475,0.9846415489272632
621,0.9168766872957559,0.9399981889415384,0.6286294791996986,0.9211446795377387,0.7820992222470572,0.9618722833217008,0.8380490440570485,1.0,0.9319087583833903,0.960910899723282,0.7267811271604567,1.0,0.82178203089327,0.1865981240981241,0.5161213645024931,0.7816277827972823,0.872862930471934,0.8945002916304532,0.49656342840166373,0.6717515645839746,0.6375757575757576,0.8251233160965513,0.7425064999016369,0.8984730915959851,0.444327331215785,0.5776483043959207,0.9642862414948212,0.9861111111111112
622,0.7466518925815138,0.9269148171887911,0.6163810520297238,0.7149470267079829,0.6336463790273749,0.9654673207502955,0.8204208929776048,1.0,0.9248258724805649,0.9212352373541816,0.6727101072890376,0.961734693877551,0.7138723640103886,0.3749384943414794,0.6517273576097106,0.8112286412496027,0.8299424559826906,0.8651904519051536,0.41458483723979733,0.9016279069767443,0.7235644675415229,0.7215299299129311,0.6682593914195,0.8637879440850869,0.2657392882803679,0.7493142240369355,0.9807816819325662,1.0
623,0.9651515151515152,0.9469062910289008,0.7001363881380603,0.9575757575757575,0.6967498679407923,0.983198888740126,0.8466719794670937,1.0,0.9679859838456625,0.9569466783972431,0.7528065867036762,0.976923076923077,0.7215196838988138,0.29677523356822205,0.5873015873015872,0.8590338346250282,0.8629513048380186,0.9232631632679115,0.8369453778544687,0.7641869546861807,0.5832410220632713,0.8820586567886535,0.713695915136255,0.8826543209876543,0.7166666666666667,0.701583563483315,0.9767687440009816,0.9597163865546219
624,0.9524572649572649,0.9593248396211478,0.5824187831708522,0.9952380952380953,0.6564547504054614,0.9809702937734173,0.8812892266768466,1.0,0.9646442457439292,0.9377002122590488,0.6909174591890681,1.0,0.8947685792426705,0.3200941169865748,0.8722156631247541,0.7562917406083521,0.8788114656726363,0.8714295315830485,0.6692234848484848,0.8600164203612479,0.8379156817249795,0.788144017628618,0.6879514665961519,0.7645406925816053,0.2774318343348193,0.6067663700489763,0.9440608609803576,0.9897435897435898
625,0.9256983247387061,0.9628572875117641,0.6186033089405826,1.0,0.7452445419412994,0.9650580863551166,0.9321288714839453,1.0,0.9674061771062317,0.9195040929340857,0.7342550175702794,0.9583333333333333,0.7602560770726636,0.3356103338633585,0.4275956070073717,0.8443409558051168,0.8429092642714254,0.9368503889352876,0.7727564102564103,0.9020828897878078,0.5013843519349584,0.8526050518876565,0.7929689874594638,0.8456955305745628,0.5229006310242008,0.739839668528193,0.9435092265767842,1.0
626,0.9499389499389499,0.9387796702819823,0.5748602241712989,1.0,0.7122746025438291,0.9711124171121172,0.9063872275155758,1.0,0.9494955928937321,0.93728221636789,0.8281803112084606,1.0,0.7474516838524659,0.1833357793201883,0.7784081010452961,0.8540132071285198,0.8658294906009959,0.8823255103627508,0.30922761449077235,0.5873015873015872,0.8769157088122606,0.8106535129141814,0.6767494382400727,0.8854579495986354,0.42446636823130446,0.37761825357730017,0.9351997751621215,0.9752747252747253
627,0.8903344850997311,0.9647426038635408,0.5733813237124239,0.9924242424242424,0.7577182549654424,0.9854386241594396,0.8955183017876516,1.0,0.9423242833326514,0.9068818281713694,0.7253004799576932,0.9654761904761904,0.752733545742742,0.2717083232117409,0.5901098901098901,0.8327075290610862,0.8355241254405841,0.8973540486509473,0.5375757575757576,0.8296099099423199,0.8908119658119658,0.9003116097017344,0.6789603429244236,0.7564174218839533,0.40569108684526267,0.7402627482664578,0.9260712449388484,1.0
628,0.9841841445719561,0.9632137679036573,0.7285676375164851,0.9797979797979798,0.6938824630900897,0.9793973653396545,0.8527391181280372,1.0,0.9890628695734475,0.96954198009191,0.7799131652147927,1.0,0.8687615945190555,0.5571116265195213,0.5838744588744589,0.657306062477321,0.8627269347508992,0.9072458799968437,0.35851007991358863,0.6626374453610225,1.0,0.8587130792926384,0.7237531195148549,0.8206867206867208,0.369439517809083,0.7522743432850784,0.9327385196220619,1.0
629,0.9945983379501384,0.9418729336457292,0.6948564780694243,0.8379416282642088,0.7562557186209143,0.9847853502355051,0.7615497812808237,1.0,0.9588518782578828,0.9288178246907949,0.6982516247527554,0.9945054945054945,0.7446549657192062,0.3905370408748654,0.6160935469758999,0.8310485741137414,0.8554060757106865,0.8833646049754789,0.5935677481348527,0.8053477379490478,0.5764498157119533,0.8896604920759995,0.6886101139644454,0.9015478125043778,0.34595842526833165,0.6768309511530629,0.9527261343182529,0.980909090909091
630,0.9512459093034129,0.9267433139451385,0.4064217890416673,0.9935897435897435,0.7428693990921602,0.9862079204190677,0.8618808944073305,1.0,0.9580618255041979,0.9287192820687331,0.5943614710279991,1.0,0.6502811424839381,0.14403243846974156,0.6961904761904762,0.7903142059056038,0.8310905644074003,0.828484189073585,0.592548861649923,0.7348052806925213,0.9242424242424242,0.9432276714266724,0.6596618923298906,0.9710075839653305,0.5018796992481203,0.48932092070670286,0.9748201788293738,0.9999999999999999
631,0.947012247012247,0.9456016228334037,0.6235670628877659,0.9276223776223776,0.7329901239971484,0.9799961645524479,0.8326554774476471,1.0,0.9638900764440933,0.9604930883434668,0.7879042741470205,1.0,0.8144360535545825,0.1774375200742008,0.6254295658729156,0.8787893159963039,0.9378561189925648,0.8572406460043225,0.48739495798319327,1.0,0.5528382771166336,0.8822133077782998,0.6471781723898323,0.8582717371063657,0.026051122537506084,0.4622831778155411,0.9682657397400074,1.0
632,1.0,0.9308125308614351,0.6038068951306687,0.9325874928284567,0.668245811414835,0.9892933754346088,0.8263430993800892,1.0,0.9556581693098881,0.946203478770236,0.7332959162430455,1.0,0.775535525360066,0.40344089028019114,0.5989278752436648,0.739705873115791,0.8491658775354552,0.8777952988170391,0.7825197601763818,0.7917889041974487,0.9201788407670761,0.9140264408345204,0.43551989005638225,0.8561427607480239,0.38283208224927634,0.8999116753032594,0.9520933380547926,1.0
633,0.9155067155067154,0.9392980871460292,0.47066159412432323,1.0,0.7570642079561999,0.9907525583251894,0.8748843880365145,1.0,0.9922260442775311,0.953937649246964,0.6869012772267417,1.0,0.776392733168766,0.4074383037798556,0.4192602087338929,0.7133473454479726,0.9259155499768796,0.8774705947729042,0.5259619107180082,0.8397483517503946,0.8017955343536739,0.8924540906500735,0.7938571919969702,0.9057037030827353,0.19828431936109386,0.5974034644067561,0.9810745745243592,0.9924242424242424
634,0.9872721018231854,0.9601070485855594,0.6071905476660246,1.0,0.6564778695318064,0.9827579421808876,0.7684749546488748,1.0,0.9224231277289602,0.9604487988545912,0.6189284496342172,1.0,0.6930102924533655,0.15516057585825027,0.45927287581699344,0.8393607154674494,0.7662244193905124,0.865517820928541,0.6744063787131014,0.7553490028490029,0.777422249970734,0.8010689682227145,0.7649725325203671,0.9112428112428113,0.4559206945595546,0.6153676320095562,0.9611954465497441,0.9821780783319245
635,0.940454476364189,0.9608912786926859,0.4394002415557914,1.0,0.6573174614357498,0.9921266787185277,0.8619651878363189,1.0,0.9504054277495583,0.9528087621352438,0.7267573741527564,1.0,0.7325772090765497,0.46614959919307747,0.658134893429011,0.7094831179607812,0.8957128825986527,0.9577400801328468,0.4913997970983265,0.8177444984912622,0.8127473504021492,0.8204014429388796,0.7341028289969064,0.852959733654058,0.02238290063985481,0.7804076031931257,0.9819918542263726,0.9833333333333334
636,0.8035529764461697,0.9447153367113941,0.7828522256762578,0.7223414266892527,0.6822027554638964,0.9832836761353418,0.8734848601825347,1.0,0.9652955715310214,0.9554437946201959,0.7226136639169303,1.0,0.8434635382419579,0.2938332508021627,0.8078671328671329,0.7502111110347688,0.8335657598920492,0.8997205174614781,0.8438311688311688,0.687330998302681,0.6702505809686888,0.8790178466824257,0.801428141920602,0.866984428179874,0.326984974589971,0.47741921319048314,0.939168027800656,0.9866452991452991
637,0.9999999999999999,0.9705356269041836,0.7209092941487308,0.8139880952380952,0.770827365601482,0.9854278684181472,0.7523380186649222,1.0,0.845052183565991,0.9325376158169629,0.6961467152577232,1.0,0.7446312771319465,0.23200796229289336,0.5327380952380952,0.8464590398540459,0.9242133547033728,0.9357651831555319,0.6683012521247815,0.7573356803975339,0.5852564102564102,0.8365610360599848,0.5307313669784527,0.8353248177261334,0.1836105077520916,0.5041684874153467,0.9724360367804411,0.988588334742181
638,0.9499426671253296,0.9549190594645789,0.7887737636842138,0.8817772805466335,0.594585912134673,0.9733647882270049,0.8204075277065305,1.0,0.9137898234355453,0.9342319529874542,0.6942569261103166,0.9722222222222221,0.7951027406012374,0.5321716453295401,0.8928571428571428,0.760453658022831,0.8842863397092893,0.9140561592146147,0.6074654585180901,0.8398579229914847,0.44637494637494635,0.8171740673631686,0.8226169339930005,0.8208600135937534,0.4666666666666667,0.6572167821258412,0.9739152187740606,0.980909090909091
639,0.8864692549915222,0.9524587120105487,0.662117570309452,0.8266847041847041,0.657283162252317,0.9860361966875626,0.8342878826079542,1.0,0.9718786216084652,0.9501686257749145,0.858005271859469,1.0,0.8283018715678769,0.3146040777619725,0.5967857142857143,0.8730136189382592,0.8260447825481234,0.8427701212117698,0.6718382839031574,0.8416002846897155,0.6399109297865738,0.8388646956690963,0.7094165327632959,0.8594444444444443,0.4109395236673096,0.6971626470326586,0.9309437065226995,0.9882506127450981
640,0.9343775783828383,0.9436722568256303,0.6481030044152968,0.7583506944444445,0.7554580136419026,0.9831563049458256,0.7570638744818443,1.0,0.9216290165395465,0.9516793301295222,0.7739597660639651,0.9958333333333333,0.8549871477396738,0.2000724661169749,0.5073529411764706,0.8777956474571134,0.8658001158124559,0.934022437774939,0.6454144620811287,0.6824724339092155,0.5946313271645971,0.8821082495764155,0.7439646658874493,0.7514854528961112,0.3617171859586986,0.5879763473245817,0.943962067779462,1.0
641,0.9480224229212084,0.9619855487764805,0.6152020465877852,1.0,0.7290396476609651,0.9897065247679975,0.7754167653722305,1.0,0.9342171182229064,0.9525252923510866,0.7819144277986826,1.0,0.811137350087989,0.11148798010500138,0.7869664622795214,0.767763114528926,0.8407804885173307,0.8564907249827335,0.48663875979093374,0.8028328611898018,0.9406593406593408,0.8718694255008548,0.6045963853381539,0.822126187988257,0.3510010232826061,0.6154677694874975,0.9694932965987039,1.0
642,0.9079944604919283,0.9514434616325946,0.6989045717895149,0.8040816326530613,0.7008023744209316,0.9910334935258323,0.9766313932980599,1.0,0.9668319984557117,0.9521910086218907,0.716872684747423,1.0,0.7543476592008357,0.10539860681114552,0.3915806397000487,0.7934813286957156,0.7696084404715736,0.8898394443827189,0.7668034346605774,0.9682539682539683,0.5571499817787176,0.8859944799038032,0.6973169419583904,0.6568649189801075,0.13307726507662862,0.5102902198309677,0.9286760665939422,1.0
643,0.8790463996452914,0.9423778185444838,0.49203255023189096,0.9326697892271661,0.6698799793279856,0.9672766316470499,0.8114666580208985,1.0,0.9192078027039422,0.9201710898569686,0.6873143221806254,1.0,0.8478752633421343,0.28704404073210027,0.7712418300653594,0.9523924484772437,0.8307564641241113,0.9190222981238411,0.8032444922082511,0.8769230769230769,0.8120573910849673,0.8047787846313288,0.83947840351461,0.8984615384615384,0.404470876515661,0.5430180589918137,0.9214144902769109,0.9751850713389175
644,0.8888673824921974,0.9682769913830903,0.5847593165992577,0.9414476062593606,0.8127868553472714,0.9664802791306242,0.8600684283421589,1.0,0.9449844056265273,0.9240417318406055,0.7800437811201898,0.9935897435897435,0.8428680545931602,0.1737327553589964,0.8388278388278387,0.7300797893605954,0.8719651973528296,0.8418445871142443,0.6873337109750153,0.7523470356803691,0.830962370962371,0.8573171369273875,0.7403275245906563,0.8744152670190442,0.30247671224467876,0.5746803467255115,0.9460846685372784,0.9846415489272632
645,0.9242086461187584,0.9306127739029191,0.5667906019919381,0.8744461717839098,0.7980518528289897,0.9961261913066242,0.9211300680586468,1.0,0.9208566489647666,0.92392697491295,0.7386129686845564,0.988588334742181,0.8507283091876279,0.2743030957887244,0.5714285714285714,0.7719448967418474,0.7947095517986034,0.8232652438035947,0.76997662425294,0.8403746378276395,0.733981452326331,0.8259321638553633,0.6510086980646629,0.7247857734641376,0.26652519838176825,0.5952573534972555,0.9661438497174768,1.0
646,0.7866072971204385,0.9503513617781307,0.3503109233823579,0.8980210265924552,0.7082534055512875,0.9657257633366066,0.7907913888110434,1.0,0.9203716887451099,0.9014167304168708,0.8056643462035796,0.9472222222222222,0.6816875596994139,0.37085295656724226,0.6472796811032104,0.8622565375464047,0.8558236420724009,0.9045857167736643,0.5968920785097257,0.7991677112081449,0.045910179761785054,0.8462580422897955,0.7681027490360577,0.873613085575328,0.01425858812288807,0.7255709559048553,0.9626672997889355,0.986013986013986
647,0.9496795254882211,0.956691446306945,0.5330346567941274,0.8931623931623931,0.7167329374740056,0.9923995975888683,0.8685827383022531,1.0,0.9664938297339404,0.955076394221938,0.7582628066692397,0.9651515151515152,0.7426790404621512,0.3098318907142436,0.5302220204394117,0.7655910445922436,0.8122184354671265,0.8612845685414398,0.6653693528693528,0.7389439723009129,0.8711725168035848,0.8301913932540879,0.709108882915268,0.7124620165786988,0.2460106393519165,0.7159321088713088,0.9323010865880541,0.9910714285714285
648,0.8854959143420681,0.9491664867253551,0.4130252277818813,0.8831807343824511,0.7327178193205357,0.9776037392273614,0.920659179429972,1.0,0.9562431809238616,0.8626393276714306,0.6922063814062392,1.0,0.7640254193513092,0.2158376857003982,0.610486945974562,0.8982031657335592,0.7108890021074862,0.8238647867601405,0.7196189839572193,0.928409090909091,0.7384199823970378,0.8533460562653247,0.618695078478928,0.9704545454545455,0.6645471857024411,0.6763257290710635,0.9220658806273876,0.9814987789987789
649,0.8666797549621617,0.9438578121852057,0.6211260795253728,0.8411717965874874,0.6626299242318,0.9737807084298107,0.8407844168861655,1.0,0.950742305933606,0.9544547733948566,0.7104291470343711,0.942857142857143,0.7511534165801019,0.22619047619047616,0.7090151359878762,0.8178152015457179,0.7473683796070221,0.7607522605874786,0.5674562699997625,0.8150461584276355,0.674646658523818,0.8237324846198065,0.6317291121664328,0.779583450737297,0.474849853291766,0.65632261778502,0.9536432310665406,0.9952380952380953
650,0.9214999303687524,0.9214433232457009,0.49857548175653177,1.0,0.7455244155860659,0.9915865973624473,0.8823004659940933,1.0,0.9532441755716846,0.9446205387764205,0.6718370218935766,1.0,0.8142513398811472,0.6012265512265511,0.7234243697478991,0.6274919894380167,0.7868982929492803,0.8007277384531226,0.6218180979530085,0.849184389565819,0.8819444444444443,0.8221445151789055,0.8678102259395344,0.9245929509087403,0.5432851993422414,0.47434973462731517,0.9561673653976767,1.0
651,0.9999999999999999,0.9652894639533982,0.438910407584462,1.0,0.6884523753064489,0.9843356085069248,0.8204226573231296,1.0,0.9406367011269393,0.8909606904848432,0.7200083595525382,1.0,0.7224312169748255,0.5984848484848484,0.7151901699241515,0.8569879846847962,0.8409147514621582,0.8514207732526002,0.5769553022764444,0.6609784262601109,0.875,0.8267191489319278,0.7516533990811396,0.8769400352733685,0.3188023162481366,0.5730450734536233,0.9484670871013056,1.0
652,0.954400347926085,0.932697360601684,0.4740955642056784,0.8658496048349604,0.7440958486850349,0.9877177078827719,0.8440785296285781,1.0,0.9225307734993602,0.9561711651171975,0.7466080207205716,0.9583333333333333,0.7660791422993991,0.85,0.37277841070410733,0.9104445768726214,0.7696705434105947,0.9169480750067692,0.5516196161756401,0.87191894127378,0.5785315908197264,0.8587024977497711,0.6868333975110997,0.83455292179235,0.34040014896983456,0.6636594968938454,0.9483038543572115,0.975
653,0.9840397923875432,0.9328339450797334,0.5910913212199924,0.9376068376068376,0.672127363981883,0.9862759164704981,0.7154927260967175,1.0,0.9643660269244857,0.9522952938642748,0.733425980806163,1.0,0.7049117520540529,0.25819595655435257,0.6110803412274,0.8630608531948147,0.8474572422517452,0.8629893231997369,0.6449415421976398,0.9421568627450981,0.9287749287749287,0.8872357006593969,0.6109581735822434,0.9318181818181819,0.5813783328936958,0.537822659038994,0.9822364831298775,0.9750688705234161
654,0.9910714285714285,0.9509163999803323,0.5673308523591368,1.0,0.7903966571494095,0.9851236543909724,0.8575606894008734,1.0,0.9720117994063804,0.9494914852221515,0.7314832663828295,1.0,0.7879831752188955,0.6054093798291129,0.6187423687423687,0.9547206086565354,0.898688902076137,0.8890887265597139,0.5819640062597808,0.8627359297485317,0.837827937827938,0.8327970473014705,0.8600586827315926,0.892465834818776,0.36671279800424816,0.6949633957276551,0.9660011921577365,1.0
655,0.9325177439067835,0.9547820831523267,0.6492042327801446,0.9283642722625773,0.6994520706780829,0.9786611312216568,0.7030731339454361,1.0,0.9775300869177259,0.9305661863534153,0.7696593976598942,0.9765432098765432,0.8500894735644653,0.4270712729046062,0.4007809766581696,0.7503031018020238,0.8877983620011923,0.8947226362307643,0.6116289540915547,0.76943275130457,0.7937486101443951,0.8461278284185962,0.6929472542477574,0.7436777339568965,0.24407117769286774,0.6864617393923644,0.9757595346712382,1.0
656,0.952563344178251,0.9412925052237279,0.4213478234349674,0.9131231671554252,0.7454450255015291,0.9870340202745699,0.859158003691162,1.0,0.9433226555006702,0.9192240333410865,0.7551375814948529,1.0,0.6327668552842958,0.43480341591396354,0.557518562776399,0.8281248164287929,0.6979678214685621,0.8370343228213155,0.4222438998417914,0.7453766893502134,0.7888473228898761,0.8316686449690339,0.6644748254531074,0.8236295856985513,0.6427088784231642,0.6232041620389597,0.9629561734991985,0.8613170163170164
657,0.9418282548476454,0.9759197154114526,0.6840577292409357,0.9430122655122656,0.6604966769810134,0.9776347690965894,0.8887690422641935,1.0,0.9339721444567245,0.9225571249917071,0.7545826955873324,0.9659090909090909,0.7857691141551484,0.3012064832186783,0.6628198504540699,0.7055984549117179,0.8858655048160395,0.9400997249510848,0.478094521204237,0.5858391060772584,0.7847222222222222,0.8867644136006598,0.5299302619623605,0.8699665929927318,0.42895012627745843,0.6894729182406363,0.9722893406930926,0.9651515151515152
658,0.9015262252491584,0.9570807355271257,0.8256666770089589,1.0,0.7086024725039793,0.95380399634418,0.8203303059052284,1.0,0.9460119454858061,0.9258004260263588,0.770999971750113,0.9543335452426362,0.8631466809062676,0.14085761490446985,0.5579628687645823,0.9602815485168426,0.7769185378538653,0.9100641106771679,0.7409225034225032,0.7910087843048736,0.7834890109890109,0.7900853913639554,0.7441298875215239,0.8740513689526848,0.3171490210394432,0.5544192094280993,0.9792823543989426,0.9444102641056422
659,0.9288240495137048,0.9082716018247425,0.4404665007486769,0.6985171985627517,0.8120632765374977,0.9875589912778673,0.8459787496915924,1.0,0.9501930987482143,0.9114340614045696,0.7793648097738384,1.0,0.7607080975543046,0.42441243556072306,0.5811216153127918,0.8509840825575488,0.8131101571249755,0.8756987199712923,0.5172048374477525,0.8855263157894737,0.8708333333333333,0.8190514851125575,0.8050595617995084,0.8259961035696329,0.38035953188730975,0.6980302780549565,0.975000095219642,0.8819444444444443
660,0.9477889913275251,0.9380577406703272,0.5685105768112991,0.6783074096650186,0.7350706592303599,0.9737832269185158,0.961431056440841,1.0,0.92128141482651,0.9216194656944813,0.7743957470933687,0.992156862745098,0.7976696991938084,0.326379095033781,0.7071018062397373,0.8193424957636346,0.7827976974727962,0.8529131787613454,0.3371976810357092,0.7904607111730283,0.7536943422013077,0.8959498053986357,0.8059210860925867,0.7657210431781537,0.7547619047619047,0.5723328446313106,0.9735328306234957,0.9797979797979798
661,0.9368226136608488,0.9325477178302091,0.6214786366683892,0.9050105466994017,0.7391518851759104,0.9657373617817607,0.8981868056930101,1.0,0.9519906439534342,0.9115254786988858,0.6197203831713439,1.0,0.6807524734039296,0.12997654735653127,0.6354326676907323,0.8150468275927835,0.8276997624476424,0.8727032496781386,0.8453073019709048,0.9224242424242424,0.9571428571428571,0.8532180004047498,0.6372168441690121,0.86219702632445,0.16101034930758557,0.44418905734631164,0.9608538574826242,0.986013986013986
662,0.9467458858543418,0.9535839473564809,0.453860285856986,0.8928729526339088,0.6583967352402916,0.9527405790166681,0.85487979665044,1.0,0.936710810172903,0.9422326365015311,0.7606773927715702,0.9658119658119657,0.8560539440923245,0.2990736840542377,0.555366692131398,0.7276213511229916,0.8179203905102056,0.8108483977140344,0.7686739461662062,0.9189282627484876,0.8073232323232323,0.8208394824378185,0.706422371978111,0.8242153152240872,0.18684657792239284,0.682273278691058,0.971650734938942,0.9821428571428571
663,0.901430324861309,0.9348045064640734,0.797545658045658,0.8595356049103121,0.623334864164171,0.9504999899327715,0.8428022488101613,1.0,0.9295300891547221,0.9144569775568983,0.7410168209686008,1.0,0.7292789178776824,0.43606447202264365,0.5240746298519408,0.85768255019649,0.8572754058733502,0.9197366120672575,0.46957671957671954,0.9106382978723404,0.8516483516483516,0.9128969793045764,0.7593043009616757,0.8983923483923485,0.5867515634883094,0.725517714513363,0.9703195548463529,1.0
664,0.9558997902209484,0.9682535643586161,0.6166578503899078,0.8408163265306122,0.7564916290340431,0.9731619241878355,0.7305544654900807,1.0,0.9695295130181307,0.9309641601591351,0.804654386193538,1.0,0.6880500412494216,0.20246031746031748,0.6423103257484809,0.6842726566380188,0.7902614461675413,0.8108067646307501,0.7281038154906935,0.5533134726683113,0.925,0.8719905290217804,0.6072116046314388,0.7279076078203894,0.5573904179408766,0.682041882610891,0.9394876638393328,0.9797979797979798
665,0.9571162964020107,0.9301343901998002,0.6619948687620891,0.9444102641056422,0.653234727837764,0.9851416818743948,0.7926357528316897,1.0,0.9403111681034261,0.915586363580203,0.6291238983299888,0.9761904761904762,0.8011762475072326,0.05756603863416999,0.49265803991847634,0.7430596088314152,0.6792822169701515,0.85747273346244,0.7458036880377305,0.49762658227848106,0.8073717877186085,0.9099436213168834,0.7013033153319911,0.5488898784797601,0.1479568552218927,0.6546756674669706,0.938176999251462,1.0
666,0.8179787541629808,0.9548175752108399,0.7018177118119859,1.0,0.6192298104251126,0.9834964768805079,0.7414275038684617,1.0,0.964819485315686,0.9128740579728225,0.7368154404968958,0.9626696832579187,0.5547680971323082,0.3014488207210579,0.7222222222222222,0.8798797627600996,0.8616385658766131,0.8706845824704688,0.7736388611388612,0.7575537251595782,0.7131083168401233,0.8856449889800813,0.7580564397261353,0.9406839462567017,0.050621594362195856,0.2336659734895751,0.9755747270285485,0.988095238095238
667,0.9147541501996391,0.9702811869263409,0.7276315952499754,0.9761904761904762,0.6859531872222892,0.9586054894940425,0.7804494297476169,1.0,0.9624268752395166,0.9409483172606137,0.6579313824802056,1.0,0.6916475875812599,0.25652463528347963,0.5861361977741288,0.8316163619500241,0.8551831940388698,0.7781617727580716,0.5184901434707936,0.865625,0.6635030980807013,0.858155520088297,0.5590238995341102,0.8317307692307692,0.017760662928730155,0.4792269381706243,0.8972119196866138,0.9837863270308124
668,0.9770716619981327,0.9553000787777054,0.5664711325810724,1.0,0.6787369658975247,0.9717284559284171,0.864873282239564,1.0,0.9603469434838071,0.9260585048524805,0.77512440589573,1.0,0.7329351757912012,0.3155888682204471,0.9513888888888888,0.8556210682545257,0.8679700510494321,0.9058545628156003,0.8843039896611326,0.9338235294117647,0.6269193857965452,0.8242860180085876,0.6636113229946524,0.8270684617933195,0.014236410698878342,0.7222776838263978,0.961093130820669,0.9999999999999999
669,0.9866269841269841,0.9168529237154357,0.5224557350773202,0.9041322314049587,0.8505217679913101,0.998849582973828,0.8145909297680382,1.0,0.9709190939072971,0.9450989423280092,0.714420041388108,1.0,0.7364036585590863,0.16744505494505496,0.5537918871252204,0.8962388908132422,0.8054470688370148,0.8238343179433838,0.6317143385796636,0.7134247820309123,0.6398974301092715,0.8409197006095545,0.6518451996773575,0.7912029305839535,0.4262388717259327,0.48964664317533835,0.9438189282384432,0.9790695415695415
670,0.9677823029796714,0.9333930966170986,0.6667982986955822,0.8541493775933611,0.6874696507028102,0.9809950176543092,0.906213965667882,1.0,0.973431493172393,0.9789235685010452,0.7251923874598409,0.990909090909091,0.7812353128360288,0.1837388801674516,0.5222222222222221,0.6835557730194987,0.7670990071909449,0.9104941878190909,0.7415417554664648,0.8674120964175143,0.6162312395775431,0.7947960305132388,0.7012869478079199,0.9374866755819136,0.6477910052910054,0.6628235636501728,0.9798595180169222,0.9444102641056422
671,0.9390882554945055,0.9394298460640863,0.34255062524095586,0.932636469221835,0.7050902624862985,0.9679650008716671,0.8991164637791875,1.0,0.9673527997057407,0.8906490724093864,0.8191036009940575,1.0,0.7294859674639087,0.577514554725387,0.6821018672876258,0.9360759586041455,0.8841080909791524,0.8509740886039039,0.6429221452708354,0.9471471471471471,0.6217927965094675,0.8777559373667028,0.806869219268254,0.8921954512016623,0.211839711559456,0.7179602093431279,0.9309162551900568,1.0
672,0.943953371862579,0.9412476730394025,0.630301740542613,0.9134961954345214,0.7192782186806888,0.9767664484942029,0.776670704666009,1.0,0.9522951236897974,0.9562813474015716,0.8566906094420501,1.0,0.7439502469524293,0.27249266213343626,0.4826143790849674,0.8044397610187083,0.8487478032985948,0.9084487596002829,0.7337677412395458,0.9028248587570622,0.7916666666666666,0.8632848896449814,0.6195903234644541,0.849642208866261,0.4848728012796484,0.6369756674203179,0.9592381540463654,0.9841597796143251
673,0.9389430014430015,0.9434254425107277,0.6295614262804801,0.8471824111358995,0.8151810731696589,0.9835182675576257,0.9127034537250025,1.0,0.9728106363065868,0.8815428634442254,0.812065636224443,0.980909090909091,0.8125865689266706,0.2042712842712843,0.5541155575133279,0.6755698740944011,0.8198602524768406,0.8714749279755831,0.7764904584423301,0.7301915780765018,0.6819193857965452,0.8135798745063881,0.7169548101365979,0.6917032967032968,0.7103256593184897,0.6896033424744411,0.9496745114171745,1.0
674,0.9144301295937369,0.9509704031364046,0.680601997388294,0.9707362082362082,0.6667958687589014,0.9693024102877027,0.7349858662265765,1.0,0.9417290618416265,0.9467469130160504,0.8432444432264244,0.9924242424242424,0.7241123015812363,0.2829115880586468,0.8733333333333332,0.8990263056161696,0.7812065475499383,0.9114873320660256,0.5359191247349142,0.8916062801932366,0.7324823378291587,0.853343304788363,0.6980998748996355,0.8119615401019342,0.2831556873813263,0.473458452246628,0.9400014416575027,0.9999999999999999
675,0.7172949088106275,0.9269754784570952,0.4760985186122121,0.7833863926874564,0.7860282359434754,0.9695033079358979,0.817233874780403,1.0,0.9500976185919081,0.8459350430506584,0.7171279299776192,1.0,0.832854277140248,0.21650117738841698,0.4956743711129676,0.7882561759188107,0.8428380848500231,0.9158577436808245,0.7717238769274969,0.7050196412954652,0.8145363408521302,0.7417190640749074,0.7851754672856912,0.9435107376283847,0.370810736726243,0.46319486152281714,0.9468017272936136,1.0
676,0.990760113960114,0.9663853263440144,0.41049765938622934,1.0,0.6932812550489857,0.9761809392470645,0.87266669384491,1.0,0.9669439246156867,0.9497889831866424,0.72706070229166,1.0,0.7547615788742232,0.3243789345776293,0.6586316908897554,0.6232328059143569,0.7725883963588799,0.8565701315957353,0.3197543197543197,0.7378717773454615,0.9404761904761904,0.8386243665545706,0.7438063329082292,0.8379907156174904,0.0710052548398413,0.3465070736384063,0.9529050383871763,1.0
677,0.9131868131868133,0.9364842458657516,0.8562163165781587,1.0,0.7132632197219004,0.9738910097428255,0.9144556732631469,1.0,0.9861165492796605,0.9526905793503423,0.6499820370943691,1.0,0.7539595234526459,0.11086952957625981,0.6687167028304799,0.8681089331409986,0.8397292380577205,0.8256797260592905,0.6343271043357102,0.5007692307692307,0.7474602885135737,0.8498962607130617,0.6546130927639535,0.827271052146674,0.5145433662382815,0.5026730161841718,0.9468004238150869,1.0
678,0.9446853741496598,0.9198430496048371,0.6674877436816578,0.7814271958734369,0.7627390667146755,0.9867825531432347,0.745391987724414,1.0,0.9852763947396883,0.9614396277526185,0.7627463685719793,0.8928571428571428,0.752878985119176,0.09289712506624272,0.8320432263814617,0.7766728814455485,0.9423651489688707,0.9081020498404959,0.5714285714285714,0.7468289984525945,0.7519685039370079,0.9090609137058664,0.7779373535770511,0.9866269841269841,0.44656623836951703,0.6083628722857605,0.981506150661817,0.8592592592592592
679,0.8745826897860728,0.9451742883944305,0.7872971578275233,0.7967228969331968,0.8268700379337768,0.9773991508631785,0.7987939698453423,1.0,0.9630651773208847,0.9503812785595868,0.6455926251446749,0.928409090909091,0.7959656401454335,0.35047403863193327,0.7672619047619047,0.7741956678498931,0.7484875656165361,0.8632712040410799,0.7085732605278398,0.786105088212929,1.0,0.9022470777686856,0.6410556449026645,0.8918803418803418,0.4624290605943779,0.4750547866190123,0.9378951041845331,1.0
680,0.9433659804899028,0.9188079393400692,0.7349360029865579,0.8951303598362422,0.6472484895412173,0.9782756831809218,0.8249065459588399,1.0,0.9724001554001555,0.9485285158516538,0.7868780521504084,0.9569444444444444,0.7475186943210548,0.29927730708024464,0.44619047619047625,0.8541114938921219,0.8048801924439762,0.8643024002767754,0.7703601953601953,0.829653371320038,0.8277584118009651,0.8502357352116406,0.7815351665656989,0.9349410737181635,0.3058286889424163,0.353560280837385,0.9749406610414176,1.0
681,0.8654027835689828,0.9257529100512014,0.6591696243549224,0.8807273102949531,0.7506724954549534,0.9904035212265794,0.9241142141043474,1.0,0.8935714619530162,0.9167154683836678,0.8003158532851713,1.0,0.6422089627079999,0.2808344161679912,0.5643403881340379,0.7752122971030466,0.8781991858522555,0.8533139860005459,0.5808532376714195,0.7629292395412903,1.0,0.8935986717199631,0.5396885335085386,0.735784228030995,0.44638589845826687,0.46769044210285843,0.9231220457915857,0.9999999999999999
682,0.9790695415695415,0.9051256228557808,0.5613863353247712,0.7530317436186243,0.7226568977156981,0.9919047374756269,0.8159350205931449,1.0,0.9328551215556063,0.8882564602394983,0.700050715154175,1.0,0.7490180620461122,0.08928302237479178,0.5683368979633835,0.8464938662647674,0.8786116704665434,0.8756965379766755,0.6993903731661169,1.0,0.9128787878787878,0.8298168516852625,0.7353511509442283,0.931845238095238,0.45697642393727883,0.45210832610780916,0.9664065406581721,1.0
683,0.9182439279518105,0.9390014011730536,0.6134652159575289,1.0,0.590164235720662,0.9859116742408328,0.8540152206160111,1.0,0.9738943683874404,0.9403870884480597,0.7177802245645654,1.0,0.7222772562324132,0.29661737414943234,0.7933100564679513,0.7379366773009227,0.8653036288832852,0.9046568284973341,0.752104377104377,0.9569444444444444,0.8570828396409792,0.8784015475988741,0.7930650433888616,0.8632896884413568,0.38411689534570886,0.6083942620164059,0.9496559634588925,0.990909090909091
684,0.9952380952380953,0.9590296049349021,0.7001956853760977,0.8931623931623931,0.7704337323916286,0.9632090629141145,0.838721535989261,1.0,0.9297862860991015,0.902525365291953,0.7214209996442233,1.0,0.7987979092153785,0.320246847460928,0.6458995760466348,0.7917675184796462,0.9320082347062544,0.8818626795395507,0.4072962310184165,0.8792793566622154,0.8881684731308791,0.8757872122766571,0.6663165666099231,0.954515460030166,0.19972146094422122,0.7088986188198898,0.9547381393937857,0.9833333333333334
685,0.9752477257959714,0.9662941604055301,0.6713165045828176,1.0,0.7457595367016976,0.9793929288665421,0.838868260021015,1.0,0.9167847368925861,0.945491203232695,0.7442569891076233,1.0,0.6655693629478361,0.12451437451437451,0.6146368577075099,0.8544315538294679,0.8055017147126211,0.904855547830415,0.7350904099245809,0.8026178010471204,0.6741518136335211,0.8590411334888719,0.7514811497765291,0.8180082426590395,0.06890386170221957,0.8812897156635697,0.967211100166159,0.9757575757575757
686,0.9820586622807017,0.9548294140880624,0.6642582234811037,1.0,0.7469504624009043,0.989536511706323,0.8410973574125599,1.0,0.9425224403492332,0.9443783562449802,0.7448329752075395,1.0,0.6994249670951922,0.1819601083752027,0.7809349708262753,0.6684740701727302,0.8889907152738341,0.9312199775246911,0.6884601711247182,0.7949743965279064,0.7519342359767892,0.9476854854294318,0.6879628963279512,0.8573688965906991,0.463235294117647,0.7000836641835921,0.9371714269458808,0.9945054945054945
687,0.8070399560218564,0.9741927122891814,0.5523798559072858,1.0,0.6707467527034983,0.978725884666718,0.7986321186206754,1.0,0.9367744078790956,0.9469118343523861,0.8464673247252689,0.986013986013986,0.7356273374860846,0.1172746136687063,0.8680555555555556,0.8018162928778737,0.8815183150985308,0.8913734211032629,0.9153485403485404,1.0,0.9229292929292929,0.8712513465321251,0.7312694465346141,0.8883920083184789,0.05421173956446711,0.5815063995822529,0.983316128743917,1.0
688,0.9789046917994286,0.929848737631831,0.5501927651233763,0.7606562546482224,0.7468536215305498,0.9787091340699395,0.7603718469963303,1.0,0.9900511513196716,0.9468905177195776,0.739319014703589,1.0,0.6874043538328177,0.36552215900041984,0.5909090909090908,0.8064805253615507,0.764895903191908,0.8861074884201503,0.6125929253028917,0.6192404484099749,0.7508667302798981,0.850085163094366,0.7564068731573613,0.8158831218087272,0.2300674593035587,0.5395003813148427,0.9357098853709966,1.0
689,0.962261208576998,0.9553110889659685,0.5001878715718009,1.0,0.7483097858827192,0.9910032646635079,0.870173456369994,1.0,0.9360501549575166,0.9667482543297791,0.7722748547784148,0.9888888888888888,0.6690069100437317,0.3679915775834143,0.45714285714285713,0.5944915376952765,0.9012393213783568,0.8224462287005987,0.4325803197618351,0.8000382516719503,0.7559884559884559,0.8856987846257441,0.8030577642141716,0.878671981613158,0.4113049930585475,0.6514820904760458,0.988446217265331,0.980909090909091
690,0.9350136755121043,0.9414847877710635,0.723179865188685,0.8972158027952019,0.7544801060480908,0.997866814510797,0.7019684767034983,1.0,0.9530371056718341,0.9046897725274539,0.746962232922986,1.0,0.7630063396642973,0.22655473971263443,0.7464285714285714,0.7300713432616172,0.9084408418312859,0.8924091429456542,0.6158427991761325,0.5988632654885484,0.9211770372484658,0.8754470833066677,0.7105390249711145,0.8792294094727311,0.3385624465381709,0.7568095975535422,0.9814192854564885,0.9838235294117645
691,0.8929923747364312,0.9459575384123323,0.6791005257924552,0.8520562770562772,0.7842603574823949,0.9942391356983483,0.7842996469723544,1.0,0.9330232975066695,0.900472433193138,0.7780665294302194,0.9613858363858363,0.6467296818684469,0.13751965881708844,0.7364417989417988,0.8429998514557338,0.8626455177247059,0.8159167216688703,0.6339190211997229,0.6716820121266561,0.625229821658393,0.8791307123144663,0.7150869639330437,0.8582130832130832,0.4907635998098831,0.49561696555599466,0.9525114276388064,1.0
692,0.9415976535541752,0.9380181127967303,0.6608315290523942,0.9129971590909091,0.7460671743142603,0.9819720641236852,0.8168130708234838,1.0,0.9445494471446887,0.9299018923693249,0.8215739641969407,0.8819444444444443,0.7387290984223744,0.27583074573498645,0.4506944444444444,0.839468502524804,0.8217861305580707,0.9227473559348366,0.6622352882003616,0.6894186318811417,0.66397714128753,0.8617572341333435,0.7018492275299257,0.8947070557647481,0.24760558957450146,0.5274657069400749,0.9748404308326073,0.9444444444444443
693,0.8431866243721913,0.9318339791694328,0.7566865532799544,0.7386808603243504,0.6726705665604664,0.9955454826095984,0.7838761627340864,1.0,0.9785120094687481,0.926886355987545,0.7584513308749766,0.986013986013986,0.7356521410123288,0.24203018433920326,0.5777981277981278,0.6054401254130675,0.8997872296774899,0.886529458584191,0.4726156668478116,0.8568071621107505,0.794112554112554,0.8465790069447547,0.7827538810123489,0.8649093550279321,0.6970114247892024,0.6484865415037796,0.9361755280084014,0.9085858585858585
694,1.0,0.948855256931506,0.6177871719538386,0.9208160442600275,0.6709621419156375,0.9956487417403236,0.7582209387254665,1.0,0.9785489073216871,0.9274521753533664,0.7772450389801314,0.8761904761904763,0.740739200758548,0.4509382090777439,0.30361599185128596,0.9031585790827642,0.8161907063191529,0.8838309007083129,0.4032782262860941,0.8701170218780032,0.8333333333333333,0.8862993890699655,0.7156403316694212,0.9866310160427808,0.5920023412301408,0.7395757718773399,0.9545917993998104,0.976923076923077
695,0.9999999999999999,0.928750081574997,0.5602663103273549,0.8645560618937999,0.6799709362257063,0.973786123445176,0.8505634260129833,1.0,0.9721831685810919,0.9495819067946697,0.6745343549218612,0.9888888888888888,0.7436379757726479,0.4663854279143357,0.3861111111111111,0.9146536334036334,0.8520740796198463,0.8556019818048186,0.43141620284477433,0.8597135512302607,0.794130869130869,0.9120723619706547,0.8400866654172023,0.8556328853168823,0.5032774289272183,0.5430199643228599,0.9484255430581789,0.9913888888888889
696,0.9540051413964458,0.9376475350197706,0.7128713125431628,0.9327036599763872,0.651765247059895,0.9819615679843545,0.8268468956658214,1.0,0.9580374533840108,0.913297079234505,0.7292243470993396,1.0,0.7068926263201385,0.31980627568629993,0.7211309523809525,0.7681332840328938,0.8900170416251497,0.8845050691236689,0.6277707255150864,0.8287975521075488,0.5946644224569757,0.8960208095841967,0.5811119004611416,0.9805194805194806,0.5017857088164851,0.5923926515733231,0.9712974745016348,1.0
697,0.855157464657854,0.9389216199277939,0.5608111723949164,0.906211505296871,0.6849006057473491,0.9885511185978615,0.7324721303052728,1.0,0.982532874711616,0.9716694011390548,0.7856696864204017,1.0,0.7361676710540939,0.46777065527065526,0.6646825396825397,0.8001810624253078,0.885537782135985,0.9388821948607401,0.7333333333333333,0.7946014878975773,0.9682539682539683,0.914432769593906,0.7308570692690863,0.798503676618397,0.0468635735207928,0.6738266443060446,0.966144393044065,0.9888888888888888
698,0.8264151927195407,0.9427874360193744,0.6407174881312813,0.948820990222592,0.688173311063844,0.9772928333327922,0.810572041336104,1.0,0.994623169267707,0.942338600545451,0.8098502887145229,0.9790695415695415,0.8881535268136833,0.30364154140938,0.6088888888888889,0.8897205713417938,0.9644965991534927,0.9294504167897859,0.8092320261437908,0.7513673087041919,0.7162350320245059,0.8436853883043828,0.7737024222213356,0.9412497481085241,0.40208919955189637,0.5628163065006606,0.981625269657981,0.9945054945054945
699,0.8812893081761006,0.9547638073456737,0.7738600921138507,0.7349664224664224,0.7050868744661065,0.9880348041127176,0.8589408064812086,1.0,0.9483914919464129,0.9232573280528014,0.7102699722014345,1.0,0.6960495193271853,0.28908750854037346,0.8179383116883117,0.838196159732372,0.8854056129243942,0.9404244793560722,0.8362745098039216,0.7667232597623089,0.8439246263807667,0.8677432514371716,0.8473318126048732,0.9924172794117647,0.8768552875695733,0.5957932847188332,0.9284121513337029,0.9462454212454211
700,0.9477966051865926,0.9636867826299222,0.6954013223970185,1.0,0.7360430568060793,0.9894520614238511,0.8165292004017455,1.0,0.9575006201258854,0.9754937908469745,0.7583620987364373,0.9583333333333333,0.7558625734630046,0.3928372352285396,0.6943019943019944,0.8122072840370815,0.8298316227973791,0.9628741393975615,0.6315494870853051,0.6472509475415643,0.7560606060606061,0.80869983687599,0.7227775799265901,0.8560986467236467,0.5066206408213842,0.5841718247732397,0.9678972814948189,1.0
701,0.8928275313299093,0.9266921580536334,0.7981970626629215,0.863524377593361,0.7520360995660661,0.9819649685467582,0.7956205144452249,1.0,0.9635301509807307,0.9546595362978552,0.7620058674624774,1.0,0.7828541501529933,0.3313248022802595,0.8265871074694604,0.9143037158633134,0.7597468301289998,0.9239758759167389,0.45552419162362284,0.7276610209571103,0.7862959956709956,0.8336570637702784,0.7361978741498189,0.8735950956064809,0.37214944334188016,0.71321455960945,0.9643843948610135,0.9750688705234161
702,0.9295676545676546,0.9616607806185316,0.6581244152672725,0.9442866782340468,0.6918335183671478,0.9907879818594103,0.8464251367270549,1.0,0.9893225877921791,0.932087724413487,0.796571321427049,0.980909090909091,0.7654574055012882,0.4987373737373737,0.6578042328042328,0.8093564627097016,0.7256523909354098,0.9178149672593261,0.635639701777309,0.6464461330152139,0.7409748521198902,0.8148089940205279,0.7476072991384383,0.7740059923095917,0.574161176987264,0.44399473003527234,0.9819362984685567,0.9713435374149659
703,0.9767387525185514,0.9656861668086838,0.6143561579722298,1.0,0.7132868619505685,0.9855918788915125,0.8216883068070611,1.0,0.9409172199692118,0.9543216175756829,0.7486206503667658,0.9682539682539683,0.8121558187632885,0.2655477206836512,0.31245421245421245,0.8943722943722943,0.8095776800101376,0.8925916152869451,0.4110015731454078,0.925934065934066,0.9416666666666667,0.8012880127968879,0.6873439105321252,0.8344623049399698,0.43450575146759174,0.725450808416667,0.9801224660926807,1.0
704,0.9932718185313341,0.9718992318851354,0.5975883001940037,1.0,0.7830592388548301,0.9901595537430418,0.8478201454253531,1.0,0.9559327658460778,0.9368743872583155,0.7513909987495914,1.0,0.8381341556957762,0.3184382533033286,0.8357517895923663,0.6684730436799007,0.8685296887256004,0.9079230814263058,0.6733425304853876,0.6977814744000278,0.8880293142898185,0.8442037210907718,0.6180605154132568,0.6027930609489189,0.30023165601497165,0.6559934263912386,0.9649989618111777,0.9790695415695415
705,0.8627967467324907,0.9411535411636097,0.5979592539192657,1.0,0.718172730587657,0.9898547813493832,0.8227210991896776,1.0,0.924067557940828,0.9624125347984227,0.8366864850965844,0.986013986013986,0.7607774729999963,0.36562650337993774,0.9362980769230769,0.6735995920951532,0.7472972826631363,0.8649385398575917,0.5286442542964283,0.7229386812956219,0.73529028049576,0.8679509419888325,0.6297380294188986,0.8058740304834056,0.5518281535648994,0.5009213600479183,0.901524657325054,0.9721956614813757
706,0.9901315789473684,0.9409790403738004,0.6766709457429569,0.8861660079051383,0.6696764417902569,0.9650257497969489,0.8889508317219249,1.0,0.9088204490918302,0.957665238464444,0.7752433053290595,1.0,0.7728228450873788,0.5134285229793397,0.8250000000000001,0.7637274686912132,0.8575488128368096,0.9231628250408195,0.6717504520136098,0.8269704461494742,0.7680215617715618,0.8392466673056729,0.6628159152634548,0.808515565317036,0.2908213214060283,0.552292932740315,0.9460580978685872,1.0
707,1.0,0.9468654085480381,0.8365984015984016,1.0,0.7460336127300892,0.9788025770352723,0.8657668714729553,1.0,0.9512140562699003,0.9307233571861135,0.7488126047561946,0.990909090909091,0.8394723849909793,0.47196231860310534,0.3342528735632184,0.6959539981413719,0.8907075240711054,0.8526499263239243,0.6969065656565656,0.9168260842472583,0.8429801396562073,0.8263902018294277,0.7241719839552225,0.9698830409356725,0.5663849882027332,0.5708359059814795,0.9515041859841651,0.9765432098765432
708,0.9170892133177297,0.9648086455153249,0.6343720652612872,1.0,0.6866093949404605,0.986805550458553,0.8732116866434958,1.0,0.9845690948474497,0.9510227410009302,0.7738553904678893,0.9714285714285715,0.7693485535156294,0.5861496079677897,0.28341503267973855,0.9445252711700081,0.8070516431359901,0.9313646327142082,0.7154915381889067,1.0,0.7789011437908496,0.8477849866258775,0.7044284373129983,0.9437229437229436,0.22553647779482353,0.5252220157634531,0.9795604581030848,1.0
709,0.934126984126984,0.9436789951441578,0.6447183181555426,0.875017415534657,0.7469075319681722,0.9883138674828944,0.8988406789650386,1.0,0.9679076883926004,0.9078567917572301,0.7665978198343072,0.988095238095238,0.7155739764325492,0.2132084223507894,0.5555555555555556,0.7255877180999493,0.8851372682843156,0.8377106815280329,0.3154991948470209,0.6676462982456042,0.6433596667059701,0.8775551967032366,0.7323980180116286,0.8172647187992457,0.2654419246682377,0.5200048071201825,0.9083799379657537,0.9467813051146383
710,0.965342585945601,0.9562922888687001,0.7284532004588287,0.6410188343119675,0.7868897240311865,0.9896896011380614,0.8708781132160762,1.0,0.9472813620301661,0.9446173931503131,0.74970930089429,0.9888888888888888,0.7500841838075701,0.3168503489269708,0.33851370851370854,0.8765209996845105,0.907861050868878,0.8551474525273346,0.6496031746031745,0.9402585638998682,0.33663628267588663,0.8598877986750756,0.8067269859368963,0.8926351240732512,0.28244442372461903,0.5325124179784996,0.9776119607080687,0.9856737793156478
711,0.9760531135531135,0.9440221844644134,0.5397000473815265,1.0,0.8383354272180851,0.9902498621656031,0.8391304515149476,1.0,0.9494986327415201,0.9254139732537557,0.6537099614383635,1.0,0.7849440328683606,0.5067408286158286,0.6067476232917408,0.8299905936766927,0.9077444739148062,0.8770732033161173,0.5387273623812086,0.8622697563874034,0.8998397435897436,0.797940193894274,0.7848024801319536,0.9511904761904761,0.13078236048496514,0.5841265110796693,0.950289829871439,0.985702614379085
712,0.9554054054054055,0.9440984193379545,0.8218494534308822,0.9281269841269841,0.7389314067178809,0.9813191263238682,0.9200306838118089,1.0,0.9734659143281548,0.9020485621987334,0.7026715477238146,1.0,0.7611737472766884,0.4603799486421438,0.645315698513373,0.906436024293167,0.8225861939975884,0.8861530462428248,0.3672950337333899,0.8270377122118391,0.8673225998807395,0.7767353248932762,0.6938151251081789,0.8002624811091228,0.18634526866601345,0.5438523368309439,0.9850722168589332,0.9708624708624709
713,0.98860597433967,0.9530492895298923,0.6503169629902281,0.8200874485596708,0.6552365620354464,0.9950213527405071,0.7868643150291464,1.0,0.9591337937196381,0.9502367033753051,0.6692736693208149,0.9797979797979798,0.7478282104021198,0.12976023768862643,0.3429098734361893,0.8311799535000481,0.7789194481017094,0.8622775771043428,0.5391410672660673,1.0,0.796929752276573,0.9015833715781094,0.6011981314430652,0.853803935346003,0.326289576084718,0.6369585549039181,0.9479007776993755,0.9540997464074388
714,0.9141626863511362,0.974765877675601,0.694327150305411,0.8796082949308756,0.7789622233685146,0.9690955104364097,0.888824363662267,1.0,0.9858249599729269,0.9571119756050979,0.6460142202906115,0.976923076923077,0.781274513776498,0.3306761349816483,0.5269936762583821,0.9133593136832392,0.7880654514028385,0.9321247577751544,0.3790250392881972,0.4735866228723156,0.8405668655668656,0.8301538027939251,0.5039589755750944,0.5885524548296907,0.5567307692307693,0.6324369273347294,0.990618123953566,1.0
715,0.9092488730031982,0.9437902993510807,0.6215482100080664,0.9273008053796231,0.7358444683975507,0.9890883588809315,0.9398563480779908,1.0,0.9159963564403968,0.9327548408434876,0.7605665265373012,1.0,0.7344010711595784,0.25217252288884473,0.5503015533018594,0.7783250786782413,0.940753558023814,0.8900445444386101,0.7283268328302123,0.910344827586207,0.6907936507936507,0.86801040051582,0.6561601938172553,0.9658217119289785,0.6472515290519878,0.5781102803389224,0.9660268657821229,0.9713435374149659
716,0.9291139607259025,0.9610257184909078,0.45399469575292506,1.0,0.7419445963418223,0.9789269971940804,0.844894298251322,1.0,0.9371562560128013,0.9052623450978285,0.8209934998807472,1.0,0.8715085527768559,0.6462418300653594,0.6313321181742234,0.8567410306134138,0.770939952366829,0.8982240814494309,0.4968510357060895,0.7900049156421682,0.8192570100464838,0.9337258372455632,0.6396805772718844,0.7190088153295868,0.36524619344884046,0.6804731057844574,0.9527167121518085,1.0
717,0.886849094717941,0.9496919790653184,0.46811676523925455,0.976923076923077,0.7684841587769704,0.989236955614592,0.8341035909975255,1.0,0.9670683562336236,0.9178000606918464,0.8115909006571742,1.0,0.7768313771938803,0.22128826108694333,0.41666666666666663,0.8080337183876513,0.7375316435422455,0.7899188044286324,0.6054045334766118,0.7586494446045007,0.6618508438601897,0.8460465176991795,0.7369053069739184,0.926016139767095,0.30379853911679966,0.6704771032499866,0.9628024978883565,0.9451515151515153
718,0.9113429483030812,0.9428769202372318,0.44788664784243604,0.7614555723864804,0.7762469327293715,0.9770692604048248,0.8735998984869136,1.0,0.9744496572767848,0.9033910929286558,0.7991184117126258,0.9757575757575757,0.7789572411419547,0.14825430815694635,0.6108938527621324,0.7277734292320559,0.8952923612090393,0.8423123796233669,0.24955543620957155,0.6236740086452998,0.561994734968968,0.8555611047062412,0.5727853811647611,0.5609298749807266,0.6981339826834216,0.7013287455854953,0.9221527895624396,1.0
719,0.8976437895175795,0.9530733168929059,0.6636292615894054,0.9134961954345214,0.7579772550300773,0.9957070707070708,0.8788388159276884,1.0,0.9347474932108288,0.9243808711102374,0.684681181231611,0.9484126984126984,0.735463794774052,0.2343215063803299,0.4274245905824854,0.8501795690998079,0.9258160941367838,0.9160048678767564,0.48029934252670536,0.9679144385026738,0.6965861817915256,0.8555863304423479,0.7986298071062921,0.9247447909645141,0.4100592890654595,0.5762291555162198,0.9869616367573243,0.9821780783319245
720,0.9939896036387263,0.9359288001958347,0.8427326106215468,0.9206349206349205,0.7112052638271307,0.984359726161104,0.8748629792291269,1.0,0.9496803658928055,0.945757593525195,0.8084656074042545,0.986013986013986,0.8118707469741012,0.31694975968958794,0.573953823953824,0.8267857315098694,0.8768382317826573,0.836699301427618,0.42411041202755817,0.7838026861467783,0.8497074707470749,0.8135855311455513,0.6461021638662171,0.8921063921063921,0.1939037648038693,0.6031233924825015,0.9546785396455618,1.0
721,0.9050482415188298,0.9290080180018282,0.6292527416103179,0.7947289320131717,0.6806683426271228,0.9659803019258763,0.8395144400948436,1.0,0.9066793436768986,0.8974466698394523,0.7048049678252193,0.9266666666666667,0.6314987012179369,0.3175767576757676,0.622675026123302,0.6838447452321291,0.8679100855378081,0.8548758419495284,0.5238713574825674,0.9603174603174602,0.9095238095238094,0.9123447023491655,0.8187471727636526,0.8695147024326971,0.5683470555292405,0.5535650646945705,0.9246964136130391,0.9895953479430988
722,0.9388278388278388,0.9313928044145545,0.6432225301759982,0.9273142112125163,0.7248197443456593,0.9638848702977588,0.8073498285174776,1.0,0.9243405582028512,0.9030705118911274,0.6395869983262429,0.9833333333333334,0.7464092700049403,0.28197015213170784,0.5416666666666666,0.7723071420587848,0.7590379649981787,0.8841496279813784,0.5033050996792363,0.7912727977835202,0.5163276142898409,0.8664214980959474,0.7791114583863891,0.9098831451772629,0.1844317971702765,0.8186277997177224,0.9632046227071894,1.0
723,0.9160225090397222,0.9090464217728419,0.49697244836999677,0.793858103819136,0.7163418254526983,0.9929112767226839,0.8463493007460005,1.0,0.9176724045045365,0.9047155998610805,0.7337437014882038,1.0,0.7741981136644291,0.3472934472934473,0.2916666666666667,0.7711954978402347,0.8945114149963928,0.7303294967962702,0.6411094642072903,0.7653565400413597,0.7504114532638873,0.8939676577246589,0.8301893012737872,0.9310739881997248,0.37008624826166736,0.5940646337792809,0.9581243409676257,0.9833333333333334
724,0.9299600827912479,0.9450883830741025,0.5450709643730294,0.8415763282521829,0.6451642483436837,0.9941113277501953,0.8222448332983627,1.0,0.9340307595521612,0.8505868343694388,0.7227993395287787,1.0,0.7883356382499589,0.32367149758454106,0.5690320572673513,0.7765682566371144,0.8864708997532301,0.9215572695493712,0.6938041756223575,0.8002726288479103,0.5956869862115444,0.7417860112659418,0.6165311330016642,0.8909110362872645,0.2123039944827445,0.4222582443428362,0.9582307430297756,1.0
725,0.9562594268476622,0.921047975387525,0.6239703160434867,0.8043553909148685,0.6630186514930863,0.9894652641125352,0.8474380538632791,1.0,0.9271890461425228,0.8645645727459713,0.6373406351505805,0.990909090909091,0.7459675319255668,0.3836478738652652,0.7610367063492064,0.9198595431438568,0.861401542579863,0.9133026712097712,0.5492993848257006,0.9213184476342372,0.7130866597294008,0.9070416892235383,0.7692550473505426,0.8972757955641273,0.3603697591542896,0.6397129163700797,0.9207329495513543,0.981547619047619
726,0.9019225118475315,0.9501955711777755,0.5642461379847562,0.9043290043290043,0.7177183918810951,0.9726129187376322,0.8588930374465092,1.0,0.9530108840898315,0.973965015328154,0.7801125752371116,1.0,0.8631774094528406,0.11107273121586721,0.34964912280701754,0.8252618989224021,0.8993252994497507,0.9135736292602754,0.6379564476606123,0.7550619764265707,0.6030782144004029,0.83588625625238,0.7697640788293042,0.8127772925970486,0.6436507936507937,0.5877198096627423,0.9852452896731082,0.9952380952380953
727,0.9710678210678211,0.9370635679540295,0.5021435018642687,0.7751811594202898,0.7950311959120976,0.9930128654220787,0.8345534774197185,1.0,0.9332031284122837,0.9457861301716388,0.72075193803166,1.0,0.8292289940198234,0.3857669903625786,0.4981122470416287,0.7187678277372621,0.8034738286011667,0.8575912463858637,0.8716289691170075,0.7401618968799863,0.8274170274170274,0.864853659617622,0.7502863443958783,0.9056569376250228,0.3406661674029133,0.5967459196439932,0.9694155885752898,1.0
728,0.9729166666666667,0.9527727852836794,0.7402690154435388,1.0,0.6383238411704049,0.9425914261651428,0.8100643303418588,1.0,0.9466001619586302,0.9517022086954102,0.6457698714851114,0.9073260073260074,0.7249508018109508,0.4452967550656626,0.6121103569632982,0.8355196304542709,0.7954074786207914,0.9005615143682781,0.5375211193179039,0.9116455453149002,0.7694055399937753,0.8707199656121909,0.6231325924373252,0.8099153010917716,0.414875319945557,0.6102445512937381,0.9410933420223666,0.9821428571428571
729,0.898443285360121,0.9440967226843914,0.42992095323961416,0.9040983606557377,0.6340663777136263,0.9668624988661507,0.7880277815772101,1.0,0.9623702027738645,0.9603702914501254,0.669733279658109,1.0,0.7703622203817082,0.30817603767300755,0.8227678571428572,0.6014315104317506,0.7495065946296381,0.8573054189351563,0.27493166869297064,0.7162537940538334,0.78629508007835,0.7874884356377484,0.7105683358013226,0.782055722055722,0.16974397100717772,0.7391730750886436,0.9051915913688068,1.0
730,0.9336170723202519,0.9106763077970031,0.6400885450459604,1.0,0.7410624830290976,0.9986947626182077,0.807485826590353,1.0,0.9846316708019234,0.9390291199075599,0.7194389500865336,0.9480519480519479,0.7720770732590021,0.12913054067225924,0.5130244279367085,0.8418681368086064,0.7515049232625226,0.864283364382046,0.786442426620998,0.767655662909286,0.6343117905927158,0.79351679108865,0.7785650518972279,0.9534662867996201,0.42685589857710104,0.7993410047515241,0.9324500878009769,1.0
731,0.8044870095866984,0.9531495274435108,0.6739795887019492,0.8945027195027194,0.6852576425302451,0.9948369850127082,0.8452722833320836,1.0,0.9479098910589341,0.963944627480638,0.7669910780223805,0.9821428571428571,0.7576085008902347,0.1768029687718807,0.5866666666666667,0.7490948799874687,0.8334610257820744,0.8985237237962095,0.593299863637526,0.8917057902973395,0.8628787878787878,0.8330928087026488,0.8177780997356591,0.8295454545454546,0.21017159151804876,0.4785757628353199,0.9735775976442009,0.9761904761904762
732,0.9715684963396634,0.9614778644054464,0.7691333156351433,1.0,0.5576738986841062,0.9895167752399574,0.909601280836542,1.0,0.9839403647294382,0.9745568365601961,0.7094487819553683,1.0,0.8617449059246086,0.11359478935698449,0.7783834586466165,0.7194846380903624,0.7342967005632176,0.8598681178516699,0.8188219887305964,0.35303871745183596,0.8769455252918288,0.8481643406946959,0.7748638504957763,0.8386530022537992,0.31233110107777085,0.44392142718067756,0.9731476691268335,1.0
733,0.896725233287032,0.9402909171477822,0.6211932597036675,0.6717156649559878,0.6476675742536627,0.9857404465465226,0.7687008174046616,1.0,0.9260038980234108,0.9701256874453504,0.7301313699404137,0.9697979797979799,0.6652263225080526,0.42157666894509,0.704029304029304,0.6830633021231876,0.7850832546348536,0.8315591389469595,0.7662772888949893,0.5273790485135282,0.6786431928736916,0.8260696583442168,0.7700850040058731,0.8019033254327372,0.14153489638999212,0.8040343739695637,0.9765601894077526,1.0
734,0.9815162907268169,0.968289537649366,0.6799913922776984,1.0,0.7472492108717914,0.9687653398165011,0.8680811307295745,1.0,0.9691410953385654,0.9358907402645223,0.7824154866000663,0.9714285714285715,0.7434224433149477,0.02968561601793897,0.5158163265306123,0.7810867470384351,0.8794981931219623,0.859061300957096,0.790301131049258,0.6360845612427889,0.4298800327143098,0.8643673610095495,0.6978078214187942,0.7939516832373975,0.43245226995226993,0.7115678107920713,0.966809186839723,1.0
735,0.9144907770800629,0.9504239552815272,0.6433660251986857,0.8047169811320756,0.6010762364326878,0.982443073534866,0.84614303188503,1.0,0.9364236561942919,0.874664958028607,0.744145265503089,0.975,0.7010122676662249,0.5131282453692939,0.43960927960927965,0.9381529673349526,0.8839415757031214,0.9422812769237575,0.3141987641987642,0.9464285714285714,1.0,0.8963893550078662,0.581369996307958,0.8982758620689655,0.08905701453106676,0.6489802550632717,0.9458898566144313,0.9945054945054945
736,0.986013986013986,0.9533937583082104,0.5508052295768086,1.0,0.776038281635327,0.9878076718224049,0.8649102411903279,1.0,0.9679522823622202,0.9220835069970084,0.6336939008178787,0.9757575757575757,0.802429962148821,0.5677685157283598,0.6397232397232396,0.8571754534856568,0.885802206594042,0.7845881703898484,0.33020650033517684,0.8255447035521725,0.6686274509803922,0.8799771547749652,0.6528613929833621,0.8402015845953265,0.4500607154651947,0.5792501536641702,0.9156595981230533,0.9999999999999999
737,0.9938080495356038,0.9482058142540535,0.6654228807394186,0.8257418909592822,0.8106847705991282,0.9865810208652893,0.8343223700350544,1.0,0.8952174657916896,0.9266680272943851,0.7736198506756492,0.9761904761904762,0.785775922707914,0.2579304449052348,0.7803768543647087,0.9150159294836588,0.8785104584090971,0.8292535115602709,0.6901401301261245,0.7267507696663009,0.6399041670797396,0.8555382300798343,0.7781991627149863,0.7571487478501301,0.3513557238076749,0.6188983673776296,0.9543861561400115,0.8955985244975183
738,0.9602810974763171,0.9433203513397508,0.6237545460612645,0.9134199134199134,0.7833238129194642,0.9910548834925772,0.9306342004845694,1.0,0.8960203677905351,0.9235952343157802,0.7699827428447441,0.9873949579831932,0.882504928328727,0.24489045249085295,0.9213184476342372,0.7368289924685795,0.799220306733327,0.8795588528606766,0.6197963969137438,0.636327026412475,0.8753591116438594,0.8251190924044349,0.5394323285890057,0.7833014415103967,0.3911144226120851,0.4059515483630353,0.9460552531253396,0.9765432098765432
739,0.9385553628566051,0.9449270918854522,0.8104564912540371,0.9159722222222222,0.6314458661530507,0.9905990388722238,0.7304811893397651,1.0,0.9530228982267179,0.9354047431653135,0.7829040856309856,1.0,0.8292646328710188,0.5581439778072178,0.7678160919540231,0.8987910845341922,0.8111799666247078,0.9253456550732702,0.5148904126176853,0.9280303030303029,0.5670666680782288,0.7614053563098144,0.886811801079173,0.8842493322187367,0.5099675324675325,0.43231298070617535,0.9680485801066124,1.0
740,0.8450872359963271,0.926325474460239,0.7227136516007195,0.9271255060728746,0.7178915103692007,0.9484790628445909,0.8515305152240058,1.0,0.9473150064005836,0.9575972681927054,0.8174550110126714,0.9805194805194806,0.57701461778066,0.3721734835864437,0.39669312169312165,0.7774738541632655,0.7479585183733715,0.8880709828013689,0.46083874427787797,0.7954373455921444,0.8513935701322272,0.8655512703082288,0.6938242728388329,0.8086288711288712,0.2950184959917186,0.6582525422047144,0.9542306434247199,0.9945054945054945
741,0.9468261881023595,0.9598301098369397,0.5590648113420605,0.9375,0.6933922691487646,0.9887152329892543,0.9157208037852274,1.0,0.9565150330686436,0.9464386151566906,0.705949399347085,1.0,0.8745278079242669,0.3008365508365508,0.2375,0.7457709936430026,0.7823780492980418,0.7816198181069299,0.6041618710733331,0.7478868468917753,0.7814849056846052,0.8544220496172322,0.6692767660430532,0.9058138728524123,0.15514261104424448,0.7065497500428302,0.970868463469176,1.0
742,0.9852889124255426,0.9624239633079237,0.623218666923248,1.0,0.6570584343436251,0.994565790001242,0.8212754428697739,1.0,0.9816481356157946,0.9662171464421156,0.8091443924647997,0.8430215617715617,0.7265922219799739,0.3432782631228743,0.6708637020479126,0.7775076775076775,0.8812623456384503,0.9226156202496358,0.6096699596699597,0.9243387105534734,0.47772466290235915,0.9160242408608322,0.7885260714650628,0.6740528597592002,0.1265182816855222,0.7585249612772549,0.9483225659807935,1.0
743,0.9016768580304492,0.9298464479499114,0.6033239543616389,0.7882064487236902,0.693510508582752,0.9679954081190361,0.8421282628220781,1.0,0.9477458912536687,0.9528778099101011,0.6917899848759859,1.0,0.7673916178850388,0.2486953594553244,0.75,0.6816991569014345,0.8706792029346483,0.8004775345165721,0.5518041410296313,0.8332467148350022,0.7689564920033669,0.8130548677084735,0.6891550973356735,0.7876919216832947,0.0958830798830799,0.6288084227723685,0.9328342601216213,1.0
744,0.9301820728291315,0.945704453468653,0.6283109760542038,0.8541162722603689,0.6673152516648776,0.969758553322679,0.7660666639700293,0.9999999999999999,0.9237079957225169,0.9440350163675219,0.6990941244804705,0.9625,0.7023530137883183,0.2709131140216837,0.795034764359738,0.6824909465284584,0.7432682559142849,0.8550635575135859,0.7203296703296702,0.7755976334149881,0.738857886904762,0.8318740374815478,0.6344559368687147,0.7212251584897514,0.2954128893644749,0.709668330895111,0.9709368581917902,0.95
745,0.9371793377103832,0.9534632229343311,0.6789371555669909,0.9216846501914376,0.704959526361162,0.998230471708201,0.860760951157925,1.0,0.9731380431008153,0.8875468762282984,0.6981787272603607,1.0,0.7280367219436196,0.5711888111888112,0.561891841716403,0.8825901394786844,0.9030878502940514,0.8893702490512114,0.5650765900765901,0.9025197628458497,1.0,0.820936288404532,0.6877072543540532,0.7034725898433365,0.3240498358230916,0.4088501876230883,0.9784082315168462,1.0
746,0.9191394516136784,0.9559245057975718,0.5954338303160807,0.7808287457223627,0.783543680007221,0.9972536309784787,0.8270724163690119,1.0,0.9589813582588411,0.9687108386797579,0.7910778125535141,1.0,0.8577644611506265,0.16880572517335063,0.5827897148019099,0.767676208363885,0.902754910678774,0.8085271089292373,0.512099693678641,0.8593117408906882,0.7350963796481478,0.8851503137739591,0.7844365153131121,0.9002790527880695,0.439737528126835,0.4322827543594692,0.9490978546646408,0.9095238095238094
747,0.9733543417366946,0.9537872680834977,0.6013985634753453,0.9371356147021547,0.7324913369029413,0.9906724362023147,0.8654854268085195,1.0,0.9147369397742825,0.9450557725013466,0.7654233353342297,1.0,0.7146544522233034,0.20153996885089828,0.7226378232452401,0.8631860587553256,0.741685481271908,0.8890641613402951,0.656771911663216,0.8142026323844506,0.7825242907870604,0.7984173779514592,0.8038306280661934,0.7791335978835978,0.4629618304250819,0.6195505147364666,0.9362054556331418,1.0
748,0.9763071895424835,0.941771677199983,0.7346085795548932,1.0,0.7432535520443939,0.9871970039695248,0.7631751008998738,1.0,0.9501102075229264,0.919372515302894,0.7802430494559721,1.0,0.7666983989362941,0.0816385979611786,0.5134753100439374,0.6737552830553272,0.8161941225931792,0.8919275264856371,0.7153633815577136,0.8670405352223535,0.6439516691514312,0.81120671360236,0.8065661869182696,0.9247728696741855,0.5578898755509464,0.46441646267231146,0.9605885085018759,0.9651515151515152
749,0.9233502433707178,0.9368197928259097,0.4637459669182357,0.7611762308030418,0.7929820638810215,0.9988082166363126,0.8246355260741833,1.0,0.9183726934861413,0.9433285956035851,0.7111131472287248,0.9569444444444444,0.7979016354016354,0.537037037037037,0.6535714285714286,0.8102045543292974,0.7730576932505757,0.812594546982383,0.802722073677956,0.6561423220973782,0.8392857142857144,0.8395972752441659,0.5437764982938492,0.8264642226317606,0.6193260930103035,0.40604284400490526,0.8832145069931808,1.0
750,0.9444444444444443,0.9411708403944287,0.5520311686680571,1.0,0.6969179083012645,0.9910072981956144,0.8304633160363462,1.0,0.9285533020316253,0.9335650000450204,0.8137153858611808,1.0,0.7586385528751052,0.5064777127660627,0.8034722222222223,0.6659450393491758,0.8467832521810901,0.8517291785344994,0.4670624775611453,0.742015538434376,0.7380642361111112,0.9496911439218753,0.7180227751362596,0.6714011180992312,0.14665709485190967,0.7132263834781435,0.9401515150290137,1.0
751,0.9218010480054091,0.9513363587154909,0.7921149221149222,0.9216042077580541,0.6879949861236724,0.9857044807746733,0.7932179506243193,1.0,0.9302248665796322,0.9298289225680463,0.7450865955429183,0.975,0.7682280692313171,0.36030103165708677,0.37543859649122807,0.7750648790199982,0.9605353028308098,0.9517630489899053,0.708762433240753,0.8631685759299313,0.4137828859093421,0.8604704909239691,0.7211021709473442,0.881510530137981,0.06959493574628559,0.5004539397210945,0.9647065537935291,0.9897435897435898
752,0.9404056300882926,0.9375789996662274,0.666139831553125,0.8835535164321079,0.7729302789092861,0.9883789597920837,0.8608660577229436,1.0,0.9288932627194442,0.9293080294583486,0.69069702805274,0.9575757575757575,0.6413584961188978,0.5616216148192892,0.9761904761904762,0.6811500932764194,0.8619084449195722,0.8789546348635378,0.7834925244016152,0.6899988787445245,0.7130794967055973,0.9174082648415459,0.6274893185733751,0.8573479897009308,0.3806499763410332,0.6316560929732391,0.9519075796005089,1.0
753,0.8965863483929566,0.9599698179873918,0.48427798421887386,0.9043103448275862,0.7657980395109982,0.9936182698562285,0.8532695966283914,1.0,0.9487405696544705,0.9625952712544366,0.7270717445641509,0.9480519480519479,0.7432303643986572,0.19035547785547788,0.7412087912087912,0.8745078837571097,0.8948693728859893,0.8314315759466462,0.516891767654944,0.7554830004497676,0.9304154995331466,0.881390829970181,0.724271706283648,0.8868589743589743,0.22719933578596357,0.7167186293407576,0.9615536191823802,1.0
754,0.8540861661168294,0.9411115705930069,0.49930719485747543,0.9973684210526315,0.5929795836838612,0.992659148059948,0.6847096331094856,1.0,0.9422717780447935,0.9454095499429079,0.7472486212845347,0.925,0.6508952508409426,0.31394113453914113,0.5530161867118388,0.7354445186079257,0.8648148821313268,0.8619809390439216,0.3979575163398693,0.7011726738905875,0.8647269214703425,0.8243711787391228,0.4191085542079032,0.8418742755177944,0.350262454048668,0.5905321150780924,0.9465430855013683,0.986013986013986
755,0.8981351208761125,0.9335198545265446,0.6684699452333132,0.7288235501549354,0.6462819176144391,0.9499582691537405,0.8973085598611914,1.0,0.9504514663768682,0.9038090928143577,0.7015896573457335,0.9787545787545788,0.7911241860183047,0.3285184905505279,0.4803804855275443,0.7203411471485995,0.830372610663353,0.8863653298986293,0.6563660477453582,0.843527540586127,0.7008677584258979,0.9414660201467571,0.8442135112671846,0.8630754662004663,0.4093377567654736,0.3238059758768705,0.9662869469671879,0.9901360544217687
756,0.948807805950663,0.9529538825760671,0.6597919152284435,0.8260536185237746,0.7159420394685988,0.9890762328039979,0.8270369321820272,1.0,0.9623582688677053,0.9339624292418147,0.7407174147159176,1.0,0.7812096319964748,0.42249707242055706,0.5152625152625152,0.8958226337385325,0.8593200427599247,0.912490452436631,0.6385905760905761,0.9114942528735632,0.61833059629492,0.8465766680967541,0.6788084235005192,0.8616976754271836,0.3893348623853211,0.6756651311570646,0.9417747520543774,1.0
757,0.9037414587046939,0.9561282485629214,0.5439501848290274,0.8790485829959515,0.7177634911479962,0.9727918328716231,0.9705951219512194,1.0,0.9224704116835674,0.9349026882642459,0.6751396192302482,0.9406593406593408,0.8774077836868593,0.49405031243266534,0.439797167336947,0.7040534004588161,0.8410037290000937,0.8721756693035663,0.4409649707018128,1.0,1.0,0.8630463063017264,0.6611184069593221,0.9114450648680524,0.44745957014318594,0.6444153355522731,0.9532986508087914,0.9462343212343212
758,1.0,0.9231768341971192,0.6980673837341624,0.8807804980121363,0.6668465374830551,0.9661970145128671,0.9331153136122757,1.0,0.8880158587442619,0.9209283113391714,0.7556978992540762,0.9797979797979798,0.821952816010125,0.3406575739494292,0.5704533690946734,0.6640193406922931,0.7865177909447529,0.8623868506619627,0.868436295837824,0.8455013478280082,0.7825114288816648,0.9053801405078172,0.6550567783349774,0.6782550782550782,0.34213872249968347,0.6105399875907396,0.9475809880576362,1.0
759,0.926712674402892,0.9380560993730024,0.7127699682047508,0.7224119250090291,0.7822661945037425,0.9783128835974768,0.8862410935666226,1.0,0.9375443550368717,0.9116398559884833,0.8218744122625202,1.0,0.7592298945298944,0.1730132923194096,0.4072316207184628,0.8556043769175826,0.802408648184102,0.872327315894589,0.6253261610081845,0.6354958083878728,0.41074720111305846,0.8742389883920821,0.6951675189245894,0.7522496792775429,0.6701517709603962,0.23503829468016327,0.9504444074794703,0.9833333333333333
760,0.9626696832579187,0.9629644996119879,0.7214621895458015,1.0,0.6981794719568062,0.9802716067419283,0.9115666279354208,1.0,0.9486624491242251,0.9601377668002085,0.6208062351537877,0.9714285714285715,0.7440393535219544,0.2155678466041169,0.4784382284382284,0.7813459470226739,0.896480930607239,0.910728117162533,0.6317561580719475,0.8916513142843381,0.925,0.8303273338662117,0.9003200535338477,0.9244755244755245,0.43386243386243384,0.5507733621282502,0.9861588664408893,0.9897435897435898
761,0.9276308766930282,0.9550900023757698,0.5261248370662686,0.7998167552144825,0.6765685477776728,0.984762638698972,0.8979233554504452,1.0,0.9369513001030062,0.9596881038041492,0.6056617783452778,0.9472222222222222,0.7845433979912673,0.4233516483516483,0.5950721153846154,0.6785806497711437,0.8064924630254954,0.9067938470529462,0.4100088102116499,0.7740047206602391,0.8559523809523809,0.8625011353789716,0.7104124563485505,0.9009735570497338,0.5190770517706107,0.5272471234410792,0.9605293185717383,1.0
762,0.9255326117522796,0.9187259226568063,0.683613456510565,0.9041152263374486,0.7726413043766537,0.9859370017854459,0.9213728447327632,1.0,0.9117204312539005,0.9451467950908818,0.7886325172742323,1.0,0.7187525051729737,0.3835346215780998,0.5430179479199087,0.8792104698562541,0.9087316492632584,0.9112388443521501,0.3442809039945262,0.8710777174632596,0.802,0.830196107309324,0.646840039375881,0.85066010188961,0.2777777777777778,0.5556606912803455,0.932972172165428,1.0
763,0.9402009591715476,0.9193951939598188,0.4965943358592461,0.8045871559633028,0.7169327355335061,0.9705475358668594,0.7991870969336566,1.0,0.9240517796125728,0.9290087466340968,0.7358049497745781,0.9722222222222221,0.7510868472042327,0.21291870274428412,0.4314685314685314,0.8277773905680881,0.8942701420759422,0.9001492614555352,0.877684815184815,0.6864773258532024,0.794116189154357,0.882234141333339,0.7135639157568309,0.9146167557932263,0.36034240712100507,0.7201877204439241,0.921715886561743,0.9935897435897435
764,0.959375,0.9340585208335336,0.6985593148333626,1.0,0.6023396928275939,0.9737498332205452,0.8388093596134232,1.0,0.9458833910303439,0.9558513301773102,0.6053792818763627,0.9583333333333333,0.8350186091884912,0.3506168765696896,0.4611329162712562,0.8249447962027141,0.8264963059816001,0.8405707082794885,0.5272654055492727,0.7157236334171642,0.7889219194554049,0.8244029348999171,0.6663251022712425,0.8217463908640379,0.4583333333333333,0.8317327385884189,0.9294037054945737,0.9861111111111112
765,0.8281606473370957,0.9553232225754323,0.5778466826059955,0.9897435897435898,0.7471513570755746,0.9996753246753247,0.6841591746650598,1.0,0.9674038594326227,0.9417086381162639,0.8334078325877531,0.9626543209876542,0.5210691493720793,0.18974829286474149,0.39919733975461524,0.7511062959881857,0.881051738766074,0.9189978812838067,0.27445675149719445,0.609792457078441,0.7535475561379389,0.9019040975996682,0.578260198221162,0.8896317930107702,0.3363880767550492,0.7567145362572645,0.9366993226563819,0.9945054945054945
766,0.9888888888888888,0.9586427994155696,0.6830961868710005,0.9041598425612849,0.6849619894683978,0.9504598251037173,0.9240390975147154,1.0,0.9753252544469013,0.9309962190470378,0.7072760199903142,0.971150097465887,0.7628284631607042,0.35688917415489946,0.6779889228418641,0.8272873872568417,0.8382985136436973,0.8354996182884877,0.6251556776556777,0.7708528951486697,0.7575757575757576,0.845040570879048,0.7914441625926906,0.8718228070172804,0.4859732578006689,0.310029983978195,0.9681990124729223,0.990909090909091
767,0.9283992763772175,0.9402934264775568,0.44968046369005443,1.0,0.7389762283791158,0.9699729010429723,0.9034512542798862,1.0,0.9462451014438218,0.950672505054876,0.8213923080806671,0.9924242424242424,0.8874149190245647,0.36135531135531135,0.6727076264109979,0.9189828495698064,0.7758053415625131,0.943352512588766,0.741800225917873,1.0,0.8191654349549087,0.8018316026563814,0.7121254999171216,0.9004004256272402,0.5476190476190477,0.7252486946147857,0.9691125979502935,0.9583333333333333
768,0.9431043688428858,0.946685691429228,0.6519915095481167,0.8795454545454545,0.6950342341131327,0.9895550466257391,0.7912354544086219,1.0,0.9473000158007248,0.8977527235466071,0.7523939002043624,0.7678571428571428,0.6379909978345405,0.4856349927967264,0.6645081109366824,0.7642428849369036,0.8895031430393372,0.8199482709576624,0.4665746038691244,0.9809523809523809,0.5681106079603411,0.8209929597517951,0.8014370699622232,0.9037364243943191,0.26884679647837545,0.44720373057052853,0.9753032780473773,0.9935897435897435
769,0.9162739112739113,0.9579889142466534,0.5960961726181222,0.986013986013986,0.643604752516112,0.9587159851553725,0.7720248635179847,1.0,0.9612605250708302,0.9472885580415925,0.6882008767717841,1.0,0.8653597638593051,0.5240053597196453,0.8351010101010101,0.7947739316734621,0.9196300451642506,0.8670414252767753,0.5685490435490435,0.6469398030824256,0.9159722222222222,0.8907868787731129,0.7872595163379712,0.6122359870521635,0.33360992208991347,0.7227741761491788,0.9345836366797892,1.0
770,0.9694940476190477,0.9338931331519518,0.5791314784421253,0.9376098142570282,0.6692383566132524,0.9792197088517147,0.8985952836637766,1.0,0.8984739132131802,0.8960903514536014,0.8198173640555927,0.9797979797979798,0.8067602811471591,0.3037474542013062,0.525770980156945,0.7820678130359444,0.9152944065731001,0.8873962527956771,0.6307447442846602,0.9910714285714285,0.6133639321254704,0.813109307146918,0.8340302393788162,0.9241671027385312,0.28393179469769914,0.558424568646801,0.9431076715683002,1.0
771,0.9046873488837145,0.9399821331301076,0.5263967463127573,0.9484444444444444,0.7271112512488751,0.9897637196219538,0.7924477542834822,1.0,0.9433785941591476,0.9240501984611152,0.7564649436114576,1.0,0.8907191385947173,0.42270516796964824,0.7622705725646903,0.6365574883810736,0.8982912405238147,0.8735128662733345,0.8509740259740259,0.49674645447237303,0.7614531853303448,0.8613564179021743,0.8551399777318501,0.879088504088504,0.4717912690468504,0.5234282746829642,0.9431106016778845,0.9924242424242424
772,0.885072416350717,0.9252162159272508,0.3537702373602452,1.0,0.7226993339895149,0.9635545911135289,0.8095596463455933,1.0,0.8921726969922568,0.8996287807777735,0.7117072870082018,0.9444444444444443,0.8021683137901625,0.22163295495487467,0.7796027501909855,0.8375249202835273,0.9103505185703014,0.9093036091355996,0.6661659289648506,0.8498473991946138,0.6619010707782301,0.8649421700137757,0.7231896623056235,0.8898742492492492,0.3573182957393484,0.4933694777920242,0.9529982524821815,1.0
773,0.9922595520421607,0.9270745390107681,0.5263274418389011,0.809508124725516,0.6565809506469986,0.9725842473367095,0.9048228245999302,1.0,0.9028208487868795,0.8641024827407779,0.6918612228260366,0.9701923076923078,0.7921268724353638,0.3930968503327658,0.6108058608058607,0.7883962678330191,0.8643774015673547,0.8471676474148533,0.7122404927217761,0.9272133095662508,0.5555094130675526,0.9136436974508183,0.6200207781044083,0.8942605203000742,0.6074324633699635,0.6950639075135328,0.9704728880956986,1.0
774,0.901078791055206,0.9391078379417932,0.7570493808383082,0.8086550435865505,0.7677877978440908,0.9801881212653536,0.8382129711698045,1.0,0.9094106205752825,0.9341753890872596,0.7436192092370271,0.9897435897435898,0.8536140098756062,0.38547762960553655,0.3854723707664884,0.8290744552846887,0.8913589283828709,0.9275301724982298,0.2721229596229596,0.8233904687650164,0.9242424242424242,0.8622713172820353,0.8168668386689837,0.7359307359307359,0.6847898629148629,0.47407717651080483,0.9885465819765302,0.9846415489272632
775,0.9390333698604376,0.959116819798056,0.6392398495794436,1.0,0.6902347529708637,0.9803840849620421,0.8800193443657964,1.0,0.9696732670271089,0.9150329367258089,0.7558510690182869,0.9866269841269841,0.7726741728875147,0.32012143522044506,0.875545634920635,0.7786812078727805,0.8762547671296076,0.8812832577167831,0.5015471167369902,0.7096211913798505,0.6777996578748458,0.8569436334356964,0.7022320000481161,0.8526896583500356,0.49238095238095236,0.7354939792801226,0.9452246748981061,0.9713435374149659
776,0.9888888888888888,0.9548044683176791,0.4579587955858465,0.9327380952380951,0.7542758339084299,0.9756323216816494,0.8725499175074276,1.0,0.9433458454238248,0.946130741034362,0.699648429178134,0.975,0.5737951084554858,0.3922630972966127,0.7048611111111112,0.820342317952145,0.8112075257418888,0.8831632145630923,0.6769283956783956,0.8327975999142826,0.6659090909090909,0.839580083608511,0.7132285838167042,0.8894639690595573,0.5035180721250749,0.6053191399440913,0.9370604929761293,0.9861111111111112
777,0.9195407844188331,0.9754116118735999,0.5916465791157165,0.9206507304116864,0.6953696549491649,0.9729863008990363,0.7904550959060049,1.0,0.9768625769219668,0.9112832091598638,0.6799573357837811,0.975,0.7839842942885233,0.41913217700520433,0.813257610312208,0.8508873487577957,0.9037662392494743,0.92488293838184,0.4971021944241758,0.8126595744680851,0.7900987273868629,0.8528831675570727,0.7471497583031947,0.668422979346583,0.19604391619915432,0.8206037823660594,0.9594232903385054,0.9626543209876542
778,0.9787545787545788,0.967940275036742,0.4855320175827469,1.0,0.5858620252089535,0.9891599858528657,0.849369343789131,1.0,0.9162444943850765,0.931079281493294,0.7445575753328397,1.0,0.7933901124503548,0.31313167614389126,0.9444444444444443,0.7399952656487857,0.7250500906378474,0.8365785833727539,0.4636241994474445,0.5716378714090384,0.9379251700680271,0.8867239065916491,0.7706569849690084,0.8709025519346917,0.4090312149060143,0.649680412108467,0.9652915941932222,1.0
779,0.9514344652931609,0.9638650850803725,0.6557414418886058,0.9452581032412966,0.6921333890710664,0.9643495620406912,0.8488809811100803,1.0,0.9436220379044574,0.9322517140992923,0.7206473732257476,1.0,0.664130648190455,0.14726008852432493,0.8928571428571428,0.7675116435199518,0.8182108920530967,0.881306011794872,0.3824904959595483,0.8508340283569641,0.6581554844208388,0.8692241302954802,0.62159922318953,0.648426549137266,0.5475340687865023,0.6042492012253857,0.9305642310045464,0.980909090909091
780,0.9154040404040403,0.9254618393737897,0.5347862265154695,0.9213615023474176,0.7363171860385322,0.9969237036218151,0.7923157653239142,1.0,0.9227673659930962,0.9228573661920842,0.8582113977817835,1.0,0.5887944139921975,0.43611164361239435,0.4981631765609469,0.782431726801435,0.9123196908188514,0.8870491376422709,0.6159475252829683,0.8359809652357387,0.8928571428571428,0.8385263349901224,0.6280663312171927,0.7848360323886641,0.12333333333333332,0.6393671158970912,0.9682083392489267,0.9866452991452991
781,0.9393855999871439,0.9688076733537581,0.6497603420367648,1.0,0.6742968762406325,0.9799760879056566,0.7675811053417108,1.0,0.9456764438626664,0.9322010334186127,0.8068487326924574,0.9659090909090909,0.8237203353740777,0.2928685646342412,0.4411666627945698,0.6456164010699678,0.7663488313004887,0.8541108519262937,0.49299131667552726,0.6874564957664536,0.7608141714524693,0.8391711253151916,0.8109258188937333,0.832767524872788,0.01917858951165692,0.48729401594864197,0.9196848174202609,1.0
782,0.9103524013790123,0.9537148229051133,0.6864189029436378,0.825526932084309,0.6070983501871671,0.9932537970958275,0.6705598543555215,1.0,0.9763981715362258,0.9305408517709239,0.7595605161463228,0.988588334742181,0.5979167141771067,0.26731120386070173,0.7061896376041112,0.8862369291940462,0.8626688230332981,0.8846695522900898,0.6382237158930526,1.0,0.8165408121290474,0.8917151316937266,0.7565953287236976,0.7631963012477717,0.08480719816490367,0.4904473553924261,0.9780491772417992,0.9682539682539683
783,0.9338004501688437,0.9381104260527292,0.7227964280721267,0.9328843995510662,0.7270871504407974,0.9834532306922297,0.8229125203683094,1.0,0.9281290366858962,0.9324980177160492,0.7050928392843644,0.9910714285714285,0.749400637013242,0.341326280428004,0.7617365172189733,0.7501759824190986,0.7190354635538342,0.9236726375554035,0.6085410165730532,0.6450882108758821,0.6685897435897435,0.8731431767541434,0.7569670276199916,0.8392039654334738,0.4362745098039216,0.34058770978002045,0.9481532764635363,1.0
784,0.8638719923442454,0.9318081425194504,0.4947425810486368,0.8543191211961498,0.713020237184468,0.966732272399568,0.8761228143106186,1.0,0.936348291750244,0.9047197539761391,0.7398367671955869,0.8917233560090703,0.7699242620367065,0.4119918641218625,0.6808992177413231,0.9681787998462237,0.7983265104833729,0.8835372419548446,0.6545348492068459,0.8392623023742019,0.8796428571428572,0.8746748440122228,0.7487899464620329,0.9611111111111111,0.27979007261060496,0.6298764721218463,0.9719112896462073,0.9649678604224059
785,0.9487384358187664,0.9479236404962006,0.5427438246300291,0.8792194092827004,0.6446575279723192,0.98804739651289,0.8005582926864718,1.0,0.9408104615919286,0.8954579225444956,0.7541581285636442,0.9714285714285715,0.8019587871710161,0.23991667682724632,0.9022236821149863,0.8096712117021041,0.7009393316575167,0.9036921946947047,0.3823998867477128,0.6698794050004497,0.7182074236966672,0.8065354986120385,0.6017766574185164,0.8689617880317231,0.12935434067129814,0.6189890405264412,0.9309715793543264,0.9833333333333334
786,1.0,0.9434664600293018,0.7908799475823081,0.9752747252747253,0.7283423604890673,0.9977641857495434,0.7692485957831338,1.0,0.9755052841080919,0.9298250874049865,0.7314614415491185,0.9924242424242424,0.7919029558056866,0.14202642807997656,0.6092226613965744,0.7135676318868143,0.8675930143115826,0.8921625291761267,0.4243779770953684,0.8167812251484337,0.8430215617715617,0.8143202227993569,0.7313028513216351,0.8671199467067013,0.5186101073030774,0.6205069322699555,0.998518030547016,1.0
787,0.923251863476777,0.9434988556299949,0.4947629089360173,0.8446198697274394,0.6915352866741223,0.9825441283662734,0.8335783987674441,1.0,0.9278533889713162,0.9240700198015394,0.7742279451240378,0.9325396825396826,0.7214241118816045,0.3944911297852474,0.2081928871596054,0.5740793549441939,0.7144707853673765,0.8272938448502741,0.6134297418293059,0.6455299189575918,0.9242424242424242,0.7664591117530407,0.8122557399840604,0.9293978748524203,0.25003115502783707,0.5950711307545558,0.9574615168495841,1.0
788,0.9119437611806799,0.9084545728408018,0.6519123133866005,0.9041322314049587,0.6647591494316208,0.9831483848226052,0.9069766034132876,1.0,0.8887497265845784,0.9482616280473748,0.7069694957940429,0.9406593406593408,0.7385985965549862,0.31516994326260384,0.7522069904357631,0.8641707864581859,0.9061271096834669,0.8197714545031294,0.549111133332347,0.8087841165926273,0.75677905334191,0.8718880961226417,0.8085601700025904,0.8616838133525209,0.8333333333333333,0.615758302911855,0.9673739636548331,0.9855769230769231
789,0.948449764521193,0.9430602416855359,0.5926976059314772,0.9131559497413155,0.7429727562521111,0.95750230575629,0.8705332368666164,1.0,0.9413718331426228,0.9243835601240239,0.8177964021672488,1.0,0.8134045303585681,0.49928904428904425,0.8004850088183422,0.8565882259645339,0.8535805070407555,0.8472878630080249,0.6632549102943839,0.7978155823192143,0.8394342359767892,0.8065391141621477,0.705506445117485,0.786370030104848,0.46161961003524243,0.6832833753367482,0.9458250288375185,0.9328843995510662
790,0.8779387098236547,0.9374647994233075,0.7412709353640997,0.9373493975903615,0.7453765549015228,0.9626621609207213,0.8635913165687064,1.0,0.9864444988814949,0.9391559628269581,0.7926952738342792,0.9945054945054945,0.7024009856943302,0.3029839364407572,0.6879084967320261,0.8860077211799499,0.6664443607528063,0.8908244376113719,0.6159890109890109,1.0,0.9666666666666668,0.87215852790279,0.8563711722300137,0.9557044320202215,0.6422437827590053,0.33301173458298483,0.9671132542532661,1.0
791,0.9137022006845923,0.9728994043865706,0.6575028272699748,0.986013986013986,0.6296048392127436,0.9849700732204961,0.911771815245391,1.0,0.9469177144932316,0.9444433796663734,0.7226622016062042,0.9757575757575757,0.7203111915533187,0.2559878977754282,0.7019593832093831,0.8576911756179153,0.9054416575032262,0.9033680342231176,0.7233849630929486,0.8883115303342045,0.46351181773879147,0.839934998405261,0.7396226447271339,0.8987396850464444,0.35663801282996327,0.5966302589042907,0.964286306980036,1.0
792,0.948417420276059,0.9435080564859234,0.47970890663137894,0.6077401213556313,0.8251973508833984,0.9922559730321596,0.8583752154267869,1.0,0.9101558263436447,0.9060174739414758,0.6802860137678797,0.9787545787545788,0.6928835489403191,0.4843304843304843,0.6806664388243336,0.8416780830695924,0.8117207119495664,0.8650745064961721,0.8257927784826518,0.8693146287414243,0.6670286828181564,0.8555756747425987,0.6115055393546973,0.7632669016890885,0.43767394899414896,0.6626646916832964,0.8987357966914807,1.0
793,0.9025422792391118,0.9490352259343185,0.3420698662311363,0.986013986013986,0.7229088911363126,0.9913200183654727,0.8659908358965722,1.0,0.9726045630572208,0.9376485517216733,0.8438347071702147,0.9472222222222222,0.8133615412618301,0.23386730419339116,0.5595238095238095,0.7575187034872162,0.7737622129091346,0.8806684011551767,0.4082121402706477,0.7996079479640024,0.8409090909090909,0.8476657888436298,0.5976841101498225,0.803460534898891,0.16382996632996633,0.7212432623901966,0.9475773587484612,1.0
794,0.9636524822695035,0.9546193677436184,0.6648605992748393,0.8955377955377956,0.7875186139053166,0.9923253362429658,0.8474150575142171,1.0,0.9319480398447778,0.9119100828930581,0.6135291960923419,0.9897435897435898,0.7077600177600177,0.15577741607153373,0.7454712148017102,0.7419953443991906,0.7033484268659348,0.8863584678958285,0.5721435068996045,0.5882673769660071,0.7021837155709308,0.8313010399317639,0.7874564014551224,0.8172528316537533,0.3949250233200921,0.7098802021348609,0.9655835916929831,0.9846415489272632
795,0.9202514482928633,0.9515033426062581,0.6942669456881155,0.961734693877551,0.6494258536964914,0.9888013036066171,0.7948470510346417,1.0,0.9844055442463227,0.9499224583380517,0.6788446507724873,1.0,0.8319915721674149,0.32267786453982317,0.3692764519995641,0.8174583795209531,0.8297112617251228,0.8994516573902401,0.5596500721500721,0.7844357475563906,0.5830314241685478,0.9116604637972426,0.5763763701754492,0.758687642810275,0.3358361090550209,0.5821319024979918,0.9868310147129357,0.975
796,0.9112801143674047,0.9547917246550575,0.5963734179574968,0.8829539295392954,0.7721741361282518,0.9768845548562528,0.7535732338030364,1.0,0.9557483870023895,0.9282563288150829,0.7189912513028587,0.9765432098765432,0.8275117361047721,0.1930247980364796,0.6703437199718665,0.873656045751634,0.8607131000425641,0.9301121667177363,0.6648073471144139,0.7488478618913401,0.5829744200451766,0.8009480989854332,0.6600998950155369,0.7456933512458227,0.10285715102246833,0.5919714736671853,0.9531924022941175,1.0
797,0.915433810160425,0.9654618499187165,0.7187430258281061,0.8944843049327356,0.6889556934065538,0.9859121947857055,0.8589931087231933,1.0,0.923745587798895,0.9444198935924818,0.7695763707092506,1.0,0.7686693643254826,0.13604523495827844,0.35816255816255815,0.7755952096065153,0.6812336381690057,0.8999915513474389,0.8107135443093697,0.9,0.7046312687740341,0.8529890209121197,0.7183076545285203,0.6988549727784179,0.2551093997898962,0.5586409608679643,0.9342939849375571,0.9897435897435898
798,0.9853041695146958,0.975119787807365,0.698906501598696,1.0,0.5752972518553205,0.9999999999999998,0.7890577441004509,0.9999999999999999,0.9073120490955786,0.900442930579912,0.7656753531771717,1.0,0.7981021433123968,0.26582098465632137,0.6534013605442177,0.7957384534306364,0.8735985249994617,0.9296426851117601,0.7035278603249332,0.8914662084765177,1.0,0.8907802242726155,0.7764491735305146,0.915542328042328,0.2804725489313999,0.5830136011446438,0.9355411381496359,0.9682539682539683
799,0.9723622782446311,0.9321783763162315,0.5451568399226469,0.8335479725659446,0.6553315265449158,0.9799867951753377,0.739672082120641,1.0,0.8883885595070955,0.9092016093743922,0.6569752487211293,1.0,0.8267709645114365,0.1827563423017288,0.7513888888888889,0.8132036740702486,0.9318061256683234,0.850250708552227,0.6327380952380952,1.0,0.8352941176470587,0.8629311971468694,0.8615835824906777,0.8430120604033647,0.20708970405980145,0.5653634669485149,0.9708215041162568,1.0
800,0.9597720512353548,0.9160328301647116,0.596714090831372,0.9128644939965694,0.6033245546228594,0.973056226972345,0.8387153493282047,1.0,0.9254278633830088,0.9614599296683434,0.8083851902175044,0.975,0.7736892879901092,0.3346153893412768,0.4949731272311917,0.6801091741215665,0.854469550385238,0.845263780288904,0.5575396825396826,0.7451005281523627,0.7679817240198596,0.9023237906463065,0.6469592590240609,0.8532288723570236,0.25566483412571794,0.5365049466842058,0.9322067824860564,1.0
801,0.9815162907268169,0.9504807767550781,0.6548768784046888,0.8792372881355932,0.7697917144935625,0.9714271539513025,0.7473679730938891,1.0,0.9662939810476717,0.9426726932734463,0.8190520595707154,0.9797979797979798,0.8318068436340267,0.11275613275613275,0.6088488652031655,0.8648883327901365,0.9077036262635322,0.90418227384408,0.4858062330623306,0.7729695788563151,0.9484126984126984,0.9204073467955232,0.7133391509072273,0.9082706766917292,0.37933067964027717,0.7677622592684262,0.8817412042437781,0.9797979797979798
802,0.9396714396714396,0.9346551050545081,0.6621163144707357,0.8791152263374485,0.648865228072885,0.9919988114001317,0.8613592075208403,1.0,0.9625048042502771,0.9310613374351859,0.7952759966597818,0.975,0.6943648771371609,0.25461456796916593,0.7962393162393162,0.8335367993792935,0.7718855851485364,0.9193675310051552,0.6491156174447299,1.0,0.8785001570389697,0.8630324924178084,0.8176513257534973,0.9276728699142491,0.03185185185185185,0.5416474643835247,0.944967265836124,1.0
803,0.9772206254389975,0.9619806582247433,0.48735789661387297,1.0,0.6985264190400979,0.9867588865129621,0.8095648434911552,1.0,0.9060774591975184,0.912189561846666,0.6871758116518568,0.980909090909091,0.769363069628569,0.26458256374624084,0.5129901960784313,0.9644683026584866,0.8219615577022829,0.9474947988116582,0.6900523718705538,0.828101528101528,0.9658119658119657,0.8560202512843175,0.5883035058260965,0.8118565599497802,0.39122621243134786,0.6206344742824649,0.9509200858796445,0.9701923076923078
804,0.9678169876766134,0.9418359129617828,0.5540843601330125,0.6810639009702242,0.7691523843359798,0.9954761904761903,0.8074223076873314,1.0,0.9054129480416164,0.9015561012674185,0.7450464506044325,1.0,0.769797043817527,0.2640873384236216,0.669528159241078,0.7117875211932883,0.9020118311391422,0.8752619948946823,0.7209557547715444,0.7833702391018966,0.8909090909090909,0.8343914482543658,0.7074120704718163,0.8910722550973746,0.10914051252122062,0.45587835731292914,0.9135336282968509,0.9888888888888888
805,0.9336996336996336,0.948055507859453,0.576926106791623,0.8293637486035254,0.7187391760394816,0.9830118384699474,0.7997067351713751,1.0,0.929332557865585,0.9604779585062717,0.6687030531424978,1.0,0.7815713120623131,0.5088451726844584,0.7637856073109603,0.8123556614864078,0.8333560486964072,0.8397355036111581,0.7707706766917294,0.6394229429657763,0.6916666666666667,0.6852351908767087,0.7037193473728054,0.8890596211885369,0.7050264550264549,0.7072309965905352,0.9772601096344056,1.0
806,0.9188005170431705,0.9237834543703257,0.6685044320554114,0.8598370075650998,0.7506884884782359,0.9860006762201284,0.8433608013586186,1.0,0.9590932403184574,0.9390982302480977,0.7186239316465681,1.0,0.678750051692443,0.24380782959730327,0.4172386672386672,0.5965979454074497,0.8106070365086119,0.9361826438295808,0.793933846265779,0.910989010989011,0.5332106645199625,0.79301622018565,0.5970383416873924,0.9368552298968368,0.15106409719312947,0.5845853871458262,0.9629968162916815,0.988588334742181
807,0.9556999708635782,0.9456250134565966,0.6112915476013803,1.0,0.6744235188365473,0.9681832235273332,0.8430901703824281,1.0,0.9601311942513756,0.9019076647225398,0.6856487685145317,0.9901360544217687,0.861909259294632,0.30451230511532024,0.48501400560224095,0.7613185235997812,0.8708845072800713,0.9120920557504539,0.532793409946968,0.7475094836688301,0.9368131868131868,0.834479239676294,0.7498624093426396,0.8254518002525838,0.48655155101904474,0.6487373179322696,0.946877672895174,1.0
808,0.9672159059702312,0.9379098607780294,0.8320758810375024,1.0,0.6903055752108614,0.9798432118209348,0.804027333857644,1.0,0.9009150436658716,0.9225095059516161,0.7605905712747127,0.9750688705234161,0.8010914793925159,0.5231456024799678,0.6941798941798942,0.7789698353878596,0.8604914623638238,0.8867442080780598,0.728720238095238,0.8149245931013888,0.7519493177387915,0.9117987582383216,0.5995788538114357,0.7181656523425972,0.17145135566188197,0.5684340893236919,0.9743362440188237,0.9821428571428571
809,0.9428080003931396,0.9524635434440848,0.5923876295330036,0.9046204047883591,0.7809030779179154,0.9874780324923845,0.7887205112575959,1.0,0.9480598507692097,0.9164695800530293,0.786562330490558,1.0,0.7252490982757407,0.2265226781646763,0.7895622895622896,0.92599164278166,0.887345998284357,0.9150900880082065,0.5876958689458689,0.9113636363636364,0.7351383703437142,0.8315886712413693,0.798659682297333,0.9653513153513154,0.36214285714285716,0.6615726012658536,0.9078966679697014,0.9872721018231854
810,0.8711649622054247,0.9659083078118952,0.9331012292550754,0.9472222222222222,0.6791226174035474,0.9660903434843103,0.671728939583237,1.0,0.9923680133898838,0.9672622246066548,0.7131206715480531,0.9575757575757575,0.7563248164795007,0.3730296799570892,0.7055761395467278,0.8493603237720884,0.954969873553789,0.9229457751201742,0.43095238095238086,0.9118231495280675,0.7938185412896422,0.8708089335965781,0.6430222362698906,0.868617913751323,0.2894827452473214,0.6054658737613026,0.959903062775948,1.0
811,0.8403323629703449,0.9680169409754482,0.6798684219684674,0.9543335452426362,0.5950464641431814,0.9583018233631923,0.8001446979805741,1.0,0.9048409656597376,0.9010300513480138,0.7508660784404526,0.9805194805194806,0.7493717791963905,0.18703703703703703,0.2889247311827957,0.7775552301496824,0.9001243087681545,0.8318391845512455,0.3632318188584173,0.8909090909090909,0.42983815875552156,0.9155700205416982,0.46410847542655786,0.8651406926406927,0.394006919006919,0.5265439222000167,0.9762235518616655,1.0
812,0.9946313799621928,0.9535649364155843,0.6982114890831824,0.9704861111111112,0.7396717928955154,0.9940861064069656,0.8502129361360431,1.0,0.9559929500478425,0.9420982855464677,0.6655149039071371,0.9480519480519479,0.48274989692444603,0.0781873725099796,0.3833895636527215,0.8741803394205754,0.8676873534956151,0.9549229605817153,0.5976162726162726,0.9047771282426015,0.6466592850590528,0.8255295412172781,0.7120473159799979,0.8984730915959851,0.23581468668559652,0.5356720047877704,0.9612060059480458,0.9790695415695415
813,0.9229725021816234,0.9524650156335678,0.7072663458353151,1.0,0.7168269318442977,0.9659430861636396,0.8065507967377882,1.0,0.9518148258789423,0.9072326870907158,0.7974519836464545,0.986013986013986,0.8781950650889727,0.2297790229448083,0.40281066972243446,0.698342045658867,0.80894824237372,0.90539875944202,0.6107713628115757,0.6277472527472527,0.7694055399937753,0.8689069228408267,0.815222759230176,0.9280904280904281,0.43806524914786565,0.4471920492334612,0.9795457328352066,1.0
814,0.9456245004881492,0.9496277170965639,0.6925994027974227,0.8079656130234522,0.612481458183408,0.9892043086330886,0.8115297618317676,1.0,0.9712225669235725,0.9456463656986377,0.6933102870661944,0.8928571428571428,0.627208641845192,0.2671436281684729,0.5056487896161809,0.7908366378108539,0.8589832554033832,0.9313750721533296,0.45758560565713435,0.8916978776529337,0.899537037037037,0.8682939671966632,0.6347948484527048,0.8508031285121068,0.28679643313264,0.5996684979932468,0.9597911722828666,1.0
815,0.8759362451023428,0.9406082206947785,0.561712685164033,0.9328267477203647,0.6852969430235555,0.9879239242866957,0.7713533921581659,1.0,0.9263272184617699,0.937293945940823,0.7492645340159564,1.0,0.8153575460179232,0.5494345042650204,0.7709468577889631,0.8033262890318057,0.7675101558368631,0.8920626429103022,0.79918040049619,0.7831607339710022,0.7958229181616159,0.814203423799082,0.8179356409898417,0.8282537741361271,0.5935530053295608,0.7753445858454409,0.949925100882967,0.9945054945054945
816,0.8495205337446716,0.9154318673836218,0.5782926657702315,0.8542099801748547,0.6781547743042626,0.9773553039319933,0.873434563052664,1.0,0.9405214411957249,0.9125867176750196,0.8379259818747706,0.9787545787545788,0.8985764194790481,0.3295826932923707,0.6263278388278388,0.9089039681652769,0.9649067973595227,0.876697437886491,0.7285199421952792,0.836013433558831,0.6281682921315028,0.8611419558489392,0.7926243941126503,0.8654639937268613,0.3044855760797401,0.5387091836896637,0.9745026518498288,1.0
817,0.9980237154150198,0.9470973033733263,0.502710129536705,0.9049248069367294,0.8080901270536903,0.9823414651097105,0.8812481335148812,1.0,0.9418728803931762,0.9263766308667063,0.7463206963696227,1.0,0.7668402283396,0.5085965420651019,0.5828671328671329,0.8686989287801982,0.920856025928666,0.8413515897522192,0.7771883031498417,0.7375020776480765,0.744339951236503,0.8935047216701172,0.8051747055076999,0.7050079009459488,0.178881049937011,0.45801045945884344,0.9143366982083807,1.0
818,0.8406268731268732,0.9367879089685578,0.5749644461463475,0.807553911338772,0.7209473874699377,0.9749535493011339,0.8374682426332273,1.0,0.9680871002605509,0.9512365863803254,0.7565200946266254,0.988588334742181,0.7745661279902519,0.06969109067549965,0.7178499278499277,0.7495932419872994,0.8742626721360826,0.8276913663706543,0.4226005213936311,0.8612958856861296,0.9285714285714285,0.8518812535031373,0.6084071436288967,0.7998185365832424,0.4620676892477406,0.5180418455169767,0.9128220503609903,1.0
819,0.9666328044375645,0.9192500704275421,0.5866663427269846,0.6781076351336821,0.6392354498697954,0.988240108060156,0.882657010618528,1.0,0.9307449610353286,0.9142088067362313,0.7887828760273197,1.0,0.7979747576322551,0.2764111156641526,0.8430215617715617,0.873029713012524,0.8160668283705912,0.9128742469948156,0.49594017094017095,0.6034460532879505,0.9007179207560886,0.8832919551932878,0.7588080356146817,0.9106033213471062,0.2599438819243544,0.5457481359857285,0.9062714046124115,0.9654761904761904
820,0.9469235970250169,0.9609222536344022,0.6970230555490857,1.0,0.7218303266795277,0.933265595409465,0.7527937684288106,1.0,0.9010383428749176,0.9167404427946887,0.7419097671612274,0.9833333333333334,0.758321881522982,0.2856512263024868,0.5428090428090427,0.7437268016346715,0.8316183871646853,0.848964862246208,0.5062859759288331,0.8455284552845528,0.8769762845849802,0.8883033558422861,0.6925183538130665,0.8384415584415585,0.4982676034146754,0.5773311268293913,0.9560647035801895,1.0
821,0.9387387387387387,0.9613517227929499,0.7154078301584861,0.8818947732522947,0.711362779982909,0.9807666835261865,0.8477195372907366,1.0,0.9032421712855985,0.9319120352397796,0.7714575952922389,0.9309523809523811,0.8719178640395095,0.09152079804253718,0.8260204081632653,0.8119499262613379,0.7955987910501968,0.9051619806445185,0.4771524771524771,0.7747782069042721,0.9444444444444443,0.8364695382172789,0.6312873356925036,0.8908358882713501,0.45053613053613056,0.5532356188415056,0.9160073186340238,1.0
822,0.9809369963416146,0.9323588151549794,0.4970530556885333,1.0,0.7596884867524832,0.9630572595344727,0.7602590342963294,1.0,0.9487675306767457,0.9429426998520198,0.749440457085141,0.9666666666666668,0.46196781331456255,0.3748776144109326,0.48839987173320504,0.7009209264877351,0.8775933734249037,0.8359428634279367,0.8839681333159595,0.7936728474011203,0.8797920727745288,0.7980088647373648,0.5026186042774964,0.6369069438625891,0.33240924833790947,0.27034497273623825,0.9949138337511487,0.9462454212454211
823,0.8815073968388886,0.9206539612450928,0.6866316441819261,0.6778673571247493,0.7389953269155184,0.9968972270612206,0.8418051679026196,1.0,0.9527815758745777,0.9291282550772476,0.6369859133008575,1.0,0.7549266021597614,0.3101289648783214,0.6676995798319327,0.8430456069355959,0.9148644412699737,0.9301749511270252,0.577261745153902,0.8705766495752086,0.8258170297910183,0.8313033324757667,0.6977292512165177,0.7699417172110765,0.08635778635778635,0.6714977597933713,0.9809132762561991,1.0
824,0.8508264209380414,0.9239747180926009,0.7061713216704538,0.709270371075071,0.6970584147116993,0.9872879428948772,0.8979709137222487,1.0,0.9627357786302562,0.9366207000008357,0.6933405091742331,0.9175824175824175,0.763488379021467,0.36556337733120414,0.7660714285714285,1.0,0.8723835855087478,0.9025826187273153,0.8165938743918619,0.5651158811809549,0.7894464535892189,0.8896221457930125,0.6726062648919235,0.6722222222222223,0.0197023310671744,0.6496893663217685,0.961111414532372,0.9924242424242424
825,0.9263250434206317,0.9724196122782934,0.789542881460963,1.0,0.672635296634527,0.9888464876550175,0.7103632657526147,1.0,0.9482432876476473,0.8869026922787063,0.7751622494375163,1.0,0.8046554730436617,0.25242617880485524,0.2656292909908038,0.8917401503417042,0.7522017890654628,0.9096905622766692,0.7266827616827618,0.6099597889050024,0.8958333333333333,0.8483295065464941,0.678679758842809,0.952636660724896,0.35473933649289097,0.4336713897178215,0.9674619619122726,1.0
826,0.9315056815375687,0.9565622874747414,0.7140995241098823,0.8936388043637004,0.7556064040812142,0.9829240600045472,0.9018132579335557,1.0,0.9407157050147419,0.9328806838340707,0.7928825943591331,0.975,0.7071546728692786,0.13747377257245677,0.6775225208187554,0.6905658972966507,0.8498447929072015,0.9066549688399697,0.6735042735042734,0.5297701802542496,0.6240009990009989,0.8127940700065159,0.7671199301030321,0.8528356268005867,0.5453540640394088,0.678738056333582,0.9482115792677439,1.0
827,0.94826247617601,0.9277013662676991,0.745472009594748,0.9326036866359446,0.7580348576238228,0.967968994340051,0.8739330338580014,1.0,0.9559103032235985,0.9125760733689469,0.8483551688891303,0.981547619047619,0.8171617072960261,0.32151528021093234,0.5909985847485848,0.9093520929198678,0.7199815415804228,0.9113629920943799,0.6113326631960172,0.8645959595959597,0.8154557043727376,0.8882802814340371,0.6961023218322517,0.787628926788012,0.055231731977919876,0.7377866540538687,0.9939753752135903,1.0
828,0.8161808764927928,0.9148484444114836,0.6181686890779882,0.8335454545454546,0.6818573163075996,0.9792957650727032,0.9078377643924829,1.0,0.9448628777470668,0.9326768861366761,0.8037538273844506,1.0,0.7906710971009323,0.0925170135288865,0.6699746302029584,0.805242105500432,0.901742982805247,0.8537925313384945,0.518857984665438,0.9659090909090909,0.8014568764568765,0.9131659127197684,0.8058212197221475,0.7424579479579478,0.38503392013855486,0.7403993797506768,0.9584594540242279,1.0
829,0.9442237558077812,0.9374906913273322,0.6639709819321064,1.0,0.7489485753252944,0.9772826096396005,0.7004411091570742,1.0,0.954667201143601,0.952627831472332,0.7472694107377116,1.0,0.8230947960600736,0.12779530489527519,0.9247326203208557,0.7718619452465195,0.6405417041768805,0.9302902414641947,0.30971621209936295,0.614630035395247,0.8590808416389811,0.8858189721266247,0.7631626459831385,0.8822555855450591,0.570106372883301,0.7108665930140171,0.9594498005200702,0.9669202592279516
830,0.9236047839057434,0.9398921795700812,0.6316313396092496,1.0,0.8148892927699499,0.9924609927922319,0.8432066841686586,1.0,0.9559705222738448,0.9507311987798933,0.7469727896622624,0.9659090909090909,0.6892682219373684,0.4673160173160173,0.7918664529471643,0.8963780775100718,0.8482057925842751,0.8865645718615451,0.47398790751731934,0.7670373306010402,0.7760621456446506,0.8630684233694582,0.7252434165701459,0.8059406407170979,0.49194769118332415,0.4993065662617225,0.942849808001906,0.980909090909091
831,0.8699111576491196,0.9636499201230704,0.730259424077271,0.9212919947185683,0.7331205192314669,0.9661588613896794,0.8683266995038419,1.0,0.9049705087951166,0.9090854705428613,0.7489859919927475,0.975,0.8241474441529322,0.442932608235659,0.6624999999999999,0.7991366182407206,0.8672059467625971,0.8479408096514879,0.731111111111111,0.9924242424242424,0.6079004329004328,0.8231644618765765,0.7156620726760456,0.8198740560817628,0.20749218450303997,0.5854588691402992,0.974933534745638,0.9721956614813757
832,0.9970760233918128,0.9649940358961364,0.6724243991815094,0.9375778137450199,0.6409970741829082,0.9552539242791839,0.786946012439547,1.0,0.8997630687737931,0.8790840866692118,0.7882060992263249,1.0,0.8362969305278645,0.4049508397876556,0.9472222222222222,0.8498276464640659,0.8792930766429643,0.8642951983167896,0.5742145031528594,0.8776881720430108,0.8333333333333333,0.8142132694787018,0.6360390239414211,0.9414149029192654,0.4609972185136918,0.5166411901075704,0.9610176416931024,0.9697979797979799
833,0.9601430768385786,0.9235994369205567,0.6788864657447494,0.7654530905405564,0.6824045071030634,0.9785690419261661,0.8628643764571287,1.0,0.9898440932237471,0.9717679138933729,0.7345501289903122,1.0,0.8044369532916098,0.23010039312189506,0.6344994217560957,0.9052872652915316,0.864880932350349,0.8955136276880872,0.639298245614035,0.8463746719160103,0.9603174603174602,0.9091149652183123,0.7522067537404674,0.9049736495388669,0.4006576539475245,0.7227017494752521,0.9666904098381027,0.9824236517218973
834,0.9321653816011808,0.9486468341248319,0.5808228133718283,0.8612078977932636,0.7120669467076896,0.9854342253376727,0.8748145522670173,1.0,0.9411721129440872,0.9461347267401095,0.7774167281576722,1.0,0.8069333800967513,0.26698448944275516,0.5471861471861471,0.8113334592458167,0.8169656753502089,0.9123804425510652,0.5464952241850976,0.8648388648388649,0.5205271991494544,0.8432900579863383,0.7283577339969889,0.9249774838164931,0.23252175887169907,0.689436598521515,0.9760535077970446,1.0
835,0.9493798684975154,0.9483556645140561,0.7674281677348832,0.8828915712626514,0.6948611208352348,0.9902803284663743,0.843724650981835,1.0,0.9841033366616703,0.9503317519329395,0.815577233883335,1.0,0.6508953119133798,0.06916581784228844,0.6833333333333333,0.8440818689061972,0.8110315822034303,0.8971280092192524,0.545633791589674,0.8289355992844365,0.9519230769230769,0.8080402014959296,0.750830427646739,0.9365079365079364,0.26130696777152834,0.5253588380276796,0.9572939293375513,0.9821780783319245
836,0.9568142970384187,0.9759969144968704,0.566308701760679,1.0,0.7761717703803124,0.9786236779443227,0.7214659050559615,1.0,0.980730788621732,0.9728624085443466,0.749148072384829,0.9722222222222221,0.709950954204136,0.3394538843657165,0.5820449561403509,0.9053795863040042,0.8647798244221628,0.928114114075189,0.6955026455026454,0.8598602484472049,0.8271756021756022,0.8644450116166499,0.715287162058373,0.6189604944321925,0.14548432658948826,0.6994326583583382,0.9604851351924111,0.9424396552879525
837,0.9999999999999999,0.9463185963615123,0.6939043057239248,0.9376098142570282,0.7336019290561487,0.9873462571566398,0.8320939652568903,1.0,0.9168340690400699,0.9379274899740837,0.6977304690351896,0.9166666666666666,0.7587995862030203,0.3453592838819784,0.8169908410183011,0.8501288991698733,0.7624270555188217,0.8942220289846313,0.4728733633279088,0.7598269310742242,0.8192570100464838,0.8361601233916953,0.6992842940115293,0.8975605262428381,0.6487070155102942,0.5615436795875673,0.9438569113890217,1.0
838,0.8116822737525397,0.9191762305589177,0.6964084417043609,0.8077385100381617,0.6487098017839306,0.9851986457400306,0.8331963078429877,1.0,0.9355688076380653,0.9185219817615508,0.8546466742182919,1.0,0.7798452312340105,0.2677707854632854,0.6647776097776099,0.9117963531566473,0.8481637712379669,0.8517590615805845,0.3722859789914595,0.8663973821612742,0.9022143768750104,0.8177721183786074,0.7071027608466547,0.7951060850438201,0.6606522354884083,0.6560155980303656,0.9695131978469819,1.0
839,0.9436813960033774,0.9660729966246779,0.6838743474761092,0.986013986013986,0.5903867908717078,0.9730275669019717,0.7900138370405791,1.0,0.9734579696254663,0.9049714857997845,0.7854190337243244,0.9821428571428571,0.7755895204669842,0.17128758496702318,0.6607142857142857,0.7989366665475245,0.829541385388427,0.8308581211068132,0.591438095886163,0.9140845070422535,1.0,0.8765385067799063,0.7521875276983071,0.8031750362528395,0.6034353435343534,0.6410955909440003,0.9560755580072119,1.0
840,0.9722639696904404,0.9355045621393642,0.6675136083868579,0.9328571428571428,0.7497438683591958,0.978531481121548,0.8877242947854866,1.0,0.905117420684926,0.9242638068875303,0.8154341507243448,0.9897435897435898,0.7598604010415841,0.431400196767341,0.5362803862803863,0.8516876219301648,0.8645511010322979,0.8630044165708955,0.7301278387022238,0.681107934674306,0.1946127946127946,0.8358793495064679,0.6662283415745747,0.8391100128763369,0.22242154183032056,0.5937784486055009,0.97312721458564,0.9924242424242424
841,0.8368972391584036,0.94251429943594,0.5126893277287424,0.9133103183736094,0.6751328218033747,0.9919799498746866,0.858715517855288,1.0,0.9565700102191921,0.9407966703942375,0.7443954310102364,1.0,0.6974016672575823,0.2178921568627451,0.7627208539242255,0.639199856415742,0.8295164420814292,0.8939270194674542,0.3031435191466325,0.7418018739012874,0.9085858585858585,0.8276278107512203,0.6101808758657569,0.8201177684521921,0.2816301202956818,0.6766925899830049,0.9601091225820144,0.9999999999999999
842,0.8531419144059945,0.9452104803675957,0.8312030362222773,0.9219589460056165,0.580112472302894,0.9649364158553975,0.8877857107439676,1.0,0.9349251199894615,0.9305250776041044,0.6473503749881865,0.9484126984126984,0.6376791849454777,0.46050505050505053,0.4608294930875576,0.8644961383701023,0.8177322021031876,0.8460096192333331,0.4341743601764698,0.9027027027027027,0.7815024017078811,0.8471148183174371,0.5830787470121322,0.8888705701943335,0.5177877457298616,0.5981684009159142,0.9511109951079213,1.0
843,0.9157865698674338,0.930371867890381,0.7010717535504769,0.9206036745406823,0.8007818094210664,0.9895604860982143,0.8397911347225653,1.0,0.9621137566932104,0.9549306658870936,0.8764800478112913,1.0,0.8198524400127026,0.38279814630969194,0.6801781916913496,0.8377149004258405,0.7651822192734641,0.8584024740419682,0.37569301212771217,0.6325359689330278,0.7048611111111112,0.8836626287245767,0.8003380663795248,0.8316649349957375,0.7674603174603175,0.5688313402890662,0.9558269279843442,0.9751850713389175
844,0.9295487772461457,0.9409291341627084,0.5182691736867416,0.9317361719079317,0.7555763462450992,0.985312332515177,0.8899770222524245,1.0,0.9829578866981321,0.9397216402696202,0.8080741973578148,1.0,0.6231812357828613,0.3438300688788799,0.6051497533474277,0.812013912013912,0.7816211434693897,0.863902212309235,0.7264703029087067,0.6496405112462261,0.8604762177541005,0.821440087469625,0.7639075406435749,0.9046744331183689,0.6789577391755249,0.789359006717369,0.9723605783603385,0.9873949579831932
845,1.0,0.9459558891097677,0.6714545147540238,0.9271921494143717,0.6946296109809731,0.9737056895485685,0.8257905839195746,1.0,0.9498374517549459,0.8999484482456014,0.6404158566793458,0.9361517270608181,0.785728168326504,0.17014587916172008,0.5492896280994167,0.5585491889063318,0.795158061177395,0.8549891554995241,0.6458740207137696,0.8117647058823529,0.6471963996786692,0.8238789977974863,0.6787377172820115,0.8394736487929513,0.5576196985971421,0.6911066553432464,0.9496493787736819,0.988588334742181
846,0.9151187661825959,0.9362777087404901,0.6105939911737287,0.8265358712382385,0.7345473564682361,0.9856794012549258,0.7395655290165096,1.0,0.9681332456735756,0.9265712229518821,0.7834581785734871,1.0,0.46922682898650087,0.3572293156481604,0.5445389694339273,0.811752105176906,0.7787339978815202,0.890890688952015,0.8496031703075047,0.5916011330498252,0.5590842843733017,0.7773069717769883,0.7250692095944973,0.849733429696665,0.3601668299429493,0.8134679984711496,0.9605082440646096,0.9837863270308124
847,0.8784901990124196,0.9658749372478375,0.6161701887017077,0.990909090909091,0.7784933627411754,0.9826453156694255,0.9413183138489671,1.0,0.9860701831653012,0.9541467326602351,0.7517943869042335,0.9328843995510662,0.7354354010827846,0.3289909974048301,0.6441433566433566,0.81238449521399,0.7981843375249689,0.912309314680908,0.5501452694036426,0.7648640185245068,0.7519569471624266,0.912082638412365,0.745695361978252,0.7353758222775999,0.30969545486705097,0.6345691352166286,0.9584214744375382,1.0
848,0.9787545787545788,0.9623774123269877,0.7010421978739831,1.0,0.7137505542081928,0.9546187573475733,0.8080045181317843,1.0,0.8847917954070901,0.8817057557428134,0.7870191414794736,0.9704861111111112,0.6981913359933457,0.19971782405410726,0.6465677179962894,0.8591876285925748,0.9411383001838052,0.9044797884771888,0.5917989417989418,0.808505733339547,0.6127589858058609,0.9218851548067757,0.595894491500903,0.8173721340388007,0.5322104978354979,0.7702452242586999,0.9782539894378401,0.9646241830065359
849,0.958851282051282,0.9553032768954663,0.6140101622374868,0.9042918454935622,0.7429956739544363,0.98208945848572,0.9267910967173126,1.0,0.9057876612593562,0.9065090262307053,0.7225086887458299,0.9512908496732025,0.7411946006119792,0.25129032474233715,0.462138667783829,0.89483469379936,0.7883950399079189,0.8964938694988552,0.857757362586908,0.7980463980463981,0.8394607843137255,0.8005891003706409,0.8242418993985761,1.0,0.4907464448254256,0.6787762912689935,0.9589517455166404,1.0
850,0.9697666801274286,0.9509434505570157,0.5125838829883016,0.992156862745098,0.7345351999230693,0.9980321422684699,0.953231482962726,1.0,0.9086381383465404,0.9185011181968633,0.7696576122021139,0.9861111111111112,0.7960232067636451,0.280986506277638,0.4409188034188034,0.7433748982421629,0.8612512222585449,0.9075758181821963,0.9102564102564102,0.647224246837993,0.8712861212861214,0.8974252110986519,0.533047238644239,0.7707235255535579,0.5866105318039624,0.46503309435959655,0.9492305765280603,0.931795634920635
851,0.9910714285714285,0.9345271350882886,0.6000322560946177,0.9413759689922481,0.744656398210596,0.9753577493962571,0.815425470160791,1.0,0.9729081310622291,0.9427940544981174,0.6814936798268264,0.9833333333333334,0.8879362324046143,0.4384599395967446,0.6866747835497835,0.8071841173646347,0.763840826421696,0.891890530194996,0.6061080586080586,1.0,0.8946503496503497,0.8304097349542705,0.7794070489676013,0.947816091954023,0.35802579773168003,0.725007808848624,0.9594626669705046,0.988588334742181
852,0.8533091321134799,0.9470359603940923,0.4064909636322836,1.0,0.7535320717611348,0.9818540840120042,0.9199042658352556,1.0,0.9176332723042702,0.9152514396970272,0.6806898629497278,1.0,0.7362571233845713,0.08055330808126465,0.8403050108932462,0.7994747062733462,0.791070344323963,0.9018389007174353,0.6640085091045967,0.5557015949044937,0.8274170274170274,0.8304160089479505,0.8871218576200188,0.9154390277017816,0.30733214298885203,0.5308186622250344,0.8973922620856912,0.9930555555555556
853,0.9324908051798807,0.9313987201156201,0.7698835782468775,0.8930382664822498,0.6208853660436846,0.9755440814629254,0.763744760056702,1.0,0.9239837405329632,0.9463595577677213,0.8053793902083316,1.0,0.6413966584566763,0.5168065536486589,0.45040866342390906,0.8603708400030681,0.7372657343344382,0.9035174687674864,0.8420481034117397,0.7241508885474516,0.5231132618965318,0.8451208295395847,0.7032284439839147,0.7841054875787912,0.2953677025085016,0.5560298498145099,0.9787608559673213,1.0
854,0.8990368406383854,0.9346279964728418,0.41710818893444673,0.6078755841568989,0.7574382949843985,0.9711487812144783,0.8376969806041492,1.0,0.914915446825179,0.9380097537449517,0.8478572628659947,0.9704861111111112,0.7916511458272432,0.11583138942153685,0.8888815789473685,0.828648354653126,0.8377924337817043,0.913907217790938,0.7971882284382285,0.8028011204481793,0.9583333333333333,0.8366285925230013,0.7447631224777853,0.8025261114546828,0.5207858016310895,0.4576702073210499,0.9659955028368692,0.9837863270308124
855,1.0,0.9360592497765232,0.6724980227333952,0.8600878455796865,0.4959636596141921,0.9812303512579611,0.8402977335662132,1.0,0.9657058703690656,0.906755799358825,0.7722996237302278,0.9659090909090909,0.7950664051022622,0.5201830333409281,0.5441021840091159,0.8806577291697217,0.8150860361124297,0.8510453212979554,0.4748211932994541,0.7748815177692184,0.9328843995510662,0.8149415170136717,0.6243491416079834,0.8015168387157302,0.2806912148885919,0.5625582202556233,0.9794732797711223,1.0
856,0.9108722062795089,0.9528237726794757,0.6378058208609461,0.920535889872173,0.7328007589798974,0.9807315690627805,0.8316434691250286,1.0,0.921238514333368,0.9405410910893209,0.7376008644033473,0.9472222222222222,0.746083060666394,0.15064102564102563,0.6982985786907355,0.6433587580617366,0.772277759437741,0.8871007755613447,0.4665834736373979,0.810663021189337,0.6290919788086499,0.7908226030031561,0.7225718013043234,0.8424566936331642,0.07428838240101532,0.5653813040866493,0.9561668834740997,1.0
857,0.916654495535148,0.9676302980232768,0.5877895714265221,1.0,0.8040180808012652,0.994731329690346,0.7205328337148236,1.0,0.9398123640971732,0.8757724127542992,0.6579414232132286,0.9873949579831932,0.5341805625285317,0.6666666666666666,0.4639156006643875,0.7583282972920562,0.8258296675363609,0.8801854791056775,0.7304479349879486,0.7828755979699374,0.7615138352638353,0.8644847214538987,0.7362206175338136,0.8462099619994357,0.13173093701238978,0.6418801271283289,0.972976952556913,1.0
858,0.9600682553791428,0.9614159894983049,0.7113945711110573,0.8614718614718614,0.7555811963569407,0.9619478039602092,0.7844325633495977,1.0,0.9916511772523044,0.9404204073396122,0.7113938303604405,1.0,0.7657357702342206,0.07967261219870214,0.5942070919276802,0.7817943115314478,0.7669728409105089,0.9229890734864709,0.783064392943919,0.6867095645003294,0.8590921748816485,0.8358733248408712,0.6883769971304087,0.9034837340836004,0.33169153279478314,0.6342230815492392,0.9419058726921746,0.9750688705234161
859,0.9030180816024735,0.9539117646922841,0.6890501460523047,0.9269528920691712,0.7593209275542286,0.9802817052630314,0.8708974339768458,1.0,0.9861177891981746,0.9738709961158554,0.8376593098881271,1.0,0.8619888911188025,0.1315195728795463,0.47702630166398285,0.6811239585685285,0.8079943618923502,0.9018596089303967,0.6882702314822113,0.8849009900990099,0.40074365072359713,0.9130575623622574,0.7211046854388757,0.8106627455364341,0.30256407799447643,0.5421716787386797,0.9931926035249844,0.9790695415695415
860,0.9019109850556276,0.9403950533747729,0.7542126453092831,0.9682539682539683,0.7270646942181447,0.9795905010521837,0.8635896047509025,1.0,0.9163851023656859,0.9005662171627787,0.7854625843433714,0.9595404595404595,0.5898491596589265,0.21910418674086746,0.5521761133603239,0.8240409386565433,0.8010472232107281,0.8990272417401052,0.5332231345433593,0.6460074655853256,0.8409090909090908,0.8899404842684377,0.4804490683837876,0.9089301629742806,0.4929723734623916,0.70148842170972,0.9444373235338358,1.0
861,0.8497227586477081,0.9142683073869595,0.5569911876728697,1.0,0.5901715015139846,0.9845909298105455,0.8427697810980781,1.0,0.9862672202727771,0.9676021154044868,0.7837602559258444,0.9752747252747253,0.7738107239790171,0.12828828756533506,0.5953990158322635,0.8336189747255657,0.8743862262884002,0.9385793443745167,0.8125157777056511,0.9180034301856336,0.7614831172725911,0.8780103898291014,0.6644548329389699,0.9002781437564046,0.45728248587570625,0.8365244840134882,0.9754625563155097,0.9866452991452991
862,0.9754090312360989,0.9213975245879932,0.7002288410967166,0.8612922347362181,0.658841973104223,0.9866174549641284,0.9059764570485818,1.0,0.9559908211677453,0.976295852291881,0.7611817447072003,0.9910714285714285,0.6040945723007773,0.17850682908822443,0.592455808080808,0.7791183031359492,0.7054143242243183,0.8477781736845349,0.6836880400082648,0.86890756302521,0.7519455252918288,0.8747286504145422,0.7654371299625036,0.7283333333333333,0.269014436183711,0.6437307259695919,0.969745719740509,1.0
863,0.9501766556891994,0.9485029909462102,0.5473652823447359,1.0,0.7466205301619964,0.9709659762395519,0.8373194867374316,1.0,0.8903512061733304,0.9256521572159869,0.7700636576810782,0.9750688705234161,0.8232854555994523,0.2839194095824453,0.27543988269794717,0.7439054578506912,0.8704976077319029,0.8139263773900591,0.5583713671948966,0.6887767181638454,0.6646603252986232,0.8887729033149953,0.6156434667934803,0.8633117856648591,0.10603216033888302,0.6118401459488356,0.9372023479703717,0.9841597796143251
864,0.8959978600162557,0.9526958407147951,0.5472090540059386,0.9209770114942527,0.7101927441099343,0.9804726177155332,0.819971166060604,1.0,0.8903986872709223,0.8673571635901822,0.6432686910117631,1.0,0.6810267884884318,0.308951355661882,0.8611111111111112,0.7335646512534953,0.7095175660526107,0.8989248460572836,0.6098435920804341,0.68962959461364,0.5036618482274435,0.8504102468445839,0.6795219860476883,0.946706636084846,0.5394420394420395,0.5287792462195133,0.987380590012169,1.0
865,0.8643662054066679,0.9375079334650256,0.6558087455694488,0.9330557335041639,0.7128444316410627,0.9650411052880834,0.893988923132665,1.0,0.9584313401490699,0.9344027499968719,0.7220876913275869,0.8917233560090703,0.7874991915698478,0.14400761648745522,0.927177894569199,0.730640467322436,0.817565112226355,0.9136543725990908,0.7197186473165389,0.882112140469081,0.8114249502082201,0.7599427437178636,0.6306150936236476,0.7199738063868499,0.44416666666666665,0.5306456603320668,0.9776912877045734,0.9771241830065359
866,0.9924242424242424,0.9446703459226681,0.6118888684367455,0.9455432828153095,0.7353194559341933,0.9661979514283728,0.8676502574248702,1.0,0.9471719404559046,0.934149807436424,0.7707863327599899,1.0,0.7368124419402944,0.32938598240737277,0.5909090909090908,0.7900243450432591,0.9196356776869722,0.8828060255736649,0.6954109772080501,1.0,0.8277849601379014,0.8952264474939018,0.7670417263535483,0.7895421607378129,0.2485916707689328,0.6287791335552481,0.958122256135753,1.0
867,0.9306835566703159,0.9503122175169272,0.48023281207738217,0.8410147255689424,0.8058526433345087,0.9947169801758561,0.8162799474689719,1.0,0.9458018063062344,0.8729831144366228,0.7265741684490149,0.9821780783319245,0.7437842892417725,0.45061650505077894,0.4866458644236421,0.6122495127571335,0.7741233772049738,0.8882414052901442,0.6419047619047619,0.5667893917819478,0.8551587301587301,0.8036315828553047,0.5945444108968717,0.8315636068476977,0.41062721739413466,0.47630806787854363,0.9467877001883818,1.0
868,0.9660748023905918,0.9589364319007021,0.46317668617423563,0.8411989795918366,0.7055245559016701,0.9742980582985926,0.829794292733472,1.0,0.9340908143806113,0.9291041813347753,0.8725594617798196,0.9713435374149659,0.7966392205736365,0.477688060731539,0.23382173382173382,0.8156845390051922,0.8617612154433704,0.8931270110785425,0.5704521173271173,0.6538537271450893,0.3033811789130938,0.8854781163705443,0.7427751888592942,0.8238011652485338,0.3393117672600955,0.7129701585775143,0.9339826170983717,0.9841597796143251
869,0.902537938252224,0.9425578759824712,0.6898104490575007,0.9341956418194809,0.6677356034806206,0.9853586948718821,0.762786910687538,1.0,0.9317248391430977,0.936003063882592,0.7647816245967294,0.9833333333333334,0.8636913180950905,0.386165091886459,0.9111111111111111,0.5885689786449135,0.9065854409715137,0.7772883215458992,0.56581944193751,0.6692383113701679,0.8161095767532989,0.8536922376781578,0.6633304054552065,0.8397264695658658,0.5175697729762133,0.6578938579988287,0.9120160351698375,0.9901360544217687
870,0.8478605804820826,0.9566356288484694,0.6005281450815072,0.9749346405228757,0.7307478502023699,0.9712038065392091,0.847861738955144,1.0,0.9192492396166174,0.899330323701874,0.7562049846391588,1.0,0.7429991187993407,0.39245847316329613,0.6071145124716553,0.9155228626924528,0.9141906920409067,0.8947644393995069,0.5373991323004481,0.8534438939748981,0.8019120458891014,0.791549961999885,0.6964672059685016,0.7546142462828178,0.5675163299315135,0.6614262244081048,0.9346724149153919,1.0
871,0.9384741075917546,0.9572054536230764,0.6744881664094613,0.8980866355866355,0.5802714454586528,0.9619220600925054,0.7891054686326465,1.0,0.9351894482649932,0.9178261656609233,0.7482560342710581,1.0,0.722739173321646,0.36989259540493846,0.6656746031746031,0.7581675665435257,0.8624827286787985,0.913016998491025,0.7260625941366716,0.8642636399255559,1.0,0.7708751013167748,0.6937529801215782,0.8058608135244423,0.1779256210867746,0.5904026806631123,0.9567246955055583,0.931795634920635
872,0.9913888888888889,0.9632615369864371,0.6019325453652935,0.8077071195813174,0.665240473494517,0.9657217381970167,0.8917894898420167,1.0,0.9389832800501365,0.9428127775278391,0.760391144895274,0.9497835497835498,0.8403135444561177,0.2985101791912938,0.7395009855794168,0.7443548334494668,0.8465131119513105,0.8168478024994236,0.819836717385737,0.8081505823006313,0.8036713143096123,0.8462035390308227,0.7082301829964821,0.9099479975687175,0.32734330329837397,0.6104742352524477,0.9546772200151254,1.0
873,0.8627633445097852,0.9601496958347976,0.6208435521748161,0.8941841004184101,0.6590246453019657,0.9975804073839029,0.8211522529399665,1.0,0.9560734186377029,0.940227593766247,0.7585399557320227,0.8819444444444443,0.7913144143140796,0.3820170482616161,0.6583387607289386,0.860332242891889,0.8420965742656411,0.9470581563568787,0.6536562985637078,1.0,0.6179908143679738,0.8761561728032518,0.6697412180309216,0.8467420216682222,0.3333333333333333,0.6025688667383184,0.9687480162718949,0.9821780783319245
874,0.9206396554293194,0.9613263504646051,0.6128888096841134,0.9331082981715892,0.6800638730926084,0.9850169407541833,0.8283969046411841,1.0,0.9336071712746623,0.9086760941914467,0.7840319931506375,0.9682539682539683,0.607424749736981,0.3162766007303822,0.6014153029632905,0.7150536313148032,0.8532379296920769,0.8795334498249804,0.7228083028083029,0.6061979514335379,0.770909090909091,0.8781069790904666,0.703962465053042,0.7000861842552912,0.317222850678733,0.6613357044676418,0.9595359612580421,1.0
875,0.8041674286066723,0.9513663761023289,0.8538275475775474,1.0,0.699555253422361,0.9624259372717602,0.7447404778629638,1.0,0.9400974374438239,0.9463372242471272,0.7477587974123913,0.9484126984126984,0.7556991263310948,0.382327362834033,0.5956302521008403,0.8323088162565166,0.8395996111183925,0.9343049255492737,0.6718827532620636,0.881527604815276,0.7714924889573939,0.8292512282135462,0.6337893451938168,0.6897327798693862,0.45835900785434947,0.5669662179827644,0.9686049287709679,0.9787545787545788
876,0.9728976426573681,0.940714790401265,0.7405871122307695,0.833660680882903,0.6247161997066786,0.9789567551815846,0.9061247315404324,1.0,0.9459519560367338,0.9272663037921485,0.7818092718405159,0.8867424242424242,0.8369121636444388,0.3333576588756157,0.8724987430869785,0.8930742843887072,0.7511507248155919,0.8815395983099872,0.6347139797139797,0.7194510766237785,0.7821921724847257,0.8520072912170389,0.8448951159035909,0.9000343103572361,0.641841620626151,0.5995472686907513,0.9419768519537686,0.9821428571428571
877,0.8627354051865858,0.9321534254054324,0.5837365097685665,0.9480519480519479,0.7323918265932353,0.9906926406926407,0.7369451350026508,1.0,0.9391124591108211,0.9473130790347254,0.8314821013604734,1.0,0.7222509068309092,0.14258939128504344,0.7998205532212885,0.8327423438943046,0.842140095445971,0.8905766485830765,0.7477921112645439,0.8140277777777778,0.801923076923077,0.8375663403334502,0.5967849795424734,0.8071341258493451,0.23713797177055163,0.536950595587572,0.9879013445127276,1.0
878,0.932830459770115,0.9747249807276087,0.7422864183898147,0.9952380952380953,0.6615810197543794,0.9985620598828147,0.9244576087346175,1.0,0.9957237326800343,0.9247977430084338,0.8019715025024726,0.9555555555555555,0.7449810418351379,0.5117993848257005,0.5235897435897436,0.6768004264894378,0.8808285297297369,0.8867067184905615,0.5478279561951648,0.6712529664428398,0.751937984496124,0.888076506194493,0.7208193336169741,0.9604500891265597,0.10932400932400932,0.4607086954966572,0.9349168964089513,0.9051066217732884
879,0.8583244586113015,0.9645249918107923,0.4276342418378823,0.9045662100456622,0.7166239878694698,0.9818726673481967,0.8584823875182506,1.0,0.9748247372590491,0.9506161277839587,0.7465786619329214,1.0,0.8338847406095045,0.21216658501290225,0.5350400051619564,0.9217473366145539,0.7582547301742697,0.8538641190036526,0.8038755429807874,0.9026595744680851,0.8378242181710391,0.8835996204293328,0.7270093198506302,0.8984615384615384,0.1833085986793728,0.5996590348222328,0.920542594022249,1.0
880,0.8970172620533455,0.9577836112366891,0.6532220455364546,1.0,0.6885789308852541,0.99448240807715,0.8931352414351329,1.0,0.9714856356695551,0.9367346039746488,0.7241556619513176,0.9543335452426362,0.7577945343680716,0.5892777565571683,0.28607109999424984,0.8461061398062047,0.8576110252083218,0.8824201431029284,0.71359503231117,0.9658119658119657,0.8626373626373626,0.8759343950157558,0.7884010395344196,0.7432891822292744,0.4900787920697195,0.5598588776814583,0.9524092434779475,0.9575757575757575
881,0.9433139534883721,0.948149094133713,0.7160178119729558,0.8893366720976577,0.5958402175964977,0.9635635323034116,0.7977488198076433,1.0,0.9242803563632292,0.9309801635860018,0.6984093255909339,0.9669202592279516,0.7755609046436461,0.030303030303030304,0.49186147186147183,0.7645790185122142,0.8527458834474217,0.8724657298183729,0.5516199517781796,0.6782681831084385,0.7536292382467561,0.8192750720149419,0.6211815789661799,0.882691794358461,0.3839795141937372,0.5930810139813325,0.9799033558669175,0.9540997464074388
882,0.9268148958032234,0.9715256757100438,0.7224655300601531,0.992156862745098,0.8696533285609008,0.9688110167592906,0.883720653352206,1.0,0.9709672707928005,0.9186910805069217,0.7713304790774005,1.0,0.6870831515589106,0.47971688290760073,0.7612457268363533,0.6980610420763722,0.9018471931731755,0.90724830618768,0.5714594928880643,0.7847871362111869,0.5987600451372045,0.8339049951409135,0.777988646507933,0.8732241440448001,0.020833333333333332,0.46458900858650554,0.941110764709087,0.9646241830065359
883,0.988095238095238,0.9573414327263382,0.5793362940733582,0.8667193616380607,0.7448795026310409,0.9834139923381896,0.9418808032399114,1.0,0.931624308051951,0.9312644595831396,0.7762654010447013,1.0,0.8161487973357524,0.3234046520882336,0.49920634920634915,0.7370633039002046,0.9157448652911988,0.8802522262686466,0.7381796727096968,0.7759604471455629,0.6274810689144558,0.9145335685006509,0.7589842354852814,0.9081803941672364,0.3730985129311363,0.4180164981684978,0.9635625132180906,0.9759432234432233
884,0.9949874686716791,0.9416369701061071,0.4240312778858032,0.9273504273504274,0.7081823868527104,0.975419935452573,0.8290102863504075,1.0,0.9534042250230409,0.9470014047484555,0.8581194280943805,1.0,0.7739913031710586,0.3115159720425188,0.6836980548187445,0.6958932608932609,0.7902765340596154,0.8381712831719368,0.7656767904760359,0.9056023271112075,1.0,0.8473055773822441,0.8301688537465726,0.9888888888888888,0.23555530549359993,0.625333448594542,0.9444486475860738,1.0
885,0.9939896036387263,0.940984689291009,0.70636641658911,0.921150971599402,0.7504563031260689,0.9723734428192398,0.8492652854079574,1.0,0.9293392370586661,0.8954588918012628,0.8684129527231855,0.942857142857143,0.7203227510450613,0.34371663848134437,0.5592086834733894,0.8153634342488831,0.8453122361622597,0.8578941746663025,0.522159416516443,0.9116455453149002,0.8431966235434443,0.8379453927800167,0.5814382928915285,0.6182049062049062,0.47747252747252744,0.5869089216494517,0.9560447918425572,0.9361517270608181
886,0.9924242424242424,0.9588773642212798,0.7651783957932309,1.0,0.7537925038133075,0.9683218716281101,0.8169104476980401,1.0,0.9650129556690706,0.9012361911514302,0.8135117604335348,0.9924242424242424,0.7667760741599663,0.35330838799265296,0.6082862030442675,0.7887747248649504,0.7598118789472538,0.940046597979686,0.5624215282860224,0.7434628543499511,0.838913209644917,0.8226668163990787,0.9021549013509407,0.9270833333333333,0.4533102499967994,0.5561594565677163,0.9772538869332239,1.0
887,0.780199068205524,0.9509725614557358,0.6771830857238365,0.879524886877828,0.7578877148400321,0.9949442830238628,0.9297278364032182,1.0,0.9351447901430482,0.9307831944970384,0.7439533011272368,0.9749346405228757,0.7419695620347448,0.25890234833784637,0.6236111111111111,0.8888922085902224,0.8830461487643793,0.9182932643419196,0.9238253424488243,0.795671309862716,0.7837362900855468,0.8098542172895316,0.8064840086260319,0.8253360674413306,0.3817466082881916,0.6945066813687703,0.9271663944102543,0.9866452991452991
888,0.9092515592515593,0.9638843880892294,0.3273508272126196,1.0,0.7246319933128847,0.984633492040803,0.9047950952088794,1.0,0.9769242281349235,0.9586565441862535,0.8262048024509401,1.0,0.7821211854726454,0.3700164914450629,0.7067736185383244,0.7914027666719368,0.8144816890209345,0.8698542546576405,0.5603581603581604,0.731706041600567,0.7680141936607454,0.8994426169404734,0.7366756756132777,0.7883903133903134,0.06459627329192547,0.5043913450177259,0.9455723359675067,0.9790695415695415
889,0.9750688705234161,0.9260680767061565,0.3659181241192113,0.9131559497413155,0.6860030189449807,0.9436546518064579,0.844455917666429,1.0,0.974882465403397,0.956802358583931,0.7409461711933331,0.9666666666666668,0.7541305238921276,0.10410145731432972,0.852124183006536,0.9389786192616754,0.7943422845849017,0.8470669533790531,0.4183056644089033,0.9626696832579187,0.7257575757575758,0.7838542339110253,0.8539210211982615,0.9033930835195688,0.3407532612557738,0.6464273449521779,0.901654414691668,0.9951190476190477
890,0.8470047828925601,0.9595296401705193,0.4647569741937209,0.9682539682539683,0.695213782769516,0.9699134140695522,0.7012126138161298,1.0,0.9306131477216297,0.9205413158098229,0.7522539186911317,0.9754901960784312,0.7384839135777185,0.47510634260634266,0.6302398989898991,0.7547121348089619,0.7769248915833067,0.898833149340145,0.5663114091790562,0.7913939821309939,0.8626373626373626,0.7638699478757501,0.7176307660050645,0.8523070598178243,0.25657359307359306,0.6057106435514658,0.9398319742102468,0.9866269841269841
891,0.9712794718277173,0.9441291647942808,0.5113511680302409,0.9945054945054945,0.6806712807321318,0.9847551350087955,0.9541446208112875,1.0,0.891257949014629,0.9013924554497108,0.7490237355298993,1.0,0.8205186193411401,0.22135401294844406,0.776923076923077,0.8570611575536531,0.7868267269262115,0.9428318428939201,0.5426096850009894,0.8791797283176593,0.9583333333333333,0.847170777096194,0.8412443311192825,0.8611981852396005,0.05071858288770053,0.6945949793336527,0.9595238884701368,0.9911764705882352
892,1.0,0.9438638203698295,0.7287437122093393,1.0,0.7571226571331109,0.9931150917682418,0.8370999160447316,1.0,0.9176633218731935,0.9104241170714955,0.6880377793792259,1.0,0.7159153976930343,0.4302011085426266,0.9444444444444444,0.7191847961914003,0.8795183018672108,0.9052934719021778,0.4763879891152618,0.7147121785341951,0.6670211126521804,0.7311535700051078,0.7565048997475174,0.8920863858363859,0.24464888235022902,0.6377063874551696,0.9226523520551393,0.9704861111111112
893,0.7707348942607062,0.9645189985901818,0.7327919505314441,1.0,0.6985149105680039,0.9882787088967534,0.6354196462577848,1.0,0.9690506125564398,0.9308806296637446,0.7634280127855617,0.9833333333333334,0.37402771241079164,0.7092592592592593,0.61492673992674,0.7403251624164447,0.7973065371028261,0.9154680787821267,0.5473939950849136,0.9029411764705882,0.8769342359767892,0.8845031581505689,0.8484406477032984,0.879966495995719,0.5057422559906488,0.5876953245381483,0.9716876678726021,1.0
894,0.8366642391981456,0.9502916082396247,0.7472112905179075,0.9910714285714285,0.7920700673785376,0.9657117874783886,0.712678637012104,1.0,0.9678872565635779,0.9562924820181001,0.7673071815075834,0.9924172794117647,0.8143162562563414,0.16808500933767503,0.41558711496626255,0.7412075200216768,0.883535041406701,0.8352182706440512,0.6015344471121782,0.5976397074650809,0.8628787878787878,0.9037049953624269,0.6954197592224929,0.7884020555073186,0.27670061955266195,0.593780904763392,0.9678646222244293,0.988095238095238
895,0.92458537117755,0.9586429722798989,0.45346604724671696,1.0,0.6811797298728717,0.9846936801534731,0.9253705608695674,1.0,0.951465880835021,0.9428711215432659,0.7537674848791315,1.0,0.7527459779758359,0.39698576950913395,0.36291666666666667,0.8564422872855362,0.8361529385030089,0.9241780742887707,0.808842418546366,0.5745794293439516,0.8191391941391941,0.8243365413632661,0.5523031305192989,0.7308991073525957,0.1824452445244525,0.5324098124498373,0.943050122766389,0.9856737793156478
896,0.9656989696463381,0.9536998599773183,0.6282512535842195,0.9276710684273709,0.6393074152332484,0.9833799575289325,0.7812194229112283,1.0,0.9587539907774412,0.9392206036776872,0.7622143371646366,0.9472222222222222,0.7860971056958475,0.2983730069103917,0.504236086494151,0.6851249377397415,0.891862841457935,0.9205035905509797,0.4345452595452596,0.7794803038910963,0.7055669887854927,0.7965813203319098,0.6594899580893686,0.8324442959001781,0.3061707836262362,0.7061123357491116,0.9369381998249751,0.990909090909091
897,0.9701007326007325,0.9482222367085841,0.507801856387448,0.9323308270676691,0.7251527476528413,0.9773730575978478,0.8178057045430474,1.0,0.9348981474554815,0.8944648771072415,0.680305685311594,0.9656989696463381,0.7244973052839185,0.12508026823816298,0.8263157894736843,0.8718219282526415,0.9066125672069411,0.8805710260301737,0.7330280830280831,0.726977287334679,0.4769417475728155,0.86221157127231,0.7921903092740531,0.8753030303030304,0.4747275471798312,0.6553887762531906,0.965364856226662,1.0
898,0.7900060387504054,0.9416931163815315,0.6510349153508814,0.8963815463815463,0.7524970649753417,0.9770971063617649,0.666510532563202,1.0,0.9200674605678615,0.9542670319177478,0.7653358282629434,1.0,0.9026830568880047,0.25780697623877136,0.716080554238449,0.7677837573863542,0.9497826583352638,0.841969091504356,0.6302866776081061,0.8224834424834425,0.8925592359767892,0.8910023667373412,0.5826446541097443,0.6842285800814578,0.4049019607843137,0.7020009573502858,0.9236543849325821,1.0
899,1.0,0.9596802099079342,0.5569199540497033,0.961734693877551,0.727688790099218,0.9821996608130041,0.8361036995326178,1.0,0.9412911696544439,0.9489674790084162,0.8589613133630885,0.975,0.7634394220842557,0.40454966217161337,0.5590248599439775,0.8356086793691835,0.7976953462586839,0.8850792032852443,0.24270164050917895,0.7633993115318417,0.870962370962371,0.868353329880153,0.8008258850926019,0.9622222222222223,0.08052114358696337,0.4306214888509552,0.9703071777721339,0.9939896036387263
900,0.951923076923077,0.9560125549378523,0.5211865143032711,0.8438048926351565,0.6473895293263338,0.9650050647911552,0.8417844576199769,1.0,0.9544915403878501,0.9360625486966179,0.76964786692684,1.0,0.7737643823609819,0.19658335760544604,0.5068419675562532,0.9310024558845975,0.790270445026982,0.9038850291073224,0.8742504409171076,0.9166666666666666,0.651890359168242,0.8567997748524285,0.7592847347091283,0.7641675990407875,0.6859318996415771,0.529397855041175,0.9552288426153666,0.9597163865546219
901,0.9897087760724124,0.904615887903555,0.5812298286979646,0.8406801765387625,0.6885797345415897,0.9846289865571961,0.8360267483804611,1.0,0.9602988063394969,0.9278282221343812,0.7636973719655884,1.0,0.7975175956705868,0.4546616952419277,0.3646686159844055,0.7248010932245736,0.7175261116074068,0.8550525393907816,0.5380443086325439,0.831267217630854,0.6990009990009989,0.9340770230274111,0.7383413310582152,0.768476800865465,0.5044763089875872,0.534225604916986,0.9760732407374125,1.0
902,0.9776911334709323,0.942500424768594,0.6141386752015844,0.920731707317073,0.797541703144518,0.9959788032968652,0.8259252502744017,1.0,0.9697908640541227,0.9454645304589661,0.6913871321018156,1.0,0.7142394038934762,0.2902943260086117,0.47377450980392155,0.7222224227756864,0.8253503231418499,0.8921328856400893,0.4904651739238205,0.6663664690682475,0.986013986013986,0.8813670849768294,0.7114323713662378,0.8784507117546432,0.3288529341717628,0.574070541129616,0.9766301881305579,0.9833333333333333
903,0.988588334742181,0.9376677839034719,0.7282387955182072,0.7184523809523811,0.768256427994873,0.9799415062466128,0.860793117603852,1.0,0.9830199483634696,0.9506722407289228,0.7247775372379767,1.0,0.7838664599391003,0.08271336579682967,0.42275132275132277,0.7240637089786638,0.8366446629166526,0.92371801914144,0.7237093510777721,0.9654761904761904,0.8196615087040621,0.8121321574936999,0.6803861873258777,0.7240494647471392,0.23595780526094118,0.7246879679903251,0.9103978982609038,1.0
904,0.9532269317983603,0.9476301358136651,0.4506848664056902,1.0,0.7417951575382954,0.9926280253282901,0.9046323481076481,1.0,0.9001368764558277,0.9311410027611703,0.7395579432305905,1.0,0.6812235755388207,0.2847057379034123,0.8000407000406999,0.6717574914478939,0.7849800512181835,0.8548194382711362,0.6142971064023696,0.5756940616854411,0.6685678073510772,0.9010078298821703,0.702395769437852,0.7534806350490444,0.6214285714285714,0.6671167290329291,0.923507502503063,1.0
905,0.985969387755102,0.9412758936146683,0.6941533312938736,0.8799019607843137,0.7496473511642386,0.9812022487105454,0.8186232789824753,1.0,0.9638503175098291,0.9293581760317817,0.7753706523633088,1.0,0.8652983955615534,0.36722924261366985,0.7060606060606062,0.5234922555038712,0.8709235528378423,0.907250709335787,0.8025365125593958,0.8272957392569927,0.7689564920033669,0.7725249299918024,0.7185643997246206,0.8186633869917783,0.24111386494197554,0.589835908732,0.9613177935752184,1.0
906,0.9308974433100956,0.9659786141106571,0.5379690385119136,0.9999999999999999,0.737072951316829,0.9450067112055602,0.9130374113327695,1.0,0.9736411853376603,0.923355509104426,0.7050137507619778,1.0,0.615279764175416,0.33601275917065393,0.7276315789473684,0.6862688552582169,0.8356661928995263,0.7882522023676592,0.303766416068255,0.8615709332127243,0.7443473193473193,0.8398978002799885,0.7324451040384442,0.8244346405228757,0.33277446065916566,0.5897559804061352,0.9559113020808389,1.0
907,0.8882896283930175,0.938056143407077,0.5424477336816118,0.9345626682045368,0.6737407935689708,0.9834519372840879,0.8342197013869149,1.0,0.9641147571270752,0.9416425714602008,0.6962061715067965,0.9654761904761904,0.8801009450171821,0.10172925880708264,0.25762752264420785,0.8088452280692775,0.9148837226013131,0.8672641844932143,0.7260250276039751,0.8016001248877961,0.7847152847152846,0.9071353039796367,0.7268327525767359,0.5468288595485576,0.10624972524443706,0.591230373636776,0.9556606624148588,1.0
908,0.939754078101829,0.9459731779948259,0.6778393180486533,0.932686654908877,0.7247604484650738,0.979228755468952,0.7804801448633196,1.0,0.856813333805932,0.8340303623374997,0.8071594109083975,1.0,0.6868646914850867,0.506244111280876,0.3634612936083524,0.8251363134879272,0.7325242800057361,0.8290174891209104,0.6105275590518108,0.8101635206898364,0.9659090909090909,0.8516455624285263,0.8144357749662126,0.888898308166211,0.49693592041291645,0.5348712653066552,0.9358761912124561,1.0
909,0.9759411248030174,0.945864965858584,0.6337077341672978,0.8610644257703081,0.6893135554979625,0.9816183097736495,0.751997450333602,1.0,0.9643974365679383,0.9155344671850796,0.7186348611002946,0.9166666666666666,0.7300951326845396,0.38316045939164955,0.71,0.8063889052561041,0.7623955222740847,0.8395797058474086,0.6787063350845841,0.9015471167369901,0.8887362637362637,0.8700321048288033,0.7412360568781893,0.8773693806588543,0.5455502583095727,0.48909743565231306,0.9287015271867587,0.976923076923077
910,0.9307803468208093,0.9442565318792101,0.5367749610713075,0.804,0.722348264172039,0.9775159865644873,0.7951257522476692,1.0,0.9625920074534786,0.9579877018732889,0.7743968625938037,1.0,0.7770461807717867,0.43141534391534386,0.8344645550527903,0.7438416449178757,0.7137061017662284,0.9589768771005958,0.535280231464442,0.8058289354823372,0.7876827896512935,0.8698683269072999,0.5069870192914065,0.8455358204389399,0.4367033699236549,0.38661899295407404,0.9729577521674048,0.9821428571428571
911,0.9291269841269841,0.9261656183210247,0.5409325290640572,0.8263570001767426,0.7868147381537035,0.9884356133191872,0.8400167190303123,0.9999999999999999,0.9251526421725527,0.9528295589713791,0.6977528101395203,0.975,0.8334015436375254,0.34935118527007236,0.8323563538475819,0.7136924452319742,0.8436570219167366,0.8280565213056083,0.37317690525583946,0.782638888888889,0.870962370962371,0.8481676227090378,0.8148498717732355,0.8689900636166162,0.22947528130586278,0.7849938937531913,0.9494839730903444,0.9855769230769231
912,0.9749681296667273,0.9605130545214184,0.7260706774910965,1.0,0.8036547842172014,0.9846895273873063,0.7666406986038511,1.0,0.9358837521146114,0.9434667720515344,0.7237727379827905,1.0,0.7733819407281433,0.5002995431711307,0.6525596398403415,0.9127705220381834,0.8648021783857698,0.9117726298875715,0.7001986816734376,0.8466666666666666,0.9110326566637246,0.8568140714727286,0.5723476554421858,0.7505815405057583,0.16444533406987694,0.6500813039288019,0.9562482086593458,1.0
913,0.9835956312349501,0.9734444266149094,0.6452010680317743,0.9861111111111112,0.6715561116793918,0.9797637143977815,0.6918797629610851,1.0,0.9435335753317459,0.9052862194737569,0.7633765239367449,1.0,0.8931550663536696,0.4017149517149517,0.7107389281129654,0.776570348741685,0.8880275401811416,0.9280384853973924,0.7522825597543642,0.5462920442712319,0.8761904761904763,0.7887416441509759,0.8111624903272356,0.9246421586059743,0.2585035354855144,0.7335163799527494,0.9660800092293176,0.9976190476190476
914,0.9837863270308124,0.9646766443982742,0.5692947841123157,0.9821780783319245,0.7481825605897204,0.9751286418953988,0.9588965103052571,1.0,0.9424990695049441,0.9166538793932824,0.8095682087496868,0.9659090909090909,0.8270339563817825,0.5423622782446311,0.7755411255411255,0.6605396653752514,0.9306226922552363,0.857497413201237,0.8039500214500215,0.9406196213425129,0.5868825563902259,0.8854743556525891,0.8499105387704189,0.7187719915552427,0.6533333333333333,0.5513891282326939,0.9535274426611638,1.0
915,0.9469968399259016,0.9366918199551074,0.7049647506072622,0.9081196581196581,0.7326260125063127,0.991784951522941,0.8473943409425161,1.0,0.9386609261798149,0.9344354303669334,0.8129793411569789,0.928409090909091,0.7864414342624496,0.310727919806216,0.5208458208458209,0.7587139960514573,0.8697024540467116,0.8445485704923756,0.881899867050243,0.5457025211450085,0.8559523809523809,0.8591257413120965,0.7411239881486726,0.8403094766504714,0.5435254027261462,0.7069836305724613,0.9736031213704266,0.9952380952380953
916,0.9294456449121836,0.9500903399273333,0.6137617055978124,0.8651989389920424,0.7463602136323062,0.985495522361487,0.8667176240359157,1.0,0.9876489750934807,0.9349642566636515,0.7908665240816067,1.0,0.9207393033224236,0.6593669250645995,0.573062558356676,0.8454485383897149,0.8680035653792219,0.9165580818701635,0.6471414120790325,0.9103092783505154,0.9128787878787878,0.8505092141132982,0.7383258572975765,0.7796437790890836,0.5418076070207088,0.5987469072661001,0.9747522131809083,1.0
917,0.869680580715154,0.9564290066362435,0.6571991039587568,1.0,0.7477749379610574,0.9828124594452294,0.928874945322515,1.0,0.9179937166916862,0.8981454722396102,0.8265843894540443,0.9913888888888889,0.8426561921811151,0.43861263581091164,0.7641965805040111,0.8042658982411428,0.9146457730202704,0.8780578661967295,0.6769997196895932,1.0,0.8753803888419274,0.8966421394352364,0.5524681012292442,0.7821648151875895,0.41762812381761766,0.719235901725302,0.9928953254845384,1.0
918,0.896159170679631,0.945803951245392,0.6670138694466875,1.0,0.769307594818752,0.9761878874844925,0.6812599960115923,1.0,0.9676766586217898,0.9299278384391362,0.7706386376015475,0.9659090909090909,0.7217615433512096,0.37027186153628555,0.7247474747474747,0.7618909247834968,0.939002714953573,0.9203740713525894,0.8068484211866566,0.7752469408816157,0.8611111111111112,0.8730555451247709,0.6460020462727841,0.8546450675761021,0.698108235440124,0.5358565920121989,0.9495150061963699,0.9846415489272632
919,0.8891385633967819,0.9545028688241537,0.6570662795331669,0.9803101810899799,0.7306680227141887,0.9735501375540967,0.8489407724389344,1.0,0.9599241224767305,0.9231256229511375,0.8427912895979651,0.9419191919191918,0.703678889701107,0.44166666666666665,0.6712193362193363,0.8972701357782001,0.8724649707208635,0.8913227204419648,0.6000927643784786,0.7365979178507939,0.5981351981351981,0.7214978809900472,0.8378865758739176,0.9686169475071078,0.2984066955348638,0.24860332781123373,0.9654452298872135,1.0
920,0.9288747931605075,0.9600402111783897,0.4461049198893435,0.990909090909091,0.7137143924349453,0.9717618148475712,0.8978794501529505,1.0,0.9277517286259563,0.9035052193285876,0.7589872370362098,1.0,0.72173789562453,0.07198879551820728,0.5468253968253968,0.6254815683938685,0.8774377161816348,0.9208369903777716,0.14878748611625325,0.6181126110600683,0.8262362637362637,0.9049691567023752,0.6831481390308051,0.7245020695386161,0.5813301282051282,0.47990299007836007,0.9582384744360071,0.9913888888888889
921,0.9404972457588759,0.9523315261672927,0.6715474642704888,0.9861111111111112,0.7792474272492387,0.9846621659390689,0.8314558674858591,1.0,0.9524107851261594,0.9526855855345245,0.6910937901796547,0.990909090909091,0.7506212782315723,0.5155340273761326,0.45516968569600147,0.7962718321696649,0.7365395996814481,0.8583090677849504,0.6184376336275069,0.8228708655179242,0.804112554112554,0.8589929536883193,0.8591442049265755,0.8402444324998674,0.25187265917602997,0.5339540489160621,0.9310341396352148,0.9838235294117645
922,0.8820987654320986,0.9571395154694824,0.5593914157504479,1.0,0.6835373114994819,0.9722623729496396,0.7929772882887349,1.0,0.9645420608470368,0.9542338808727966,0.7376337794045573,0.961734693877551,0.8719849108640391,0.28030293075136126,0.8095238095238095,0.7384746252199813,0.9272615197828336,0.8723426127914803,0.4767056530214425,0.8797918579736762,0.9150793650793652,0.9086296345469359,0.7069567384034733,0.8122079298549886,0.4139282799223261,0.7043618564135703,0.9753637102085893,1.0
923,0.9572003393931561,0.9287212561494771,0.6760922683597888,0.8008593660767572,0.6987098229898806,0.994586196661316,0.8758825001988488,1.0,0.9645491641413824,0.9283734136286402,0.6951050888260046,0.990909090909091,0.737859685259619,0.4695436507936508,0.7508736828064557,0.7715450634719399,0.7187627001347705,0.8597826158983614,0.5502244940239931,0.5937560548476041,0.6544312702249849,0.8539944343750399,0.8191620335597374,0.9171642580477166,0.6005595693440997,0.31383750144741984,0.9745556614300003,0.988095238095238
924,0.948206943809959,0.9571079144012654,0.5412983183708518,0.93262001156738,0.758575443382449,0.9639923185420506,0.701332959640895,1.0,0.907657992020614,0.8901247399681192,0.7425179204454846,1.0,0.6059091619846076,0.28255249382661746,0.5191558441558441,0.9011212971973683,0.8305904028059232,0.9340170505523004,0.3782390613210916,0.821959369152633,0.6590277714137666,0.8468349779457041,0.6372499748927596,0.8119617055059747,0.1828217009012158,0.7257357984528542,0.9423138884333537,0.988588334742181
925,0.9010809997991608,0.9561806590211681,0.6250683537385322,0.913059163059163,0.7540426898521596,1.0,0.7309474935204491,1.0,0.9777389273947789,0.9568945041995414,0.7769989934085204,1.0,0.7119654716132705,0.3951263076915354,0.6560093872259648,0.8385223618999851,0.8737637642133901,0.7611803074976501,0.8516483516483516,0.6518141595914261,0.8999999999999999,0.8619648632415092,0.47176936910247075,0.7529137736227287,0.49539806333685527,0.6419889410188727,0.9941886510701841,0.9821428571428571
926,0.8219316477158519,0.9209587560863802,0.6877281001897954,0.9131069733479372,0.6823523656743343,0.9953596053372343,0.8335438600969949,1.0,0.9409983164690757,0.9283286171229486,0.7971439985629362,1.0,0.826449401929485,0.33070618132729934,0.58646941932125,0.8808084017827209,0.9059775171065494,0.9219197322275001,0.7164051263138483,0.8733523119392683,0.9229292929292929,0.8668886024844289,0.6128890723791319,0.9044479799973268,0.27402415230200555,0.6194220048193215,0.9434765403608245,0.9701923076923078
927,0.9594017094017095,0.9416305597004483,0.44953680963011233,0.9274822094205355,0.7476789799071654,0.9847494626406514,0.750522718773237,1.0,0.9467284779189428,0.947555113391338,0.8033475932054056,1.0,0.9215834797824638,0.2512935070077927,0.7096206425153794,0.8114366947673507,0.8584909416522809,0.8808373942752213,0.4431586318738021,0.7251268656051039,0.7327147560610595,0.8682452034319529,0.6612106962551096,0.8518215519860257,0.33754337749342767,0.6999989753004174,0.9573320358956128,0.9814987789987789
928,0.9286933291835253,0.9473109749851515,0.6581144495446211,0.8512222222222222,0.651096345189148,0.9799711937419252,0.6705092599035957,1.0,0.8990674262391969,0.883442888251437,0.755973750134219,0.9583333333333333,0.7547073375553948,0.2783337102366953,0.6791295546558704,0.8138896053358617,0.8134745940300997,0.8867067953377386,0.3875104427736007,0.9704861111111112,0.6333333333333333,0.9058951626713154,0.7089321950355411,0.9210771670269454,0.435625,0.6549391912048054,0.9613013518702207,0.9595404595404595
929,0.9873949579831932,0.945594452602687,0.5292586264335204,0.9213614439858785,0.7498303708911493,0.9688175184324603,0.6378551825085939,1.0,0.9505909770999252,0.920297216937264,0.769622072646383,0.9484126984126984,0.6439135574561381,0.11563676633444075,0.6905065694539378,0.859563119664804,0.7563843157696867,0.8726362052432214,0.8326548472029908,0.8539633068081344,0.8638411337339739,0.8080869140648883,0.7548049663951766,0.874606140096692,0.25738465449020376,0.6697967175232497,0.9394315544770123,0.9328843995510662
930,0.7730884011764503,0.9582251103391022,0.701757088536338,0.9045045045045045,0.69168441518669,0.9926430412497526,0.8106715156093409,1.0,0.9945407685171699,0.9378577071933805,0.763038544557247,1.0,0.7078461469342123,0.3516995006897088,0.7102623456790123,0.8657466163500671,0.8460417040181313,0.8986395668131816,0.6673114465084279,0.8864942528735632,0.7483164983164983,0.7676457254839522,0.820834765789253,0.7734667864676353,0.2082054290194797,0.5449183438414292,0.975733505057615,0.9907216297825172
931,0.9769899626517273,0.9416158007398554,0.4387995599690397,0.8587873819399553,0.7158717625318699,0.98492920994449,0.8214378860792961,1.0,0.9517799937099752,0.9134982682290691,0.7549422878494714,0.9480519480519479,0.5585408140721946,0.11106733271312315,0.5058499434626095,0.8605946379366161,0.7859113845786573,0.8454272669851723,0.7780286444079546,0.6657414873578968,1.0,0.8664921949795535,0.6686775817892984,0.8927918603338771,0.12741946857291034,0.6400659378539748,0.9735589043197288,0.9924242424242424
932,0.8654864816705516,0.9707368710128838,0.7441410571945851,1.0,0.7231668957834405,0.9675464192407421,0.8745348080427205,1.0,0.954756110715488,0.8631906952100835,0.5815872627264846,0.961734693877551,0.798628865097397,0.37448510149515996,0.7666666666666666,0.9667024072793304,0.7836191910153342,0.8638789360802857,0.5526475133267104,0.9285615008009227,0.8753888133275736,0.8848341706852121,0.6670464435669169,0.7845406732117812,0.4065634054202356,0.6698929033292734,0.9369654745871202,0.8847470711107075
933,0.8901134345247204,0.9534371967234335,0.37718263182113526,0.8335641130066217,0.6619590083246427,0.9769891264292677,0.8283466044006909,1.0,0.8874914757311585,0.9071071820280514,0.694152239082613,0.9659090909090909,0.8277196912976053,0.676444180365749,0.515243783993784,0.8522393973958257,0.93717253421736,0.8901382108633997,0.3914075286415712,0.8678104264220047,0.8267538707309261,0.8732087137163578,0.5809552816697632,0.7618462954669851,0.27114873062706607,0.6820955320746271,0.9763354163430484,1.0
934,0.9841597796143251,0.9650205861981765,0.6217035236974647,0.9331585845347312,0.6931841408987539,0.9841898725537436,0.904066072083046,1.0,0.9572256549791094,0.9565830486301162,0.6145104603569641,0.9708624708624709,0.8165043895576586,0.27585168024171053,0.7380472350230415,0.8689699357705727,0.9433024421518912,0.9229195352963167,0.727943722943723,0.8894230769230769,0.7290451025778906,0.88053466558265,0.6593751996132854,0.8854005927672824,0.08755297158933338,0.7642329170125665,0.9751460775900749,0.9935897435897435
935,0.9399803227075955,0.9568408796993176,0.5754743094248242,1.0,0.6234337027873397,0.983350495687199,0.8052976853907942,1.0,0.9699822039623728,0.9359088758736719,0.678564836703767,1.0,0.8614271272557725,0.22639226270805218,0.4,0.8335523976230287,0.8473558979331379,0.8475800125336566,0.7683333333333333,0.891812865497076,0.7471060620791599,0.883570468786905,0.7332218018951508,0.9606770833333333,0.21252689280016304,0.4981690679489292,0.941717050477852,0.9999999999999999
936,0.8748186539982206,0.9143140903090922,0.4307430727063587,0.8439124101141268,0.6841873456884966,0.9783381863053519,0.9329339302692043,1.0,0.8982912687047412,0.9142398685350596,0.7087057803758939,1.0,0.7540900993061674,0.18044117647058822,0.487758114151303,0.7719285516280598,0.9136229062734462,0.8897592279107771,0.6523976023976024,0.8183112317525844,0.5332288401253918,0.8718210319828671,0.7276390554426553,0.8620496325721345,0.5574282147315855,0.4546779512924469,0.9644951851676746,0.980909090909091
937,0.8963423520236508,0.954550454957386,0.6736582546458866,0.8637040043290043,0.6974560995552153,0.9942684096797172,0.7878846820301852,1.0,0.9408378378375725,0.9467953959847492,0.7401739890715293,0.986013986013986,0.5825340688510665,0.2691137566137566,0.7301340370859087,0.8244866685473811,0.7968487562034678,0.9123437766603218,0.7630293942459718,0.8126582278481013,0.5287518727289281,0.8972141288611107,0.8039782490008943,0.8774940745528981,0.2815385944267053,0.692375278579196,0.966573296216509,1.0
938,0.9290249433106575,0.9508278268289974,0.6071041695668402,0.932904953145917,0.6481214706870784,0.9716207211201351,0.7944994927335182,1.0,0.9344429444088491,0.9365802561838987,0.7716852158605556,1.0,0.7333127333696593,0.17018378737266984,0.7239772727272727,0.7660632999888755,0.8956854214279469,0.8941757319574792,0.3982822732822732,0.7640227779762664,0.8590585659551176,0.8307693855451934,0.6124103104340524,0.6342022005684245,0.5447377826087185,0.7247111338674604,0.9674049843222775,1.0
939,0.9128173999913131,0.9297372640941514,0.7241648618269699,0.9273322422258593,0.7337177465319517,0.9834904246288875,0.7243975413446307,1.0,0.9250267303648122,0.93029745572748,0.691038951269644,1.0,0.6004639722693788,0.11604527256831844,0.42651901669758807,0.8588713545917177,0.7692085439094404,0.9031461161368858,0.34346989217678875,0.47079126945637245,0.5702090319111596,0.9005479914948902,0.7538545082408564,0.9463474025974026,0.28897312298833505,0.5563579794306742,0.9894031307292379,0.9935897435897435
940,0.9736666197579511,0.9596414768470344,0.5993792283265967,0.8805432098765431,0.7044812913312943,0.9835575063520892,0.858752829212747,1.0,0.9240370531478901,0.9084775703372691,0.6832606944495,0.9805194805194806,0.8213207963188451,0.352838728589238,0.8210555570368,0.8251410690451935,0.8891518802038128,0.8834580360025015,0.7121584629065707,0.792753671105036,0.7259700970097009,0.8954705089471938,0.7480481003979372,0.8015933909795803,0.7526315789473684,0.6608001521518964,0.9757281046916911,1.0
941,0.8615765911986,0.9562616908189154,0.6467399806298377,0.8297687934917198,0.6789783693156244,0.9865222900270127,0.6881610444377377,1.0,0.9794106430807933,0.9556042081741772,0.8288442869627212,1.0,0.8724803827731464,0.3324941161897683,0.5747165532879819,0.8459054053399225,0.8183636571694035,0.9032693807101355,0.5764508438421481,0.5212498874839053,0.7339531853303446,0.8601594946034125,0.6490405987400091,0.8672811659653765,0.28386052069157475,0.388279889456698,0.9739155684714138,1.0
942,0.8947694313182337,0.9561550835230201,0.4473287040854294,0.8646319445342158,0.6805377216345974,0.9728609300356864,0.7493460288281696,1.0,0.9825929565881467,0.9641788954418474,0.6793078811243375,0.9480519480519479,0.7474204421880999,0.5297295354535454,0.7016690009337068,0.8806068789433629,0.879807742955848,0.8828918094486676,0.38304984696486066,1.0,0.791925774483914,0.870526374013938,0.838266787214937,0.9538685423235509,0.44820902815955044,0.6357662885673099,0.9061226956178026,1.0
943,0.9686985084582338,0.9422364306413281,0.6017369568078826,0.8609596510359868,0.800021018199108,0.9730858068314132,0.8315976347631794,1.0,0.9281995284213045,0.9021120091257686,0.7824927543567123,0.980909090909091,0.7789481057000274,0.2487784110056254,0.46533348187759954,0.858117608198819,0.7643878028141493,0.8725669753482276,0.5998245614035088,0.7563456261123038,0.9216707516339869,0.9305589374024833,0.7380960956273489,0.7825854700854701,0.3672693356292151,0.6397382667526619,0.9433405667760963,0.9885964912280701
944,0.910474890792176,0.9657690803388707,0.5742004727298845,1.0,0.7481597472760192,0.9805281621799291,0.9000541228466972,1.0,0.9439708364822206,0.9666031280104993,0.7527755201964763,1.0,0.8010628457004252,0.14125118509472087,0.523219814241486,0.8835712769734844,0.7640710202792914,0.9620369098182253,0.6594065656565656,0.6774161102492361,0.8434189978272678,0.8667628729163576,0.6565536800834754,0.5877114001406659,0.6272435897435897,0.8352012552435235,0.9073519789746516,0.9999999999999999
945,0.8790149434929404,0.9504872056770857,0.5949255120426524,0.8858011937557392,0.7080192534414593,0.9843582257881395,0.7480989260243495,1.0,0.9557962329210574,0.938424465202906,0.7303079763054394,1.0,0.8901939760349371,0.528138744859646,0.3639455782312925,0.8527698762866228,0.8416450997749839,0.8554535563631543,0.7112759943852742,1.0,0.5269083969465649,0.8949248187457559,0.6233052317393581,0.7650443621971005,0.4485323383084577,0.6751385985334231,0.9517870562529284,0.9430122655122656
946,0.8709572815158866,0.9499839966007095,0.5199603645323133,0.8480486008208913,0.7157800929442889,0.9863372437908876,0.8410879340314205,1.0,0.983474658767428,0.958910584308301,0.6962015909685524,1.0,0.7916379133898274,0.42971184517237154,0.46825396825396826,0.8509684635483868,0.8521712431831474,0.872115579746527,0.538366087175611,0.8802894629474544,0.711930501930502,0.864148067637457,0.7021022216421237,0.9417799873692541,0.5833595117298881,0.6073988977001039,0.9278047155156236,0.9543335452426362
947,0.9148681679899429,0.9460719577277079,0.7261208101072557,0.9046287276498131,0.7856279375234934,0.9875467454873712,0.7434397951647405,1.0,0.926242237505888,0.9365728807142134,0.7174112433176798,1.0,0.8409400011399424,0.5820825515947468,0.49944471350721353,0.8046756556873761,0.8388710180779266,0.8653006112628215,0.7069413919413919,0.8334922611634941,0.7729195129195129,0.8780517213977076,0.732617256090769,0.8782080814782054,0.25458464552087895,0.6985954634619692,0.9810338881668531,0.9797979797979798
948,0.8278411057487406,0.9405655619870565,0.6829262680709561,0.9327799394725464,0.5946527222703338,0.9797512380657445,0.765897135679253,1.0,0.9461726139985636,0.9175707389763545,0.7786470510018262,1.0,0.7098933249086441,0.5057351935446381,0.5274905123339658,0.9678042532385959,0.8255803693304382,0.8589130263619245,0.7289662577211984,0.8680873180873181,0.6642480794599208,0.8575145060057346,0.8252587321576587,0.8430429522081065,0.42882197379492726,0.6488228395995677,0.935669479127827,0.9901360544217687
949,0.9359573119188505,0.959552135767566,0.6499953064118181,1.0,0.710967793772325,0.9991408021541949,0.7427783958219154,1.0,0.9500639942692091,0.9661074494702699,0.715975891548157,0.8333333333333333,0.5048804213744248,0.4986383767313425,0.45796439543559353,0.826148313188633,0.763918188983847,0.8670168616457901,0.41930644355644364,0.9026666666666667,0.988588334742181,0.8647414969100958,0.8295654267114605,0.7638050766283524,0.6266334296583153,0.7118443750773873,0.9571760809229897,1.0
950,0.9314748976513683,0.9269736170509066,0.8088990909722618,0.660057880870272,0.7410793317233455,0.9865189797649325,0.7336523235826476,1.0,0.9501086333095203,0.9464984955731796,0.7442652388574023,0.9166666666666666,0.6318401352606885,0.4976384432733639,0.8443836864889497,0.9476729125184502,0.8023102288677993,0.9149372499708354,0.6015512265512265,0.7906575903806656,0.4543077346545555,0.8458839295057187,0.6957632828356854,0.8243597157446976,0.4118993529156868,0.48661234599388287,0.974554736359682,0.9824236517218973
951,0.8647701960456765,0.9631762410717305,0.43608392265468904,0.920731707317073,0.7232757302237757,0.9715129482629106,0.732762896890349,1.0,0.9215924094779386,0.9050629203522493,0.6978191227525005,0.986013986013986,0.6481704917106152,0.48006627991029577,0.42465843697132066,0.7616852631150017,0.8075887232604541,0.867102883220034,0.7134504949550199,0.7777969203680221,0.9075380759591287,0.9380442930255155,0.7193863474109188,0.7885360932497155,0.6929269804269804,0.6535601388291803,0.9808792203796954,0.9537087912087913
952,0.9897243107769425,0.9524352997127853,0.5438696125526779,1.0,0.685595423311539,0.9888479712864177,0.851305847366561,1.0,0.9325640665467742,0.938119511141127,0.7593444091595576,1.0,0.8355071613265543,0.40811935132961413,0.8200837742504409,0.8811127082411913,0.7533336921388356,0.8758850010054631,0.5463675213675213,0.7392020592020591,0.8196284134116835,0.8465496292183922,0.7704525429762443,0.9056121945950739,0.4570522427097889,0.487010801013524,0.9284439264203553,1.0
953,0.8697160620161369,0.9590298612909822,0.7145808663778261,1.0,0.6524812418597155,0.9694073941082084,0.6931667599500665,1.0,0.967068101813229,0.9574389644006527,0.7612877828453446,1.0,0.8961042519038676,0.3550608122036693,0.4407407407407407,0.7439084407737657,0.7863198174154398,0.7929898227293569,0.6283180340409257,0.7546164442191343,1.0,0.8906389514514256,0.6281247590681497,0.8211411411411411,0.4796227962279622,0.7084565792028505,0.9395969050237952,1.0
954,0.9723622782446311,0.9292355315656708,0.5595882280374603,0.8473591625765539,0.6953305969813367,0.9973627132012224,0.7680246541703976,1.0,0.9745064089279797,0.9204832830426491,0.8007048086243369,1.0,0.7106454861944093,0.2986601081656495,0.9373737373737374,0.9292002764126751,0.7589652934980843,0.827897937090907,0.8533734647705234,0.9714285714285715,0.6114889828661422,0.8065869514724817,0.8384760143005924,0.9416666666666667,0.3610406724659407,0.6196858196552781,0.94978555857083,0.9856737793156478
955,0.9410160728160729,0.944009679576635,0.5837349987822418,0.8612244897959184,0.6839096194377919,0.9875038534712051,0.8181440523261952,1.0,0.931019576207703,0.9473819230493206,0.7574109997107498,0.9935897435897435,0.6509685104491637,0.10124654556448351,0.7035784618780571,0.6006888768470583,0.8326224893537505,0.9042011562082699,0.6061618018419488,0.8743200511212951,0.6702435885721247,0.8201644035432712,0.7378217634172458,0.7203880875231656,0.3708991603086907,0.623429380976196,0.872421949451828,0.9572979797979799
956,0.9055177005012531,0.9624232947001934,0.7772531423182039,0.8932367149758453,0.5832160956994459,0.9954354802925682,0.8774260556647362,1.0,0.94963160251076,0.9034429779830334,0.7714256627361412,0.9613858363858363,0.7113288158646038,0.5629672530224121,0.5635753135753135,0.7853640984606851,0.8582789255920089,0.8310052666350444,0.42698709336640367,0.934841628959276,0.783438428643908,0.8605904008889532,0.7743372615646497,0.8332621401586919,0.513400564186528,0.7044489175914791,0.9587220629620274,0.9866452991452991
957,0.9878364389233953,0.9462000494194426,0.6063706762920762,0.9924242424242424,0.7498946445858292,0.9872376784604426,0.8209033862898596,1.0,0.9509789481048196,0.9138998933574782,0.8294193037610126,0.9159722222222222,0.8045871783096955,0.4565094568529166,0.6971336996336996,0.7400532034221946,0.7834213869626883,0.8828645754478596,0.6548890055845891,0.6920915873307519,0.8014680355105888,0.8781897033798072,0.8048035859835647,0.8791666666666667,0.5951421594278736,0.6659632846376315,0.9912773223596121,1.0
958,0.9861111111111112,0.9301481954775761,0.6527542811304877,1.0,0.5679730137186786,0.9779157447189688,0.8451356525320763,1.0,0.9731788015852891,0.9610381007709083,0.7681636180793867,0.988588334742181,0.8498560421961849,0.27927231362256516,0.3541090527119939,0.9852889124255426,0.773140720421387,0.8808207624209008,0.5949847834312523,0.9120063609859528,0.8705741626794259,0.9155086548530476,0.6213207130239089,0.8756613756613756,0.5600393202517188,0.6817365208512955,0.9665412508723783,0.988588334742181
959,0.9609386010614744,0.9276146367933209,0.6411711168749663,0.8537393794155178,0.7246573666052936,0.9699925340234916,0.7485426010607247,1.0,0.9553561487006017,0.9374882477939807,0.8258759451369585,1.0,0.7265105648149253,0.15930274439524914,0.5311828898225956,0.7499944202152888,0.7529763340372565,0.8411526281926267,0.8370217084502798,0.8291910499139415,0.641949671563831,0.8430253026484542,0.6563931813507764,0.8654149736239287,0.7351817621688232,0.8006073100724422,0.9364726181241946,0.9888888888888888
960,0.9371356494735594,0.9329731154964854,0.38800297156814345,0.840918794295961,0.6808368260960408,0.9975415505601014,0.922317836186284,1.0,0.9466563595856701,0.9626298338639457,0.7136717879177693,0.8592592592592592,0.732100258814792,0.38333333333333336,0.3837316443312425,0.8237765403728032,0.7936470198488896,0.8977878134377411,0.8049771155105694,0.8680147058823529,0.704328850298554,0.76533071783761,0.7243980692790555,0.9049427009771838,0.040565025180493854,0.6828970699505629,0.9494805286487719,0.9878364389233953
961,0.8817898547112721,0.9255981240092278,0.5942459996453893,0.9209219858156027,0.6966348164963921,0.991557117026675,0.7811735166808103,1.0,0.9566529423325195,0.9306389220881052,0.6810048055660034,0.9697979797979799,0.7863713132492411,0.1256552507162489,0.7825902992776058,0.7619068956316747,0.7597341570805051,0.8655853681329702,0.5916524324231209,0.7404996303786215,0.6910866910866911,0.9100993579101356,0.5458884785457563,0.8846618357487923,0.4649616088391598,0.6805536528276999,0.9588348105746549,1.0
962,0.9973684210526315,0.9344726543796699,0.5231882997342931,0.8930211202938475,0.7724199141090831,0.9841583046689935,0.8470335477596524,1.0,0.9696054148797743,0.9625825951711166,0.738633166838651,1.0,0.7617520879229414,0.40565149136577705,0.34471861471861476,0.9044325807262816,0.8664466705939531,0.8520510193322227,0.6097106597106596,1.0,0.8257575757575757,0.8521107446741788,0.5687141628069624,0.7766561708679935,0.2968913081561032,0.5700627676937254,0.958301017661738,1.0
963,0.986265004616805,0.9378340820038927,0.4267567291761129,0.8265725888610191,0.6637939050927111,0.9716559303011169,0.6329921725832808,1.0,0.976069812156857,0.9347803853387979,0.802235485095601,0.7678571428571428,0.8460328979393817,0.10104619070656808,0.7779434850863423,0.7658484487489471,0.8737637054300968,0.8918790182257229,0.5014681876094919,0.808311165937655,0.9085858585858585,0.8659325288843113,0.6263086119666227,0.7267842070013539,0.23620569904052977,0.7124689994985101,0.9681672669389266,0.9575757575757575
964,0.9420899588313616,0.96411181960339,0.47554417076230504,0.8417206133966648,0.7197187242958333,0.9775743371431401,0.7983008247799639,1.0,0.9599382141890108,0.9284686641525245,0.6767801598492055,1.0,0.8516741828369736,0.3923813945840746,0.3242424242424242,0.872116808364044,0.8188132950323708,0.8926273514533073,0.696485194890992,0.8315227258086241,1.0,0.8245589050675355,0.815628222092504,0.853604420271087,0.41797803857412213,0.7194535911450454,0.9839732061076321,0.9913888888888889
965,0.9192700404285605,0.95178159137468,0.6839590565851127,1.0,0.6564861086290096,0.9886127188345111,0.8429584014305089,1.0,0.9445709335576978,0.9243759050115665,0.8051147842222438,1.0,0.7653712722481729,0.3938393839383938,0.4554112554112554,0.7760206316885019,0.8919418446355547,0.7443135129924958,0.5595451203423341,0.7497424437939969,0.8628787878787878,0.8588199661767512,0.6989360119682582,0.8803466044537472,0.725843487278249,0.5715196657985446,0.9302250275325259,1.0
966,0.8821510105391684,0.9388734890852972,0.6116559992769676,0.9271921494143717,0.6211145756027999,0.9478999287934647,0.6126992544729293,1.0,0.9327183851158269,0.9604210416162587,0.7223672853784241,0.9924242424242424,0.7159048844147244,0.4518547763898264,0.8178571428571428,0.6438392208301573,0.7744250291642293,0.8728458880922301,0.6161715388988116,0.9326923076923077,0.5956367924528302,0.8290120391490265,0.7239267440475879,0.941320584177727,0.42720515684268345,0.6844922608351401,0.9518716404162656,0.9765432098765432
967,0.9564777327935223,0.9199275671219335,0.6110510010751643,0.8340005706764253,0.7336999822231524,0.9800614536812451,0.8594518820896182,1.0,0.9131754550370432,0.916082219315012,0.7363666076456467,1.0,0.9151108811194029,0.3603122579408535,0.5388230476671232,0.794864565239175,0.7598005679529778,0.8296273280053434,0.5285643015811698,0.8484831516599473,0.8592592592592592,0.8693212043107637,0.7719719240272963,0.8877777777777778,0.02669674508540122,0.7205296260575378,0.9572306180691502,1.0
968,0.916367484431443,0.9542602841364016,0.6335060560837004,1.0,0.6604043790665005,0.9675642680218972,0.8914368159746152,1.0,0.9611798528267436,0.9726862069148201,0.7359507673141341,1.0,0.8336880634601875,0.09835794384583327,0.33038978494623655,0.8199760084242351,0.9069698453525349,0.8656465218175029,0.45475897050227215,0.8242218675179569,0.9685314685314685,0.8713323608024859,0.7866208771232335,0.8003533026113672,0.5155128508332452,0.6655171199698348,0.8972295780683219,1.0
969,0.9342569522895743,0.9398138362874708,0.6597266700857033,0.9485766758494031,0.7336997488109288,0.9734968420852325,0.8006419007178519,1.0,0.9583554777968518,0.934411685717334,0.8260303029527398,0.9666666666666668,0.7168393106255875,0.6218344645550529,0.8017940392940393,0.7770756869001558,0.9167784252471884,0.8759687761254727,0.45748299319727886,0.8540497896213183,0.8132746971518565,0.8579432741595611,0.7162529077392528,0.8888799109387344,0.3744899393260049,0.6071581676621798,0.972447047307325,0.9958333333333333
970,0.9437932437932437,0.9219977256841783,0.5762331307719328,0.6506017576344651,0.7137174355126503,0.9731396632950807,0.8314870057735151,1.0,0.9921026681603229,0.9534894811071688,0.769704170958397,1.0,0.6787638990184961,0.31534155794024216,0.5939692982456141,0.7748812804547787,0.8749989756515204,0.9012351235654718,0.6597537878787878,0.8192846835703979,0.7013204707170224,0.8970288908320859,0.7892140907816753,0.769238379641767,0.625,0.5135775862201067,0.9836083253378693,1.0
971,0.9527906325828113,0.9469228599660477,0.6264549087100956,0.8744549911438462,0.5934214491119233,0.9562481494097416,0.896711454841747,1.0,0.9145670358670388,0.9112299109384367,0.7637063696325057,0.986013986013986,0.8254913309568912,0.3262745098039216,0.5748152709359606,0.81036224610641,0.8462858258354461,0.8732973968186699,0.4770682276100232,0.6767552892245581,0.8892080269607843,0.8716396779861568,0.7038912330384194,0.8077568265068266,0.4017820658334815,0.5084413773071517,0.9704305018359528,1.0
972,0.9758877040094789,0.9540590754460074,0.36316238463167877,1.0,0.8324998667720319,0.9809843058362101,0.8287550904005954,1.0,0.9887070144818153,0.9486508934050925,0.779241216302902,0.986013986013986,0.7555559170959759,0.16615514232412593,0.4313580310172849,0.8906687656660013,0.9305112463355216,0.9414307436828232,0.20067669172932334,0.5973514211886305,0.8409090909090909,0.901155671815956,0.6048979507387322,0.846139523686767,0.26925658661254553,0.5996630266246614,0.988864039471327,0.9838235294117645
973,0.8657959581047688,0.947109372757524,0.7018399464773756,1.0,0.7974819819508008,0.9923743251885837,0.6927891755241143,1.0,0.9356591707998329,0.8800286412575106,0.6752268830876799,0.9821428571428571,0.6835251583309301,0.35641688199827737,0.5476190476190477,0.7739248419205316,0.9012489963320983,0.8803105910927769,0.17555760449596064,0.8545185185185186,0.8998397435897436,0.9186228743112738,0.7299960634830834,0.8869678264122708,0.272967704741677,0.5604836977159343,0.96857921143298,0.9866269841269841
974,0.8791668497090109,0.9426321703510577,0.7163882873543235,0.7581333521550913,0.6704405815995016,0.9500716072570694,0.8426355319925889,1.0,0.9329170785620258,0.8932688994408005,0.7159403709694965,0.976923076923077,0.7805625985333398,0.3124792467840802,0.7725638740344624,0.7779634933580891,0.8783273129678358,0.9048163880165985,0.5417748917748918,0.8513162008794631,0.9480519480519479,0.8775381217619471,0.649816468424638,0.8598788491318978,0.14593211666382397,0.4384872411011949,0.9653646458334368,1.0
975,0.8859145876975814,0.9662182362395111,0.5635162027850493,1.0,0.6871344847105432,0.9882392838878994,0.8337709126699699,1.0,0.9640869004025956,0.932017353501319,0.6789229804774363,0.9821428571428571,0.6920296128991781,0.4337062005909068,0.8333333333333333,0.7871145777658382,0.8620496617539954,0.931298815521062,0.5779239279239279,0.7529586426256252,0.7535341825676012,0.8325329756533385,0.7539529232365009,0.8634920634920634,0.19030981380870937,0.7177438031902119,0.9523168863668319,1.0
976,0.935204225466788,0.9394225081866986,0.6936740802934911,1.0,0.7642821767259256,0.9838703796536024,0.8133787646340238,1.0,0.9503543966073499,0.9236733000657216,0.7999240807297969,1.0,0.8317412199559973,0.12142534082832591,0.49612845138055217,0.9260926804539029,0.8073586460958025,0.9145812347013528,0.6849747474747474,0.7398843239006153,0.716242661448141,0.8392237141222553,0.6844791585681956,0.8105264634650599,0.4206349206349206,0.5652975281383179,0.9751677623444481,0.9833333333333334
977,0.9743134574403924,0.9633898046248753,0.6375685201695271,1.0,0.6456499374878203,0.9750715096538107,0.7899603520168845,1.0,0.9435382524276185,0.940640976863916,0.6982899863893449,1.0,0.6434394775977079,0.45556972789115646,0.5740222058643112,0.8408125010308665,0.7815206756865889,0.9174077215518367,0.43804734753413893,0.7149827542485181,0.6345758058340295,0.8447357635697342,0.6734171624515014,0.8784802316781333,0.5340453985324596,0.645516742910172,0.9418233391767098,1.0
978,0.9747023809523809,0.9367487440013347,0.5064053056105396,0.5074287774972953,0.7656435746967397,0.9832579331918665,0.8021671015108786,1.0,0.9427997818470603,0.9365923171254431,0.6926467194456112,1.0,0.738654284701639,0.2820627688223507,,0.7057430987767666,0.7636500820799849,0.831775190042601,0.5024725274725275,0.3324801914698068,0.843401096314232,0.9102255486113001,0.6902573344875457,0.9104321467148951,0.6062465862257311,0.7113114226989163,0.9730368604234294,0.9888888888888888
979,0.9102768825594914,0.9281178803727935,0.6517944055958104,1.0,0.7060764152208632,0.9909008316037415,0.8746746872746543,1.0,0.9759563121151901,0.9181063117804951,0.7843712224703512,0.961734693877551,0.7358552299204046,0.12615328183577482,0.4410569105691057,0.7816111729472798,0.9156473854363881,0.8606664578812663,0.43666308831224804,0.6800158846529814,0.974025974025974,0.910760611993668,0.6628955253505912,0.6983580522042061,0.36439815385758084,0.712425811446126,0.9765766091872907,0.977890114379085
980,0.9074368935795198,0.9479833348013424,0.7664220575840919,0.9150973329903096,0.647988933629126,0.9790684161287846,0.8647723840070376,1.0,0.9580679460940604,0.9457366383209279,0.7614947019864026,1.0,0.7866978140584767,0.5110636277302945,0.6504088504088503,0.8237769390541113,0.9203144511576972,0.9429092708757584,0.6826135923696899,0.931364724660814,1.0,0.8406919220234326,0.6945006005624453,0.7850727238974324,0.1181874034413299,0.7847667065479735,0.9673386719707118,0.9846415489272632
981,0.9931869717584002,0.9527619405429727,0.6773732641495649,0.8957037911583366,0.6787680827313118,0.9978632478632479,0.8811449755254613,1.0,0.9564771339577998,0.965375195232458,0.6850568277537314,1.0,0.8330742641008344,0.3744943708773496,0.7575757575757576,0.7547088402131537,0.8592987290407978,0.8972054890981187,0.6631318681318681,0.7908814053879707,0.7259506833036244,0.8815451334673817,0.9002046248297275,0.9778711484593837,0.5717687297840721,0.5650953441259017,0.9718562789197547,0.9654108309990662
982,0.8232975876487508,0.9507892036651975,0.7129392989762744,0.9203305203938115,0.6332877570883003,0.9728758971197343,0.9209836585896335,1.0,0.9617787879950195,0.9359834528100082,0.8580869441583924,0.942857142857143,0.8382514357408597,0.7151864608259957,0.5103897849462367,0.7999206675677264,0.8691848053650878,0.898157337024172,0.5491732804232804,1.0,0.7800390439162033,0.9171304468455077,0.5865394965035197,0.7650718938014021,0.39223712424647006,0.6848962192434035,0.9653634818286663,1.0
983,0.8842780535533493,0.9646329814950173,0.6130809562372442,0.9566544566544566,0.6973310960398358,0.9949573008026551,0.815622927430392,1.0,0.9463992105416573,0.9525415799796837,0.6293932247172342,0.9751850713389175,0.6595850097707683,0.3306157550739594,0.8785822021116139,0.6080297190646594,0.7878696598133401,0.9182448277038661,0.8639811835051774,0.7524332573572955,0.7384273223044816,0.8471400594461418,0.7507902935285824,0.862258953168044,0.07670160737049413,0.8188474868942178,0.9394717060560964,1.0
984,0.9482028241335045,0.9336519006998958,0.6100355973484307,0.8999725822532402,0.6697976378845292,0.9926263006022874,0.8188588705478925,1.0,0.9638532506179566,0.9271028815865239,0.7269622496346086,1.0,0.5749368149079745,0.4661937060433301,0.3883107088989442,0.7940550672861362,0.718608621282186,0.8571633016196627,0.5545518835849312,1.0,0.8480622431004109,0.8299218635913745,0.7277770392185066,0.9091469275721152,0.03802538493549729,0.5385418985270858,0.972000065971914,0.9866452991452991
985,0.9465528146742568,0.9462030910340554,0.8799414398874661,1.0,0.7403252701883491,0.984031596583776,0.8226863947420079,1.0,0.9585402642755063,0.9365743238472529,0.6366306140018825,1.0,0.7189566308540527,0.4094642288708859,0.689629120879121,0.691126391986385,0.9052823859242258,0.8918952350849272,0.6357846831531043,0.657503524163665,0.8480993714456748,0.8769349434361543,0.7582541062655661,0.9451515151515153,0.3450042322476856,0.6456835485994143,0.98177968315762,1.0
986,0.9084393706073679,0.959153695486798,0.6891633353371672,0.8929872495446265,0.7314026665498378,0.9991996798719487,0.8155541822886032,1.0,0.9506343167413593,0.9214479718084926,0.7343406140933737,0.9786324786324787,0.7045122007934718,0.22530430127832723,0.7184829908514119,0.803645076568952,0.876916787041748,0.9198743391428365,0.573735215401882,0.6357284807908666,0.6382023626332912,0.9192385904016595,0.5975841592560097,0.8805721724519677,0.0196078431372549,0.6726834918044555,0.9814895006973907,1.0
987,0.9196509430043204,0.9572515065908703,0.7534318742240746,0.9377581120943953,0.8184812290330472,0.9885293452669974,0.871531582298161,1.0,0.9395324782317432,0.9194087616159368,0.8296842198980433,0.9722222222222221,0.6736768181166124,0.3509119714690976,0.7869230769230771,0.7790583612812418,0.7722737626094005,0.9355538274456376,0.5448737879150249,0.6558609325226018,0.9242424242424242,0.901618403180107,0.6737515559406348,0.6392857142857142,0.4735300207039338,0.6304963162857883,0.9944055024452121,0.9797979797979798
988,0.7908509554959189,0.9321923534723652,0.6471863990067089,0.8260536185237746,0.7077865172172563,0.9794166705164993,0.864149290637659,0.9999999999999999,0.9756877507640666,0.9287802684120543,0.7576464287777006,0.9821428571428571,0.6276226633048222,0.28164697355090396,0.5185501744557472,0.812823483034657,0.7811292089124725,0.9078776430709596,0.7926983897046289,1.0,0.6170199827374258,0.8108011427844869,0.6812163108988154,0.8630180277239101,0.25342851582373255,0.7118323237416859,0.915181696079825,1.0
989,0.9331808943089431,0.9273345964800023,0.6821471830741878,0.913074972835929,0.7671967454289804,0.9867505850951278,0.8412175075184891,1.0,0.9106111126939888,0.8983885431600712,0.8023645368573109,1.0,0.8697160717269491,0.4914217848094349,0.5920226005575469,0.479629000982666,0.8459448416138864,0.8754995832585738,0.4846889766007413,0.9423444976076555,0.7392857142857143,0.8957121386079504,0.9335225203692521,0.992156862745098,0.30139995768947553,0.4447867957871298,0.9680807683579954,1.0
990,0.9092080142080141,0.9655645845204317,0.5803857595380086,0.937465564738292,0.8400543423355744,0.9704327707053562,0.8519576902982386,1.0,0.9635815499877265,0.9329776843289097,0.8836883746511897,1.0,0.7911459774390274,0.3708078686019862,0.32477507872244715,0.7856700863114303,0.7466204854592694,0.8412802079032144,0.4940836940836941,0.6065627742315506,1.0,0.7414263183249534,0.787948575949096,0.964527027027027,0.42294285188796693,0.5077935402154214,0.9521887452967409,0.9526289682539684
991,0.9404221931705442,0.9568004330251281,0.6243088218330528,0.8932748538011696,0.7413858768892314,0.9832198343321754,0.8129664592241678,1.0,0.9502857511725642,0.9515536815155261,0.6906588153696266,1.0,0.738037921423935,0.06536273315212297,0.8884967320261439,0.6987471883044575,0.8972822631895041,0.9161248548986338,0.6681283438926627,0.7824591614336326,0.9,0.8352348538549301,0.6091441052178107,0.9110878772643477,0.23075408906969394,0.8240349926862381,0.9626780911629961,0.9935897435897435
992,0.9381721817193205,0.9448480857498908,0.6300434751092719,1.0,0.5985141995720407,0.9607129017611092,0.7881100859604373,1.0,0.933590758760725,0.910939366947093,0.7243377831832503,0.9821428571428571,0.7816632638078669,0.4118298632920989,0.6874421919543872,0.8072299774083744,0.8167190677874678,0.9108091386953632,0.5203701101392343,0.8598382749326146,0.8755411255411254,0.8716864056385054,0.7131439921728399,0.7760835440789002,0.33255990341773023,0.5872140611820625,0.9581579201809826,0.9787545787545788
993,0.9958333333333333,0.9446087850913768,0.6396030684513639,0.8944052863436125,0.7433723127798612,0.9895932542656052,0.8232502002042248,1.0,0.9612232517775705,0.9807207856148097,0.8080648823702298,0.9935897435897435,0.8157383870477087,0.26662497218465964,0.749090909090909,0.8327974745219096,0.7988884501631752,0.9229885332987331,0.2287970037513333,0.43852540112254074,0.8441043083900226,0.816472251890289,0.775767802894823,0.9242003367003367,0.4764727681001023,0.3422507026501834,0.9898652037333545,1.0
994,0.7914772644200716,0.9530187058913705,0.7085493462709593,0.8806925874699041,0.7850165184034232,0.9892492973698918,0.7433023210041129,1.0,0.944436396153658,0.9125813783072342,0.7334941166943434,0.975,0.7152869948295595,0.2867015165995733,0.8666666666666667,0.6148229219709066,0.8549306975364805,0.8865000682129333,0.33457945563208724,0.6685163913875546,0.9028196394164603,0.8966009386623566,0.6811012727242987,0.879447004608295,0.21756842674612212,0.6032323026718671,0.9457210841208171,1.0
995,0.8454665997449871,0.9469610450993292,0.7194656758751876,0.7608110396556922,0.7048086768788971,0.9928113672014042,0.9198418136027153,0.9999999999999999,0.9598205794844678,0.9452050648755254,0.6602920356091203,0.9444444444444443,0.8563699022800664,0.44597581360453387,0.8095579635362918,0.8564007420414743,0.8984630457791438,0.9028823818825839,0.5559884559884558,0.9285714285714285,0.6646182492357671,0.779895605193994,0.88140307111436,0.8567912207618089,0.19010242739467015,0.5822715706841253,0.9802674873040146,1.0
996,0.9875598086124402,0.9479476580238803,0.48958937812171477,0.7216106385911246,0.748180513840889,0.9545808279564506,0.795383928079926,1.0,0.9276983675115393,0.916181821891141,0.7337492770725181,0.8430215617715617,0.7991544555279902,0.30886171516712346,0.7819624819624819,0.8106057837047042,0.7993523463252084,0.921858133763878,0.5316209012469664,0.6680001923508716,0.8725396825396824,0.7981409514197775,0.7894232545532512,0.9396422511312217,0.5532594589198363,0.7100029801116757,0.9595608901657409,1.0
997,0.864644535840188,0.9438809049397283,0.5530233934255332,0.9152137926176388,0.6767948985105374,0.986501441477669,0.8068449010212564,1.0,0.9307021437226957,0.9690779410173739,0.7231089925425558,0.9444444444444443,0.7716174983148536,0.12871956726555844,0.8352622344717207,0.8057981725033773,0.7829816399806557,0.8946125089574224,0.6907492507492508,0.8157252399676641,0.8369123566491987,0.8244031100171448,0.6316312968168507,0.856785951095414,0.25805420710916493,0.4754132463487332,0.9739329224530864,0.9571162964020107
998,0.9929545454545455,0.9591510661845645,0.5406278515444043,0.7602813852813852,0.6490331724568699,0.9997077732320283,0.7901990626652756,1.0,0.9392889048229282,0.9237664393458102,0.7331291344140604,0.990909090909091,0.7872507232023164,0.3935355342239244,0.5511494252873563,0.8076541892115041,0.8833422517824701,0.9230374815999655,0.5867691461817967,0.7961144822436849,1.0,0.8650784047964071,0.765422274379465,0.974289923725723,0.4310374014104287,0.5488105606798439,0.9757691587671042,1.0
999,0.8066514029656466,0.9071455289003005,0.6975988448553468,0.941468253968254,0.592783378347076,0.9829211530684151,0.8402720950185709,1.0,0.9351294341140576,0.9036003264421538,0.6925608260869667,0.9666666666666668,0.8582402624014589,0.2913401727391327,0.8260204081632653,0.8414941954633214,0.8645039528919864,0.823878330769956,0.4680765542474404,0.754940286071379,0.4962014230979749,0.8446035822494211,0.7668955856114047,0.8924908424908427,0.04572029589492403,0.5462845624130748,0.9234043668284546,1.0
1000,0.813218679866354,0.9447183147718802,0.558539785318777,0.8792735042735043,0.6654519905889867,0.9843051658512185,0.9310355438790355,1.0,0.9439221696854024,0.9357774600467396,0.757440176740266,0.9575757575757575,0.730205637066921,0.5309297776794977,0.9013157894736842,0.8437529983505703,0.7918863500949866,0.912345763341569,0.6442226146321776,0.6855993609274126,0.9057436870529851,0.8051794776709167,0.5510844228751377,0.8280217616387148,0.4251917724950166,0.5933735925325708,0.95788529899297,0.9963235294117647
