model,id,ground_truth,threshold_predictions,top1_prediction,top1_probability,logit_Bell,logit_Bird sounds,logit_Boat,logit_Bus,logit_Car,logit_Crickets,logit_Dog,logit_Explosion,logit_Falling water/Rain,logit_Flowing water,logit_Footsteps,logit_Helicopter,logit_Insects,logit_Laughter,logit_Metro,logit_Music,logit_Musical instrument,logit_Plane,logit_Shout or scream,logit_Singing,logit_Siren,logit_Speech,logit_Train,logit_Tram,logit_Truck,logit_Vehicle horn,logit_Waves,logit_Wind,prob_Bell,prob_Bird sounds,prob_Boat,prob_Bus,prob_Car,prob_Crickets,prob_Dog,prob_Explosion,prob_Falling water/Rain,prob_Flowing water,prob_Footsteps,prob_Helicopter,prob_Insects,prob_Laughter,prob_Metro,prob_Music,prob_Musical instrument,prob_Plane,prob_Shout or scream,prob_Singing,prob_Siren,prob_Speech,prob_Train,prob_Tram,prob_Truck,prob_Vehicle horn,prob_Waves,prob_Wind,pred_Bell,pred_Bird sounds,pred_Boat,pred_Bus,pred_Car,pred_Crickets,pred_Dog,pred_Explosion,pred_Falling water/Rain,pred_Flowing water,pred_Footsteps,pred_Helicopter,pred_Insects,pred_Laughter,pred_Metro,pred_Music,pred_Musical instrument,pred_Plane,pred_Shout or scream,pred_Singing,pred_Siren,pred_Speech,pred_Train,pred_Tram,pred_Truck,pred_Vehicle horn,pred_Waves,pred_Wind
ast_early_fusion,376285_0,"Shout or scream,Speech",Speech,Speech,0.997822046,-8.335958481,-5.807319641,-1.068763733,-8.142447472,-7.534767628,-9.134161949,-9.192188263,-10.11903191,-7.174929619,-3.038586378,-8.748175621,-9.401236534,-9.013511658,-3.436985731,-8.993362427,-9.337990761,-9.096922874,-10.2784729,-1.932754159,-6.721212864,-7.132332325,6.127159595,-9.175802231,-8.071550369,-9.894349098,-6.89667511,-1.139208555,-10.48209,0.000239682,0.002996469,0.255638272,0.00029084,0.0005339,0.000107904,0.000101821,4.03E-05,0.000764954,0.045712799,0.000158725,8.26E-05,0.000121739,0.031159353,0.000124216,8.80E-05,0.000111997,3.44E-05,0.126446053,0.001203625,0.000798216,0.997822046,0.000103503,0.000312201,5.05E-05,0.00101012,0.24246572,2.80E-05,0,0,0,0,0,0,0,0,0,0,0,0,0,0,0,0,0,0,0,0,0,1,0,0,0,0,0,0
ast_early_fusion,376286_2,"Footsteps,Plane,Speech","Plane,Speech",Speech,0.995659888,-7.35200119,-6.200293064,-7.001713276,-7.378212452,-6.505902767,-7.004755974,-7.162485123,-8.649485588,-8.201442719,-6.057788849,-4.339759827,-7.231768131,-9.399891853,-6.377513885,-7.892845631,-2.271006346,-6.132406235,0.615380883,-6.547660351,-5.556851864,-7.670898438,5.435507298,-7.337324142,-8.366997719,-7.931890965,-7.776019096,-6.498562813,-8.189926147,0.000640897,0.002024728,0.000909493,0.000624327,0.00149236,0.000906733,0.000774526,0.000175186,0.000274182,0.002334107,0.012871816,0.000722718,8.27E-05,0.00169646,0.000373266,0.093552835,0.002166645,0.64916724,0.001431414,0.003846063,0.000465982,0.995659888,0.000650366,0.000232358,0.000358978,0.000419504,0.001503338,0.000277357,0,0,0,0,0,0,0,0,0,0,0,0,0,0,0,0,0,1,0,0,0,1,0,0,0,0,0,0
ast_early_fusion,376289_1,Speech,Speech,Speech,0.999433458,-6.890246391,-3.511650324,-8.455453873,-7.634330273,-7.859519958,-6.846230984,-6.027411461,-8.059995651,-8.954175949,-5.900280952,-0.174443275,-8.362599373,-7.178884983,-3.939163685,-8.900051117,-5.873744965,-9.023081779,-7.622983456,-3.678257942,-5.06358099,-6.757526398,7.47549057,-8.570206642,-9.133522987,-8.848711967,-9.158273697,-5.787685871,-10.25856686,0.001016628,0.028982555,0.000212692,0.000483329,0.00038591,0.001062327,0.002405926,0.000315828,0.00012918,0.002731195,0.456499428,0.000233382,0.000761937,0.019092854,0.000136363,0.002804435,0.000120579,0.000488841,0.024644269,0.00628315,0.001160751,0.999433458,0.000189637,0.000107973,0.000143546,0.000105334,0.003055701,3.51E-05,0,0,0,0,0,0,0,0,0,0,0,0,0,0,0,0,0,0,0,0,0,1,0,0,0,0,0,0
ast_early_fusion,380157_0,"Explosion,Footsteps",Explosion,Explosion,0.976649642,-7.165654182,-6.506480694,-6.542867184,-7.598492622,-6.588467121,-6.469302177,-7.052301884,3.733518362,-6.723363876,-6.569764137,-5.053113461,-7.974321365,-7.444592476,-6.668890476,-7.247899055,-7.299137115,-7.198303223,-6.977659702,-6.572259426,-7.405126095,-6.385019302,-5.699148178,-6.465594769,-6.284693718,-7.961276054,-6.357587337,-6.037513256,-6.608234882,0.000772077,0.001491499,0.001438281,0.000500955,0.001374257,0.001547907,0.000864666,0.976649642,0.001201042,0.001400165,0.006348844,0.00034407,0.000584253,0.001268197,0.000711162,0.000675665,0.000747295,0.000931614,0.00139668,0.000607758,0.001683796,0.003337639,0.001553648,0.001861157,0.000348586,0.001730544,0.002381802,0.001347394,0,0,0,0,0,0,0,1,0,0,0,0,0,0,0,0,0,0,0,0,0,0,0,0,0,0,0,0
ast_early_fusion,380645_5,Waves,Waves,Waves,0.997275054,-7.480728149,-6.605741978,-5.535719872,-8.457956314,-6.923351765,-7.297505379,-7.690135479,-7.951272011,-6.737739086,-7.700561523,-7.311136246,-6.961785793,-7.852903843,-8.263317108,-8.181260109,-8.119365692,-8.237458229,-7.25558424,-7.342787266,-7.502896309,-7.88173151,-6.358493328,-8.057987213,-8.857052803,-9.018877029,-6.996231556,5.902573586,-7.184634209,0.000563529,0.001350752,0.00392788,0.00021216,0.000983556,0.000676768,0.000457107,0.00035209,0.001183921,0.000452368,0.000667612,0.000946506,0.000388471,0.000257736,0.000279771,0.000297629,0.000264486,0.000705721,0.000646825,0.000551181,0.000377436,0.00172898,0.000316463,0.000142354,0.000121087,0.000914488,0.997275054,0.000757572,0,0,0,0,0,0,0,0,0,0,0,0,0,0,0,0,0,0,0,0,0,0,0,0,0,0,1,0
ast_early_fusion,381212_0,"Flowing water,Insects",Flowing water,Flowing water,0.948144197,-6.77557373,-3.766146183,-5.388021946,-7.630054474,-8.813842773,-3.042848349,-5.773053646,-9.462290764,-2.45798111,2.906039476,-5.657782555,-7.876715183,-4.116362572,-7.35939312,-7.475157738,-5.612893581,-3.750957966,-6.148310661,-6.142024517,-5.819779396,-6.892837048,-3.758913279,-8.295944214,-7.87099123,-7.021114826,-8.079252243,-5.601229191,-9.652245522,0.001140014,0.022617674,0.004550207,0.000485399,0.000148639,0.045527235,0.003100602,7.77E-05,0.078856863,0.948144197,0.003478108,0.000379334,0.016042164,0.00063618,0.000566675,0.003637213,0.022955874,0.002132531,0.00214595,0.002959475,0.001014001,0.02277812,0.000249465,0.00038151,0.000892033,0.000309807,0.003679731,6.43E-05,0,0,0,0,0,0,0,0,0,1,0,0,0,0,0,0,0,0,0,0,0,0,0,0,0,0,0,0
ast_early_fusion,381388_0,Bird sounds,Bird sounds,Bird sounds,0.994394183,-5.877259731,5.178322792,-5.555586815,-8.007414818,-2.227436781,-5.332138062,-3.16464901,-4.343306065,-7.379334927,-6.446884632,-2.671984196,-5.621716976,-7.209371567,-8.045593262,-7.445690155,-7.350824833,-7.073473454,-7.693427563,-6.628765583,-7.272713184,-6.484772682,-6.192172527,-7.273180962,-7.634291649,-8.225681305,-6.559959888,-5.470010757,-7.368346691,0.002794622,0.994394183,0.003850912,0.000332874,0.097313568,0.004810472,0.04051793,0.012826834,0.000623627,0.001582944,0.064646885,0.003605377,0.000739075,0.000320409,0.000583612,0.000641651,0.000846568,0.000455606,0.001320049,0.000693744,0.001524181,0.002041203,0.00069342,0.000483347,0.000267618,0.00141394,0.004193527,0.000630513,0,1,0,0,0,0,0,0,0,0,0,0,0,0,0,0,0,0,0,0,0,0,0,0,0,0,0,0
ast_early_fusion,381754_0,Bird sounds,"Bird sounds,Car",Bird sounds,0.994748414,-5.822895527,5.243968964,-5.955891609,-7.423964024,3.012158155,-5.870254517,-6.365078926,-8.133694649,-6.872668743,-6.545443535,-6.907961845,-6.696698666,-5.117843628,-7.331022739,-6.795751572,-6.022827148,-7.261834621,-6.461031437,-6.969415188,-6.356822491,-6.746935368,-5.83708334,-6.197011948,-8.112770081,-6.604115009,-6.345910549,-6.435389519,-8.411998749,0.002950295,0.994748414,0.002583839,0.000596423,0.95312041,0.002814213,0.00171765,0.000293396,0.001034638,0.001434586,0.000998795,0.001233459,0.00595327,0.000654475,0.001117267,0.002416954,0.000701327,0.001560743,0.000939319,0.001731866,0.001173096,0.002908853,0.002031369,0.000299598,0.001352949,0.001750834,0.001601216,0.000222136,0,1,0,0,1,0,0,0,0,0,0,0,0,0,0,0,0,0,0,0,0,0,0,0,0,0,0,0
ast_early_fusion,384093_0,Speech,Speech,Speech,0.997660398,-7.257263184,-7.315236568,-6.905034065,-8.289318085,-7.348177433,-7.553858757,-7.279097557,-7.095539093,-6.871750355,-6.890942574,-6.540320396,-7.598193645,-7.504693508,-6.538295746,-7.320605755,-7.297807217,-8.035475731,-7.204277992,-6.0056777,-6.89277029,-7.73004961,6.055457115,-7.379761696,-7.668447495,-8.708519936,-7.585967541,-6.527638912,-8.587688446,0.000704538,0.000664882,0.00100172,0.000251123,0.00064335,0.000523809,0.000689332,0.000828108,0.001035587,0.001015922,0.001441944,0.000501105,0.000550192,0.001444862,0.000661324,0.000676564,0.000323666,0.000742846,0.002458659,0.001014068,0.000439229,0.997660398,0.000623361,0.000467125,0.000165145,0.000507266,0.001460319,0.000186352,0,0,0,0,0,0,0,0,0,0,0,0,0,0,0,0,0,0,0,0,0,1,0,0,0,0,0,0
ast_early_fusion,386981_0,"Bird sounds,Footsteps",Bird sounds,Bird sounds,0.995691121,-6.763197899,5.442744732,-6.467567444,-7.698415279,-5.199272156,-7.541932583,-7.301400661,-7.771546841,-7.020722866,-6.385707855,-1.382083058,-6.197103024,-6.28215456,-7.47181797,-7.457313061,-6.776086807,-7.864182472,-7.094394684,-6.634312153,-7.047442436,-7.335745335,-5.724112034,-7.463982582,-7.934597015,-8.369570732,-6.833498478,-6.667786598,-7.800257683,0.001154194,0.995691121,0.001550591,0.00045334,0.005490272,0.00053009,0.000674138,0.000421383,0.000892383,0.001682639,0.200674668,0.002031184,0.00186588,0.00056857,0.000576872,0.00113943,0.000384116,0.000829055,0.001312757,0.000868875,0.000651393,0.003255619,0.00057304,0.000358008,0.000231761,0.001075924,0.001269595,0.000409462,0,1,0,0,0,0,0,0,0,0,0,0,0,0,0,0,0,0,0,0,0,0,0,0,0,0,0,0
ast_early_fusion,386982_2,"Bird sounds,Footsteps",Bird sounds,Bird sounds,0.993681669,-6.327929974,5.05795908,-3.332563877,-7.635840416,-8.208989143,-6.590245724,-7.086288929,-7.377100468,-7.467002392,-5.491288185,-3.470416784,-6.762242317,-5.266927242,-7.165231228,-5.732666492,-5.852982044,-7.176655293,-6.891104698,-6.617486477,-6.984168053,-6.542628288,-5.691486359,-7.62465477,-7.406685352,-8.330321312,-6.693386555,-5.871462345,-7.656139374,0.001782543,0.993681669,0.034470797,0.0004826,0.000272122,0.001371818,0.000835797,0.000625021,0.000571313,0.004105605,0.030165786,0.001155296,0.005132957,0.000772403,0.003227977,0.002863103,0.000763636,0.001015757,0.001335002,0.000925576,0.001438624,0.003363224,0.000488025,0.000606812,0.000241036,0.001237546,0.002810825,0.000472907,0,1,0,0,0,0,0,0,0,0,0,0,0,0,0,0,0,0,0,0,0,0,0,0,0,0,0,0
ast_early_fusion,388236_2,Flowing water,Flowing water,Flowing water,0.995110929,-6.506204128,-6.87029171,-6.869765759,-8.134300232,-5.708707809,-6.71352911,-6.806007862,-8.749288559,-6.323535442,5.315846443,-6.965989113,-7.880826473,-6.875909328,-8.10549736,-7.666673183,-7.302838802,-7.867869377,-7.415905952,-7.466316223,-8.693254471,-7.347916126,-5.80055666,-8.096973419,-8.46505928,-7.909678459,-7.220828533,-6.320876122,-8.048818588,0.001491911,0.001037097,0.001037642,0.000293218,0.00330599,0.001212898,0.001105879,0.000158549,0.00179038,0.995110929,0.00094254,0.000377778,0.001031294,0.000301784,0.000467954,0.00067317,0.000382703,0.000601245,0.000571705,0.000167685,0.000643518,0.003016741,0.000304367,0.000210659,0.000367038,0.000730662,0.001795139,0.000319377,0,0,0,0,0,0,0,0,0,1,0,0,0,0,0,0,0,0,0,0,0,0,0,0,0,0,0,0
ast_early_fusion,388236_4,Flowing water,Falling water/Rain,Falling water/Rain,0.986533284,-7.32698679,-6.360565186,-6.768519402,-3.991272211,-6.031084538,-7.151406288,-6.893499374,-7.819028378,4.293972969,-2.453176022,-5.327070713,-7.381239891,-7.597563267,-6.874952793,-7.205674648,-6.223402023,-7.324699879,-6.873035908,-7.077845573,-7.058177471,-6.916323185,-5.544149399,-7.270598412,-7.283776283,-4.825302601,-7.46346283,-7.05213356,-8.208901405,0.00065712,0.001725407,0.001148076,0.018141016,0.002397127,0.000783147,0.00101333,0.000401851,0.986533284,0.079206601,0.004834792,0.000622441,0.000501421,0.00103228,0.00074181,0.001978567,0.000658623,0.001034258,0.000842878,0.000859605,0.000990487,0.003895038,0.000695212,0.000686117,0.007960252,0.000573337,0.000864812,0.000272146,0,0,0,0,0,0,0,0,1,0,0,0,0,0,0,0,0,0,0,0,0,0,0,0,0,0,0,0
ast_early_fusion,389388_0,"Musical instrument,Speech",Speech,Speech,0.997014642,-6.453238964,-5.441090107,-7.47178936,-5.147538662,-6.775346279,-8.199224472,-7.423781395,-7.730070114,-7.956798077,-6.370635986,-7.634329319,-7.690680504,-7.019377232,-1.940388203,-7.129722118,-5.607124329,-4.437198639,-6.506765366,-5.503890991,-5.703249931,-6.406000614,5.811028004,-8.376570702,-8.632645607,-8.035765648,-7.286625862,-8.075457573,-7.612774849,0.001572933,0.004316046,0.000568586,0.005780093,0.001140273,0.000274791,0.000596532,0.00043922,0.00035015,0.001708148,0.000483329,0.000456858,0.000893583,0.125605211,0.000800301,0.003658181,0.01169074,0.001491076,0.004054395,0.003324023,0.001648894,0.997014642,0.000230145,0.000178161,0.000323572,0.000684166,0.000310984,0.000493855,0,0,0,0,0,0,0,0,0,0,0,0,0,0,0,0,0,0,0,0,0,1,0,0,0,0,0,0
ast_early_fusion,389388_4,"Musical instrument,Speech",Speech,Speech,0.997432172,-6.504738331,-7.132309437,-7.342500687,-7.940515518,-7.228474617,-7.401279449,-7.696459293,-7.34552145,-6.653880596,-6.972640038,-7.348449707,-7.844344616,-7.451359272,-6.505850315,-7.367090702,-6.105875015,-5.737182617,-6.380133152,-6.559390545,-4.171389103,-7.845554352,5.962129593,-7.769146442,-7.757113934,-8.617014885,-7.367176056,-7.610543251,-8.365860939,0.001494097,0.000798235,0.000647011,0.000355896,0.000725101,0.000610099,0.000454227,0.00064506,0.001287351,0.000936298,0.000643175,0.000391809,0.000580315,0.001492439,0.000631305,0.002224769,0.003213479,0.001692029,0.001414744,0.015196319,0.000391335,0.997432172,0.000422395,0.000427506,0.000180967,0.000631251,0.000494958,0.000232623,0,0,0,0,0,0,0,0,0,0,0,0,0,0,0,0,0,0,0,0,0,1,0,0,0,0,0,0
ast_early_fusion,389388_5,Speech,Speech,Speech,0.998055339,-6.03481102,-6.109752655,-7.686968327,-7.949381351,-8.489550591,-8.070919037,-7.8880229,-7.575787544,-7.431657791,-6.653682232,-7.130387306,-8.006986618,-7.723524094,-5.185581207,-8.415779114,-6.534110546,-4.399112701,-6.531714439,-5.604030609,-5.609304905,-7.750861645,6.240709782,-7.865042686,-8.550709724,-8.655824661,-7.558068752,-7.070315361,-8.4171381,0.002388232,0.002216178,0.000458556,0.000352756,0.000205563,0.000312398,0.00037507,0.000512454,0.000591854,0.001287606,0.000799769,0.000333016,0.000442104,0.005565534,0.000221298,0.001450913,0.012139072,0.001454388,0.003669475,0.003650242,0.000430186,0.998055339,0.000383786,0.00019337,0.000174079,0.00052161,0.000849243,0.000220998,0,0,0,0,0,0,0,0,0,0,0,0,0,0,0,0,0,0,0,0,0,1,0,0,0,0,0,0
ast_early_fusion,389389_1,Speech,Speech,Speech,0.998904467,-7.121500492,-6.859765053,-7.644527435,-9.692491531,-4.971113205,-7.575585365,-8.47115612,-8.931464195,-7.63748312,-7.420134544,-6.683939934,-8.40857029,-8.518681526,-6.327618599,-9.016422272,-0.884159446,-5.64905405,-6.916320801,-7.497079372,-5.580358028,-6.506798267,6.815414429,-4.7667799,-7.347040176,-8.090917587,-5.461256504,-6.655667782,-9.790483475,0.000806903,0.001048061,0.000478427,6.17E-05,0.006887655,0.000512557,0.000209379,0.000132147,0.000481808,0.00059871,0.001249277,0.000222899,0.000199663,0.001783098,0.000121385,0.292316586,0.003508493,0.000990489,0.000554395,0.003757047,0.001491027,0.998904467,0.008435961,0.000644082,0.000306215,0.004230243,0.001285055,5.60E-05,0,0,0,0,0,0,0,0,0,0,0,0,0,0,0,0,0,0,0,0,0,1,0,0,0,0,0,0
ast_early_fusion,391804_0,"Car,Truck",Car,Car,0.990196168,-7.068406582,-2.977066994,-7.606878281,-6.583920479,4.615125656,-7.066187382,-6.930307865,-7.014811516,-7.284337521,-7.325049877,-6.544863701,-8.313152313,-5.778930664,-6.942727089,-7.975040436,-7.325077057,-7.300088406,-7.087071419,-6.768353939,-6.279545784,-5.557404995,-4.93134737,-2.720323086,-5.515748978,-4.026536942,-5.254721642,-7.116759777,-7.379087448,0.000850864,0.048472729,0.000496774,0.00138051,0.990196168,0.000852753,0.000976745,0.000897669,0.000685732,0.000658393,0.001435417,0.00024521,0.003082489,0.000964701,0.000343823,0.000658375,0.000675023,0.000835144,0.001148265,0.001870745,0.003843944,0.007165065,0.061784741,0.004006794,0.017523441,0.005195664,0.000810734,0.000623781,0,0,0,0,1,0,0,0,0,0,0,0,0,0,0,0,0,0,0,0,0,0,0,0,0,0,0,0
ast_early_fusion,391804_3,Car,"Car,Truck",Car,0.98521477,-6.652258873,-5.702879429,-7.0896101,-6.866894722,4.199233055,-7.039944172,-6.680347919,-8.270195007,-6.861856937,-5.328852654,-5.76470232,-7.666574955,-6.148871899,-7.223002434,-7.361289024,-7.452398777,-7.859896183,-7.870759964,-7.857546329,-7.107704163,-6.740951538,-6.453585625,-4.296738148,-7.283637047,0.50046283,-5.492163658,-7.279372215,-8.75107193,0.001289438,0.003325251,0.000833028,0.001040623,0.98521477,0.000875408,0.001253767,0.00025597,0.001045873,0.004826226,0.003126523,0.000468,0.002131338,0.000729077,0.000634975,0.000579712,0.000385765,0.000381598,0.000386672,0.000818103,0.001180128,0.001572389,0.013430066,0.000686212,0.622568071,0.004102027,0.000689143,0.000158266,0,0,0,0,1,0,0,0,0,0,0,0,0,0,0,0,0,0,0,0,0,0,0,0,1,0,0,0
ast_early_fusion,392701_2,"Bell,Bird sounds","Bell,Bird sounds",Bird sounds,0.995819926,3.272687912,5.473253727,-6.81388855,-9.922472954,-6.606384277,-6.415750027,-8.005042076,-8.784147263,-8.305800438,-5.951066017,-6.84719038,-8.222724915,-5.417194843,-8.457784653,-9.390964508,-5.616336346,-7.64730072,-5.325316906,-6.346594334,-7.149340153,-6.990825653,-6.507742405,-6.999479294,-8.001676559,-8.501726151,-6.611828327,-6.429806709,-8.087165833,0.963479877,0.995819926,0.001097208,4.91E-05,0.001349886,0.001632922,0.000333664,0.000153118,0.000247018,0.002596306,0.001061309,0.00026841,0.00441996,0.000212197,8.35E-05,0.003624758,0.000477103,0.004843237,0.001749639,0.000784766,0.00091944,0.001489622,0.000911525,0.000334789,0.000203076,0.001342567,0.001610166,0.000307365,1,1,0,0,0,0,0,0,0,0,0,0,0,0,0,0,0,0,0,0,0,0,0,0,0,0,0,0
ast_early_fusion,392701_3,Bird sounds,Bird sounds,Bird sounds,0.995984435,-5.481326103,5.513560295,-5.309469223,-7.644265652,-3.465528965,-6.018870831,-6.888669968,-7.949702263,-5.589543343,-1.028171062,-6.209967136,-7.416616917,-5.659012794,-8.172306061,-6.776821613,-7.085520267,-7.402128696,-6.12984705,-6.335401058,-7.246899128,-6.311880589,-4.949865818,-6.655808449,-7.534950733,-7.827336788,-6.276679993,-6.543323994,-6.936251163,0.004146539,0.995984435,0.004920222,0.000478553,0.030309113,0.002426513,0.001018231,0.000352643,0.003722823,0.263438821,0.002005274,0.000600818,0.003473847,0.000282286,0.001138594,0.000836439,0.000609581,0.002172185,0.001769299,0.000711873,0.001811331,0.007034524,0.001284875,0.000533802,0.000398527,0.001876104,0.001437625,0.000970963,0,1,0,0,0,0,0,0,0,0,0,0,0,0,0,0,0,0,0,0,0,0,0,0,0,0,0,0
ast_early_fusion,393563_0,"Shout or scream,Speech","Shout or scream,Speech",Speech,0.99775511,-5.52984333,-6.177258968,-7.693099022,-8.819460869,-8.006321907,-8.470820427,-7.723538399,-8.721356392,-7.947049618,-6.544039726,-6.998057365,-8.179725647,-8.450321198,-1.466727734,-8.063793182,-6.419187546,-6.172035694,-7.792088509,0.490981609,-5.142137051,-8.268173218,6.096848011,-7.269230366,-6.431373119,-9.964055061,-6.769160748,-8.165638924,-9.292122841,0.003950939,0.002071809,0.000455755,0.000147806,0.000333237,0.000209449,0.000442097,0.000163039,0.000353579,0.001436598,0.000912821,0.0002802,0.000213786,0.187440485,0.000314632,0.001627328,0.002082637,0.000412819,0.620337605,0.005811217,0.000256488,0.99775511,0.000696163,0.001607649,4.71E-05,0.00114734,0.000284174,9.21E-05,0,0,0,0,0,0,0,0,0,0,0,0,0,0,0,0,0,0,1,0,0,1,0,0,0,0,0,0
ast_early_fusion,393563_5,"Shout or scream,Speech",Speech,Speech,0.997914612,-6.019011021,-6.738608837,-7.476155758,-8.022475243,-6.486059666,-7.305820465,-7.583499432,-7.59279108,-7.733494759,-6.210268497,-6.877875328,-7.469206333,-7.339905262,-5.928884506,-7.638038635,-6.5710783,-6.875811577,-7.750735283,-6.220421314,-7.057053089,-7.474272728,6.170743942,-6.478744984,-8.375015259,-8.466997147,-7.91659832,-6.954602242,-8.292739868,0.002426173,0.001182893,0.00056611,0.0003279,0.001522224,0.000671168,0.000508519,0.000503818,0.000437719,0.002004671,0.00102927,0.000570056,0.000648691,0.002654385,0.00048154,0.001398329,0.001031394,0.000430241,0.001984461,0.000860571,0.000567176,0.997914612,0.001533382,0.000230503,0.000210251,0.000364508,0.000953324,0.000250265,0,0,0,0,0,0,0,0,0,0,0,0,0,0,0,0,0,0,0,0,0,1,0,0,0,0,0,0
ast_early_fusion,393681_0,Speech,Speech,Speech,0.998446524,-6.681730747,-7.286431789,-7.642793655,-9.225419998,-7.363240719,-7.695161343,-7.785407066,-7.82455349,-7.180537224,-7.439266205,-6.801531792,-7.73454237,-7.797314644,-6.49116087,-7.740076542,-6.852545738,-7.417244911,-7.084812641,-7.026550293,-7.116854191,-7.700058937,6.465694427,-7.058268547,-8.293608665,-8.825435638,-7.643156528,-7.717401028,-8.722582817,0.001252037,0.000684299,0.000479257,9.85E-05,0.000633738,0.000454817,0.000415585,0.000399637,0.00076068,0.000587371,0.001110835,0.000437261,0.000410668,0.00151449,0.000434849,0.001055646,0.000600441,0.000837031,0.000887202,0.000810657,0.000452596,0.998446524,0.000859527,0.000250048,0.000146926,0.000479083,0.000444818,0.000162839,0,0,0,0,0,0,0,0,0,0,0,0,0,0,0,0,0,0,0,0,0,1,0,0,0,0,0,0
ast_early_fusion,393743_2,Train,Train,Train,0.992722929,-6.853546619,-5.641517639,-7.115044117,-7.671676636,-5.906019688,-7.355274677,-5.826469898,-8.233470917,-6.798951626,-6.051230907,-6.473546982,-7.921638012,-7.951951504,-7.371869087,-8.210718155,-7.346270561,-7.559444904,-7.726285458,-7.669404507,-7.701742172,-7.434697628,-5.519462109,4.915716648,-6.835590363,-8.243867874,-6.30820322,-6.289049149,-7.075013638,0.001054591,0.003534941,0.000812125,0.000465619,0.002715609,0.000638803,0.002939799,0.000265542,0.001113702,0.002349429,0.001541361,0.000362676,0.000351851,0.000628297,0.000271652,0.000644578,0.000520893,0.000440885,0.000466678,0.000451835,0.000590059,0.003992003,0.992722929,0.001073679,0.000262796,0.001817992,0.001853084,0.000845266,0,0,0,0,0,0,0,0,0,0,0,0,0,0,0,0,0,0,0,0,0,0,1,0,0,0,0,0
ast_early_fusion,393934_0,Train,,Train,0.15365544,-5.575638771,-4.017772675,-7.022011757,-5.798753738,-3.149358749,-5.933472157,-5.152901649,-8.132464409,-7.496197701,-6.271614552,-3.643284082,-4.219219685,-5.393149376,-7.337573051,-4.300229549,-5.322126865,-6.849040985,-2.593058348,-6.501778603,-6.593887806,-7.851126671,-6.401409626,-1.706213832,-4.450421333,-5.866142273,-5.606129646,-7.715081215,-7.872983932,0.003774752,0.017674971,0.000891234,0.003022169,0.041116551,0.002642267,0.005749355,0.000293757,0.000554883,0.001885614,0.025499055,0.014496868,0.004527041,0.000650205,0.013383887,0.004858637,0.001059349,0.069586508,0.001498519,0.001366837,0.000389162,0.001656468,0.15365544,0.011538945,0.002825777,0.003661808,0.00044585,0.000380751,0,0,0,0,0,0,0,0,0,0,0,0,0,0,0,0,0,0,0,0,0,0,0,0,0,0,0,0
ast_early_fusion,393952_0,Metro,,Train,0.117932983,-5.214705467,-3.1665411,-5.669370651,-7.045948505,-5.81244421,-7.046240807,-5.77919054,-5.041773319,-7.427351475,-6.926696301,-5.007975578,-6.828459263,-6.82378912,-7.955219746,-4.251881123,-6.218126774,-8.313902855,-5.297210217,-6.06044054,-7.038315773,-3.462718487,-5.633256435,-2.01215148,-2.513333559,-8.134078026,-6.760252953,-7.488839149,-5.583671093,0.005406643,0.040444437,0.003438174,0.000870173,0.002981199,0.000869918,0.00308169,0.006420786,0.000594407,0.000980275,0.006640038,0.001081354,0.00108641,0.000350703,0.014037568,0.001989011,0.000245026,0.004980608,0.002327941,0.000876834,0.030391824,0.00356416,0.117932983,0.074928716,0.000293283,0.001157594,0.000558979,0.003744666,0,0,0,0,0,0,0,0,0,0,0,0,0,0,0,0,0,0,0,0,0,0,0,0,0,0,0,0
ast_early_fusion,393952_1,Metro,"Plane,Tram",Plane,0.754744589,-6.617964745,-4.140077591,-6.048081398,-7.194147587,-7.320064068,-7.486060143,-6.976541042,-6.852609158,-7.584861279,-7.171134949,-6.207599163,-7.511809826,-6.724914551,-8.016144753,-6.194237709,-7.106344223,-8.187101364,1.124079227,-6.506539822,-5.143938541,-7.376423836,-5.300352097,-6.083831787,0.223196551,-7.787948608,-6.392907619,-6.102261543,-8.58992672,0.001334365,0.015672091,0.002356822,0.000750404,0.000661682,0.000560534,0.000932656,0.00105558,0.000507827,0.00076786,0.002010019,0.000546292,0.001199183,0.000329981,0.002037001,0.000819215,0.000278142,0.754744589,0.001491411,0.005800819,0.000625444,0.004965062,0.002274242,0.555568635,0.000414531,0.001670588,0.002232804,0.000185935,0,0,0,0,0,0,0,0,0,0,0,0,0,0,0,0,0,1,0,0,0,0,0,1,0,0,0,0
ast_early_fusion,393959_1,Speech,Car,Car,0.994958997,-5.765845776,-5.294299126,-7.446471214,-5.650519371,5.285099506,-6.903822422,-6.695185184,-7.36630106,-6.73497057,-5.870790005,-4.688681602,-6.299849987,-6.115328789,-7.640389442,-7.983800888,-6.716668606,-8.287413597,-7.532910824,-7.155515671,-8.236227036,-7.344752312,-5.933661938,-6.995383263,-8.004569054,-6.652738571,-7.571613312,-6.906416416,-7.82285881,0.003122961,0.004995055,0.000583157,0.003503374,0.994958997,0.001002934,0.001235325,0.000631803,0.001187199,0.00281271,0.009114959,0.001833213,0.002203882,0.00048041,0.000340825,0.001209101,0.000251601,0.000534892,0.000779938,0.000264812,0.000645556,0.002641767,0.000915263,0.000333822,0.00128882,0.000514596,0.001000338,0.000400315,0,0,0,0,1,0,0,0,0,0,0,0,0,0,0,0,0,0,0,0,0,0,0,0,0,0,0,0
ast_early_fusion,393961_3,Musical instrument,Musical instrument,Musical instrument,0.992810011,-6.200743198,-6.701483727,-7.3423419,-8.347793579,-6.641648293,-6.883441448,-7.220946789,-7.299628258,-6.756351948,-6.469237328,-6.145908356,-8.182079315,-7.821640015,-7.049068451,-7.258961678,-7.45856905,4.927846909,-6.390069485,-6.833067417,-7.03109169,-7.015309811,-5.543479443,-6.848561287,-7.787735939,-8.714806557,-6.861578941,-6.756800175,-8.333043098,0.002023819,0.001227578,0.000647113,0.000236863,0.001303174,0.001023563,0.000730576,0.000675334,0.001162114,0.001548008,0.00213765,0.000279542,0.000400803,0.000867464,0.000703343,0.000576148,0.992810011,0.001675328,0.001076388,0.000883185,0.000897222,0.003897638,0.001059856,0.000414619,0.00016411,0.001046163,0.001161594,0.000240381,0,0,0,0,0,0,0,0,0,0,0,0,0,0,0,0,1,0,0,0,0,0,0,0,0,0,0,0
ast_early_fusion,393961_5,Musical instrument,Musical instrument,Musical instrument,0.99277699,-6.202436924,-6.614628315,-7.357983589,-8.119559288,-6.68555212,-6.706082344,-7.203748226,-7.30519104,-6.816975117,-6.31917572,-5.800211906,-8.092957497,-7.566421509,-6.921364784,-7.062470913,-7.030152798,4.92323637,-6.411578655,-6.733459949,-6.728660583,-6.944633484,-5.55095005,-6.306339264,-7.848586559,-8.614141464,-6.308801174,-6.573780537,-8.395896912,0.002020401,0.001338818,0.000637076,0.000297571,0.001247267,0.001221953,0.00074324,0.00067159,0.00109383,0.001798188,0.003017778,0.000305591,0.000517273,0.000985511,0.000855926,0.000884014,0.99277699,0.001639736,0.001188992,0.001194705,0.000962865,0.00386874,0.001821377,0.000390151,0.000181488,0.001816907,0.00139456,0.000225741,0,0,0,0,0,0,0,0,0,0,0,0,0,0,0,0,1,0,0,0,0,0,0,0,0,0,0,0
ast_early_fusion,395942_1,"Bird sounds,Insects","Bird sounds,Insects",Bird sounds,0.995281637,-6.641365051,5.351562023,-6.653571129,-8.717514992,-7.007638454,-6.647377014,-6.997903347,-8.307935715,-7.568590641,-4.497503757,-6.197560787,-6.689786434,4.944795132,-9.09776783,-8.090590477,-7.471224308,-8.287691116,-7.649631977,-7.506972313,-7.914312363,-7.51288271,-5.046553135,-7.542939663,-8.595247269,-7.341770649,-7.247045994,-6.555186749,-8.106339455,0.001303543,0.995281637,0.001287749,0.000163667,0.000904125,0.00129574,0.000912962,0.000246492,0.000516153,0.0110141,0.002030256,0.001242004,0.992929995,0.000111903,0.000306315,0.000568907,0.000251531,0.000475993,0.00054894,0.000365342,0.000545707,0.006390364,0.000529557,0.000184949,0.000647483,0.000711768,0.001420696,0.00030153,0,1,0,0,0,0,0,0,0,0,0,0,1,0,0,0,0,0,0,0,0,0,0,0,0,0,0,0
ast_early_fusion,396162_0,"Bird sounds,Insects","Bird sounds,Insects",Bird sounds,0.994920909,-6.289583206,5.277541637,-6.82211113,-8.54384613,-7.254114628,-6.505137444,-4.933731079,-7.961346149,-7.628941059,-5.514199734,-6.600393295,-6.53456831,3.940335274,-8.224731445,-7.441487312,-6.789229393,-7.851787567,-6.804943085,-6.783094883,-6.99395752,-7.502070904,-5.286959648,-7.528868675,-7.478413582,-6.835416317,-6.758423328,-5.634095192,-7.638891697,0.001852097,0.994920909,0.001088233,0.000194702,0.000706758,0.001493501,0.007148128,0.000348562,0.000485939,0.004012982,0.001357986,0.00145025,0.980929077,0.000267872,0.000586069,0.00112457,0.000388905,0.001107056,0.001131482,0.000916568,0.000551636,0.005031666,0.000537057,0.000564834,0.001073865,0.001159712,0.003561182,0.00048113,0,1,0,0,0,0,0,0,0,0,0,0,1,0,0,0,0,0,0,0,0,0,0,0,0,0,0,0
ast_early_fusion,396162_1,"Bird sounds,Insects","Bird sounds,Insects",Bird sounds,0.995668173,-6.667040825,5.437428474,-7.028003693,-9.256212234,-6.985719204,-6.719258785,-6.064243317,-8.467041016,-7.802652359,-5.58777523,-7.035632133,-6.360785961,4.813671589,-8.8136549,-7.570223331,-7.132874012,-8.37406826,-7.138355255,-7.473590374,-7.796186924,-7.906564236,-5.909366608,-7.833605289,-8.140512466,-7.20211935,-7.223453999,-6.313409805,-7.738038063,0.001270541,0.995668173,0.000885915,9.55E-05,0.000924143,0.001205977,0.002319125,0.000210242,0.000408483,0.003729386,0.000879188,0.001725027,0.991947353,0.000148667,0.000515312,0.000797784,0.000230722,0.000793427,0.000567563,0.000411131,0.000368182,0.00270656,0.000396038,0.000291403,0.000744451,0.000728748,0.001808568,0.000435736,0,1,0,0,0,0,0,0,0,0,0,0,1,0,0,0,0,0,0,0,0,0,0,0,0,0,0,0
ast_early_fusion,397191_0,Bird sounds,Bird sounds,Bird sounds,0.993227661,-5.342028141,4.988119602,-5.149189949,-7.942302704,-3.297628403,-7.227811813,-7.6820364,-7.979825974,-7.346999168,-2.698817253,-3.964735746,-6.106220245,-1.338000059,-7.545808315,-7.877764702,-6.190845013,-8.44954586,-5.816170692,-6.776509285,-7.203240395,-6.571086884,-5.074616432,-4.833249569,-7.677951336,-7.596763134,-6.315106869,-3.220888376,-6.713978291,0.004763355,0.993227661,0.005770611,0.000355261,0.035652637,0.000725581,0.000460823,0.000342182,0.000644108,0.063043185,0.018619776,0.002224002,0.207839146,0.000528041,0.000378936,0.002043909,0.000213952,0.002970143,0.00113895,0.000743617,0.001398317,0.006214621,0.00789774,0.000462708,0.000501822,0.001805507,0.038387179,0.001212354,0,1,0,0,0,0,0,0,0,0,0,0,0,0,0,0,0,0,0,0,0,0,0,0,0,0,0,0
ast_early_fusion,397359_1,Waves,"Bird sounds,Waves",Bird sounds,0.994587064,-7.362603664,5.213540554,-6.36326313,-9.089912415,-8.030545235,-7.537358284,-7.214648247,-8.884651184,-7.316550732,-6.612825871,-6.700574875,-7.25267458,-6.711884499,-7.907721043,-7.400374889,-8.432918549,-9.171895981,-5.155922413,-7.719986439,-7.938816071,-6.969746113,-6.32466507,-4.747237682,-7.805102348,-7.043172359,-6.9609375,0.599497974,-4.421638012,0.000634142,0.994587064,0.001720767,0.000112785,0.000325265,0.00053252,0.000735188,0.000138479,0.000664009,0.00134123,0.001228693,0.000707776,0.001214892,0.000367757,0.000610651,0.000217538,0.000103909,0.005732113,0.00044367,0.000356501,0.000939009,0.001788362,0.008601007,0.000407484,0.00087259,0.000947309,0.64554143,0.011871901,0,1,0,0,0,0,0,0,0,0,0,0,0,0,0,0,0,0,0,0,0,0,0,0,0,0,1,0
ast_early_fusion,397910_0,"Bird sounds,Speech",Bird sounds,Bird sounds,0.996031106,-6.873105526,5.525282383,-6.331469536,-7.533787727,-6.079926491,-5.476839066,-5.962713242,-7.325609207,-6.527617931,-6.895860672,-3.137959957,-6.582999229,-1.862658024,-7.70370245,-8.113705635,-6.259535313,-7.975711346,-7.433058262,-6.301532269,-5.87953186,-6.718085289,-1.476439595,-6.985187531,-7.793012142,-7.273613453,-7.440932274,-4.751598835,-7.80663681,0.001034186,0.996031106,0.001776256,0.000534423,0.002283121,0.004165109,0.002566318,0.000658025,0.00146035,0.001010943,0.041568317,0.001381781,0.134393543,0.00045095,0.000299318,0.001908485,0.000343592,0.000591027,0.001830138,0.002788298,0.001207391,0.185965791,0.000924634,0.000412438,0.00069312,0.000586394,0.008563899,0.000406859,0,1,0,0,0,0,0,0,0,0,0,0,0,0,0,0,0,0,0,0,0,0,0,0,0,0,0,0
ast_early_fusion,397916_1,Falling water/Rain,Falling water/Rain,Falling water/Rain,0.996742666,-7.616520882,-6.678339958,-7.828345776,-8.293987274,-6.860762119,-7.548653603,-7.860146046,-8.632149696,5.723577976,-6.256743431,-6.94373703,-8.479003906,-7.934521675,-7.901909828,-8.286450386,-7.883300781,-8.283025742,-7.488712311,-7.256315231,-8.380861282,-8.267326355,-6.269635677,-7.494831085,-8.282121658,-7.883813858,-7.236798763,-7.062195778,-8.671616554,0.000492009,0.001256284,0.000398125,0.000249953,0.001047017,0.000526542,0.000385669,0.000178249,0.996742666,0.00191381,0.000963728,0.000207742,0.000358035,0.000369899,0.000251844,0.000376845,0.000252707,0.00055905,0.000705206,0.00022916,0.000256705,0.001889342,0.000555642,0.000252936,0.000376651,0.000719094,0.000856161,0.000171352,0,0,0,0,0,0,0,0,1,0,0,0,0,0,0,0,0,0,0,0,0,0,0,0,0,0,0,0
ast_early_fusion,397944_0,"Bird sounds,Dog","Bird sounds,Dog",Dog,0.995007157,-7.207055092,5.220644474,-7.4956007,-9.875819206,-6.458384037,-7.467027664,5.29473877,-8.832198143,-7.692746639,-7.158603668,-7.524582863,-8.16401577,-6.354197979,-8.897755623,-9.485877991,-7.442582607,-8.72413826,-7.803442478,-7.535881042,-7.975289822,-7.434488773,-5.700136185,-7.339056015,-8.64231205,-8.937137604,-8.258321762,-6.725660801,-9.376135826,0.000740788,0.994625151,0.000555214,5.14E-05,0.001564874,0.000571298,0.995007157,0.000145936,0.000455916,0.000777535,0.000539363,0.000284636,0.001736409,0.000136677,7.59E-05,0.000585428,0.000162586,0.00040816,0.000533306,0.000343737,0.000590182,0.003334355,0.000649242,0.000176447,0.000131399,0.000259026,0.00119829,8.47E-05,0,1,0,0,0,0,1,0,0,0,0,0,0,0,0,0,0,0,0,0,0,0,0,0,0,0,0,0
ast_early_fusion,398053_1,Flowing water,Flowing water,Flowing water,0.992884815,-6.350963593,-7.415364265,-5.652462959,-7.851421833,-6.83429718,-7.071569443,-7.109725475,-8.294401169,-4.758601665,4.938383579,-7.103061199,-7.29172802,-7.399705887,-7.99542284,-7.460009575,-6.896952152,-8.298020363,-7.008965969,-6.700464725,-7.567534924,-7.951405048,-6.082966328,-8.363057137,-7.583808422,-7.687842369,-7.954647064,-2.006575346,-7.909601688,0.001742025,0.000601571,0.003496595,0.000389047,0.001075066,0.00084818,0.000816452,0.00024985,0.008504646,0.992884815,0.000821907,0.000680686,0.000611059,0.000336888,0.000575319,0.001009841,0.000248947,0.000902927,0.001228828,0.000516698,0.000352043,0.002276206,0.000233275,0.000508362,0.000458156,0.000350904,0.118514284,0.000367066,0,0,0,0,0,0,0,0,0,1,0,0,0,0,0,0,0,0,0,0,0,0,0,0,0,0,0,0
ast_early_fusion,398053_2,Flowing water,Flowing water,Flowing water,0.994218111,-6.453672886,-6.775061131,-5.707736015,-7.948856354,-6.769532681,-6.396020889,-6.880470753,-7.978385448,-5.698293209,5.147228718,-7.041869164,-7.254045486,-6.711556435,-7.808285713,-7.433960438,-7.137167454,-8.204644203,-7.032743454,-7.128850937,-7.797927856,-7.279995441,-6.187316418,-8.149477959,-7.979887486,-7.930199623,-7.322300434,-5.303153515,-7.68299675,0.001572252,0.001140598,0.003309194,0.000352941,0.001146914,0.001665404,0.001026605,0.000342675,0.003340485,0.994218111,0.000873726,0.000706807,0.00121529,0.000406189,0.000590494,0.000794369,0.000273306,0.000881729,0.000800998,0.000410416,0.000688714,0.002051119,0.000288803,0.000342161,0.000359585,0.000660205,0.004951241,0.00046038,0,0,0,0,0,0,0,0,0,1,0,0,0,0,0,0,0,0,0,0,0,0,0,0,0,0,0,0
ast_early_fusion,398590_3,Falling water/Rain,Footsteps,Footsteps,0.504838109,-5.932868004,-6.701534748,-4.896173477,-8.181776047,-8.300181389,-6.167996407,-5.872986317,-6.176724434,-2.632648468,-2.467645884,0.019353051,-6.630284309,-6.584926605,-6.084345341,-6.610976219,-5.505829334,-6.717694283,-5.579524994,-6.160425186,-6.247224808,-6.731621265,-5.636693001,-8.138975143,-6.506495953,-7.237260818,-6.942987919,-3.926890612,-4.892881393,0.00264386,0.001227516,0.007419669,0.000279626,0.00024841,0.002091049,0.002806557,0.002072915,0.06706655,0.078157671,0.504838109,0.001318048,0.001379124,0.002273077,0.00134371,0.004046576,0.001207863,0.003760166,0.002106907,0.001932079,0.001191177,0.003551976,0.000291851,0.001491477,0.000718762,0.00096445,0.01932407,0.007443953,0,0,0,0,0,0,0,0,0,0,1,0,0,0,0,0,0,0,0,0,0,0,0,0,0,0,0,0
ast_early_fusion,398602_1,Train,Train,Train,0.954090297,-5.949845314,-4.823548317,-6.481809139,-7.226696014,-8.178216934,-6.501315117,-6.742722034,-7.547856331,-6.466926575,-6.868680477,-6.596678734,-7.77173996,-7.05517292,-7.301384926,-5.758808136,-7.331402302,-7.003179073,-7.125853062,-7.210389614,-7.13652277,-5.534953117,-5.720945358,3.034081459,-2.972131968,-7.656389236,-5.574438095,-7.292917252,-6.844013214,0.002599469,0.007974116,0.001528698,0.000726391,0.000280623,0.001499212,0.001178043,0.000526961,0.001551583,0.001038768,0.001363033,0.000421302,0.000862189,0.000674149,0.003144947,0.000654227,0.000908162,0.000803401,0.000738324,0.000794881,0.003930881,0.003265911,0.954090297,0.04870085,0.000472789,0.003779269,0.000679878,0.001064683,0,0,0,0,0,0,0,0,0,0,0,0,0,0,0,0,0,0,0,0,0,0,1,0,0,0,0,0
ast_early_fusion,398670_2,"Flowing water,Insects","Flowing water,Insects",Flowing water,0.99428314,-7.710813046,-6.087695122,-7.032083988,-9.999166489,-6.788736343,-7.209251404,-8.501207352,-10.7069006,-7.12547636,5.158604622,-7.497145653,-8.521409035,4.628880024,-9.823840141,-9.18170929,-8.546134949,-10.11913586,-8.534075737,-8.48418808,-10.37880898,-8.548151016,-6.222816944,-9.250321388,-9.715435982,-8.826848984,-7.581413269,-6.72074461,-9.300514221,0.000447757,0.002265492,0.00088231,4.54E-05,0.001125124,0.000739164,0.000203182,2.24E-05,0.000803703,0.99428314,0.000554358,0.000199119,0.990328729,5.41E-05,0.000102894,0.000194257,4.03E-05,0.000196613,0.000206668,3.11E-05,0.000193866,0.001979722,9.61E-05,6.03E-05,0.000146718,0.00050958,0.001204188,9.14E-05,0,0,0,0,0,0,0,0,0,1,0,0,1,0,0,0,0,0,0,0,0,0,0,0,0,0,0,0
ast_early_fusion,398910_3,Flowing water,Falling water/Rain,Falling water/Rain,0.99620676,-7.638270378,-5.571735382,-7.644487858,-7.720547199,-6.949351788,-7.388143539,-7.49543047,-8.087345123,5.570748329,-6.250471592,-6.007928371,-7.602597237,-7.355034828,-7.461117268,-7.644399643,-7.729552269,-8.26373291,-7.824983597,-7.138359547,-8.351187706,-7.19980669,-5.591139793,-6.520401001,-7.696491718,-6.235445976,-6.883615971,-7.08771944,-8.412122726,0.000481429,0.003789459,0.000478446,0.000443421,0.000958337,0.000618161,0.000555309,0.00030731,0.99620676,0.001925828,0.002453144,0.000498904,0.000638957,0.000574683,0.000478489,0.000439448,0.000257629,0.000399465,0.000793424,0.00023606,0.000746173,0.003716906,0.001470912,0.000454212,0.001954926,0.001023385,0.000834603,0.000222108,0,0,0,0,0,0,0,0,1,0,0,0,0,0,0,0,0,0,0,0,0,0,0,0,0,0,0,0
ast_early_fusion,399091_5,"Flowing water,Speech","Flowing water,Speech",Speech,0.997481048,-7.233710766,-5.708063126,-6.276500702,-8.774888039,-6.484065533,-8.472455978,-5.541624069,-10.13275433,-7.743560791,4.405750275,-8.257217407,-10.18258667,-7.29395628,-8.281035423,-9.5459795,-5.575034142,-7.384623051,-10.1408844,-8.013606071,-6.949314594,-7.820879936,5.98136282,-7.82666254,-9.148309708,-7.192186356,-6.835622311,-7.35474205,-11.88720036,0.000721317,0.003308115,0.00187644,0.000154542,0.001525258,0.000209107,0.003904847,3.98E-05,0.000433337,0.987940311,0.000259312,3.78E-05,0.000679172,0.000253211,7.15E-05,0.003777026,0.00062034,3.94E-05,0.00033082,0.000958373,0.000401107,0.997481048,0.000398796,0.000106388,0.000751876,0.001073644,0.000639144,6.88E-06,0,0,0,0,0,0,0,0,0,1,0,0,0,0,0,0,0,0,0,0,0,1,0,0,0,0,0,0
ast_early_fusion,399160_1,Bird sounds,Bird sounds,Bird sounds,0.996443689,-6.628078461,5.635457516,-6.417768955,-7.856789589,-3.81733346,-7.096397877,-7.725553989,-7.966798782,-7.275690079,-6.504137516,-5.520020008,-6.772974491,-5.076803207,-7.804731369,-7.612756729,-7.289620399,-8.28801918,-6.656531334,-6.704505444,-7.569720745,-7.090450764,-6.073592186,-7.618404865,-7.505827427,-7.111828327,-6.654834747,-6.703190327,-7.29700613,0.001320955,0.996443689,0.001629634,0.000386965,0.02151335,0.000827397,0.000441208,0.000346667,0.000691684,0.001494993,0.003989785,0.001142978,0.006201131,0.000407635,0.000493864,0.000682121,0.000251449,0.001283947,0.001223879,0.000515571,0.000832328,0.002297595,0.000491084,0.000549569,0.000814739,0.001286125,0.001225487,0.000677106,0,1,0,0,0,0,0,0,0,0,0,0,0,0,0,0,0,0,0,0,0,0,0,0,0,0,0,0
ast_early_fusion,399160_3,Bird sounds,Bird sounds,Bird sounds,0.997012019,-6.832859993,5.810183525,-7.041615486,-8.246736526,-6.757215977,-6.234684467,-6.629386902,-8.122307777,-7.383420467,-7.139386177,-6.567084789,-6.361958981,-4.665682793,-7.755083561,-7.392454147,-7.27150631,-8.144252777,-5.796257019,-6.578979969,-7.552946568,-7.015398979,-6.04720211,-7.110439777,-7.550191402,-7.476805687,-6.834891796,-6.634054661,-7.578022003,0.001076611,0.997012019,0.000873948,0.000262044,0.001161111,0.001956413,0.00131923,0.000296755,0.000621086,0.00079261,0.001403916,0.001723008,0.009325043,0.000428375,0.000615504,0.000694581,0.000290315,0.003029701,0.001387338,0.000524287,0.000897142,0.002358891,0.00081587,0.000525733,0.000565742,0.001074428,0.001313095,0.000511311,0,1,0,0,0,0,0,0,0,0,0,0,0,0,0,0,0,0,0,0,0,0,0,0,0,0,0,0
ast_early_fusion,400816_1,"Bell,Bird sounds",Bell,Bell,0.998301625,6.376373768,-1.758605719,-7.6817379,-10.82263184,-5.571113586,-7.181731701,-8.25063324,-9.839015961,-8.791563988,-6.097171307,-8.303167343,-8.745732307,-6.990971565,-9.553949356,-10.26287365,-6.453719616,-5.606140614,-8.175033569,-8.714121819,-8.249346733,-8.543067932,-5.10867691,-8.335962296,-8.615118027,-9.869940758,-9.068863869,-7.861348629,-10.31951714,0.998301625,0.146965042,0.00046096,1.99E-05,0.003791807,0.000759772,0.000261025,5.33E-05,0.000151987,0.002244173,0.00024767,0.000159114,0.000919306,7.09E-05,3.49E-05,0.001572178,0.003661768,0.000281518,0.000164223,0.000261361,0.000194853,0.006007764,0.000239681,0.000181311,5.17E-05,0.000115184,0.000385205,3.30E-05,1,0,0,0,0,0,0,0,0,0,0,0,0,0,0,0,0,0,0,0,0,0,0,0,0,0,0,0
ast_early_fusion,401155_1,"Bird sounds,Insects,Speech","Bird sounds,Speech",Speech,0.997557878,-4.906993866,5.701935291,-7.719581127,-9.417613029,-8.039509773,-7.32574749,-8.711120605,-9.62249279,-8.990357399,-5.453829288,-6.751194477,-7.512662411,-1.055729032,-7.473095417,-9.519123077,-6.263934135,-8.230514526,-5.286257744,-6.369375229,-6.638320446,-8.933631897,6.012448311,-7.983364105,-9.419631958,-7.20948267,-8.197271347,-6.148962498,-9.978478432,0.007340405,0.996671557,0.000443849,8.13E-05,0.000322363,0.000657934,0.000164716,6.62E-05,0.00012459,0.004261645,0.001168116,0.000545827,0.258126467,0.000567844,7.34E-05,0.001900124,0.000266328,0.005035182,0.001710299,0.001307513,0.000131861,0.997557878,0.000340974,8.11E-05,0.000738993,0.000275328,0.002131145,4.64E-05,0,1,0,0,0,0,0,0,0,0,0,0,0,0,0,0,0,0,0,0,0,1,0,0,0,0,0,0
ast_early_fusion,401561_0,Helicopter,"Bird sounds,Car",Bird sounds,0.737012744,-4.332277775,1.030499458,-5.956151009,-8.208346367,0.518516421,-6.507834435,-6.906143188,-10.27660179,-7.010793686,-8.041523933,-3.233524799,-1.632087827,-7.179395199,-7.034370899,-8.354773521,-7.416130066,-5.417925358,-0.391117692,-8.694104195,-9.320734024,-8.502536774,-6.284724712,-8.651221275,-9.303619385,-5.969746113,-9.626046181,-4.207377911,-9.206136703,0.012967231,0.737012744,0.002583171,0.000272297,0.626800776,0.001489485,0.001000611,3.44E-05,0.000901279,0.000321715,0.037923433,0.163544551,0.000761548,0.000880297,0.000235215,0.000601111,0.004416747,0.403448284,0.000167543,8.95E-05,0.000202912,0.0018611,0.000174883,9.11E-05,0.002548379,6.60E-05,0.014667023,0.000100411,0,1,0,0,1,0,0,0,0,0,0,0,0,0,0,0,0,0,0,0,0,0,0,0,0,0,0,0
ast_early_fusion,401561_4,Car,Car,Car,0.78434974,-6.355750561,-6.857287407,-6.476925373,-6.299300194,1.291197181,-6.309540749,-5.834985256,-3.366922617,-8.166231155,-7.506336212,-7.121839046,-2.297582388,-7.387528896,-7.633728027,-8.971380234,-6.126989841,-7.976463318,-8.067698479,-7.937389851,-7.30294323,-7.37234354,-5.611525059,-5.291333199,-7.739173889,-8.563239098,-6.942434788,-5.160625458,-7.360019207,0.00173372,0.001050658,0.00153617,0.00183422,0.78434974,0.001815566,0.002914945,0.033345364,0.000284006,0.000549289,0.00080663,0.091323391,0.000618541,0.00048362,0.000126977,0.002178387,0.000343334,0.000313406,0.00035701,0.0006731,0.000627999,0.003642176,0.005009818,0.000435242,0.000190963,0.000964983,0.005705371,0.000635782,0,0,0,0,1,0,0,0,0,0,0,0,0,0,0,0,0,0,0,0,0,0,0,0,0,0,0,0
ast_early_fusion,401562_2,Helicopter,"Footsteps,Helicopter",Helicopter,0.9966259,-7.978363037,-6.030210018,-7.350432873,-10.04450226,-8.004159927,-8.379024506,-8.649523735,-9.511439323,-9.094482422,-7.175179482,2.248800039,5.688238621,-7.147484779,-7.5586586,-8.76991272,-7.378762722,-9.012272835,-7.390027523,-8.240060806,-9.84529686,-10.65280437,-6.282762051,-9.599624634,-9.532520294,-11.08170319,-8.710351944,-6.841030121,-9.646577835,0.000342683,0.002399219,0.000641902,4.34E-05,0.000333958,0.000229581,0.00017518,7.40E-05,0.000112271,0.000764763,0.904547036,0.9966259,0.000786222,0.000521303,0.000155313,0.000623983,0.00012189,0.000616998,0.000263799,5.30E-05,2.36E-05,0.001864749,6.77E-05,7.25E-05,1.54E-05,0.000164843,0.00106786,6.46E-05,0,0,0,0,0,0,0,0,0,0,1,1,0,0,0,0,0,0,0,0,0,0,0,0,0,0,0,0
ast_early_fusion,401563_4,"Car,Footsteps","Car,Footsteps",Footsteps,0.989068925,-6.610856533,-7.467926979,-6.750927925,-6.495314598,0.100852646,-6.123680115,-6.552853107,-8.257493973,-7.093674183,-5.178264141,4.505157948,-5.290518761,-6.367640495,-8.406075478,-8.008525848,-6.769877434,-7.001416683,-5.983063698,-7.074024677,-8.101144791,-7.44618082,-5.99760294,-8.766274452,-7.11571312,-7.668288708,-7.924755096,-4.923057556,-9.299259186,0.001343871,0.000570785,0.001168427,0.001508222,0.525191784,0.002185593,0.00142401,0.000259241,0.000829652,0.005606178,0.989068925,0.00501388,0.001713264,0.000223455,0.000332504,0.001146519,0.000909763,0.002514751,0.000846102,0.0003031,0.000583326,0.002478543,0.000155879,0.000811582,0.000467199,0.000361548,0.007224277,9.15E-05,0,0,0,0,1,0,0,0,0,0,1,0,0,0,0,0,0,0,0,0,0,0,0,0,0,0,0,0
ast_early_fusion,401565_4,"Footsteps,Plane",Footsteps,Footsteps,0.99890399,-8.882471085,-7.501651764,-9.687695503,-8.772602081,-6.775680542,-7.984614372,-7.096271515,-9.804908752,-8.624621391,-7.072511196,6.814978123,-2.346524,-7.993038177,-8.043592453,-9.596831322,-8.089592934,-8.962566376,-1.744330287,-9.081398964,-9.092451096,-9.172099113,-6.375237942,-10.95265484,-9.381340027,-10.83583164,-9.801921844,-6.748060226,-9.823260307,0.000138781,0.000551867,6.20E-05,0.000154896,0.001139893,0.000340548,0.000827502,5.52E-05,0.000179596,0.000847382,0.99890399,0.087342456,0.000337692,0.00032105,6.79E-05,0.000306621,0.000128101,0.148763746,0.000113749,0.000112499,0.000103887,0.001700318,1.75E-05,8.43E-05,1.97E-05,5.53E-05,0.001171778,5.42E-05,0,0,0,0,0,0,0,0,0,0,1,0,0,0,0,0,0,0,0,0,0,0,0,0,0,0,0,0
ast_early_fusion,401570_2,"Footsteps,Helicopter","Footsteps,Helicopter",Helicopter,0.998066008,-8.769721031,-6.609934807,-8.697854996,-10.48006058,-7.616696358,-8.517308235,-8.86758709,-10.0340538,-9.960814476,-7.957307816,3.67283392,6.246249199,-8.317209244,-7.726030827,-10.5341835,-8.348003387,-9.415418625,-7.551081181,-9.305500984,-10.41558552,-10.96178532,-5.847253799,-10.51850033,-10.3705616,-11.55084515,-8.901921272,-7.100519657,-10.67793846,0.000155343,0.001345108,0.000166916,2.81E-05,0.000491923,0.000199937,0.000140862,4.39E-05,4.72E-05,0.000349972,0.975225031,0.998066008,0.000244217,0.000440997,2.66E-05,0.000236813,8.15E-05,0.000525266,9.09E-05,3.00E-05,1.74E-05,0.002879503,2.70E-05,3.13E-05,9.63E-06,0.000136109,0.000823997,2.30E-05,0,0,0,0,0,0,0,0,0,0,1,1,0,0,0,0,0,0,0,0,0,0,0,0,0,0,0,0
ast_early_fusion,401570_4,"Footsteps,Helicopter","Footsteps,Helicopter",Footsteps,0.996946871,-8.81034565,-7.462364674,-9.305106163,-10.31027031,-6.403153419,-8.483736038,-8.412007332,-10.39053726,-9.258805275,-7.599936962,5.788536072,4.344846249,-7.178098202,-7.377692699,-9.531570435,-7.552759647,-9.457119942,-5.973428726,-9.557501793,-9.757602692,-9.908397675,-6.898477554,-11.25087261,-10.38822365,-11.35354424,-9.452501297,-6.25619173,-10.6893034,0.000149159,0.000573967,9.10E-05,3.33E-05,0.001653587,0.000206762,0.000222134,3.07E-05,9.53E-05,0.000500233,0.996946871,0.987192631,0.000762536,0.000624651,7.25E-05,0.000524385,7.81E-05,0.002539035,7.07E-05,5.78E-05,4.98E-05,0.001008303,1.30E-05,3.08E-05,1.17E-05,7.85E-05,0.001914865,2.28E-05,0,0,0,0,0,0,0,0,0,0,1,1,0,0,0,0,0,0,0,0,0,0,0,0,0,0,0,0
ast_early_fusion,401571_1,"Car,Footsteps","Bird sounds,Car,Footsteps",Bird sounds,0.99354434,-7.549510479,5.036324501,-7.795974731,-7.212816715,3.327009678,-8.533058167,-8.159920692,-9.650220871,-8.26292038,-6.156440735,4.16771841,-5.939177036,-6.345039368,-9.296081543,-8.363985062,-8.041969299,-7.235447884,-4.30042696,-8.503642082,-8.298233032,-6.869386196,-6.428254128,-9.582424164,-9.02152729,-7.636059284,-7.573461533,-7.353274822,-9.757618904,0.000526091,0.99354434,0.000411218,0.000736535,0.965343833,0.000196813,0.000285803,6.44E-05,0.000257838,0.002115301,0.984748662,0.002627276,0.001752358,9.18E-05,0.000233059,0.000321571,0.000720066,0.013381279,0.000202688,0.000248894,0.001038036,0.001612664,6.89E-05,0.000120767,0.000482494,0.000513647,0.000640081,5.78E-05,0,1,0,0,1,0,0,0,0,0,1,0,0,0,0,0,0,0,0,0,0,0,0,0,0,0,0,0
ast_early_fusion,401573_2,"Footsteps,Helicopter","Bird sounds,Footsteps,Helicopter",Footsteps,0.976678789,-8.711783409,2.928493977,-9.109434128,-9.776955605,-6.250941753,-9.450195313,-6.424277782,-10.50951958,-8.810886383,-6.851039886,3.734796047,1.820957899,-7.164365768,-6.746795654,-9.790462494,-6.484960079,-7.403053761,-0.930953324,-8.441352844,-9.087657928,-9.874835968,-4.56610775,-10.78769875,-11.0527916,-9.485778809,-8.425499916,-6.024063587,-10.77260113,0.000164607,0.949237168,0.000110605,5.67E-05,0.001924924,7.87E-05,0.001619079,2.73E-05,0.000149079,0.001057236,0.976678789,0.860681057,0.000773071,0.001173259,5.60E-05,0.001523896,0.000609018,0.282731324,0.000215712,0.00011304,5.15E-05,0.010291342,2.07E-05,1.58E-05,7.59E-05,0.000219158,0.002413975,2.10E-05,0,1,0,0,0,0,0,0,0,0,1,1,0,0,0,0,0,0,0,0,0,0,0,0,0,0,0,0
ast_early_fusion,401578_4,Footsteps,"Car,Footsteps",Footsteps,0.997583985,-8.135402679,-6.975895405,-8.937746048,-7.210633278,1.577157378,-7.599612713,-8.203129768,-9.625685692,-8.28186512,-6.284869671,6.023241997,-6.922190189,-5.553378105,-8.758360863,-8.752872467,-9.014303207,-8.791847229,-5.510921478,-8.179131508,-9.387926102,-6.94892168,-6.512328625,-9.103694916,-9.131777763,-8.043559074,-8.114772797,-6.328386307,-10.07602596,0.000292895,0.000933258,0.000131319,0.000738144,0.828801572,0.000500395,0.00027372,6.60E-05,0.000253001,0.001860831,0.997583985,0.000984698,0.003859394,0.000157117,0.000157982,0.000121642,0.000151944,0.004026106,0.000280367,8.37E-05,0.000958749,0.001482816,0.000111242,0.000108161,0.000321061,0.000298999,0.001781732,4.21E-05,0,0,0,0,1,0,0,0,0,0,1,0,0,0,0,0,0,0,0,0,0,0,0,0,0,0,0,0
ast_early_fusion,401587_0,"Dog,Footsteps,Speech","Dog,Speech",Dog,0.993403614,-7.979968548,-6.328165054,-7.829092979,-8.996325493,-7.085345268,-7.023229599,5.01460886,-8.523653984,-8.468580246,-8.396022797,-6.354638577,-9.690984726,-8.8897686,-7.45799017,-9.679213524,-7.241188049,-9.054894447,-9.296208382,-7.278129578,-8.665214539,-8.771931648,4.766521454,-7.223578453,-8.462817192,-9.782125473,-9.552680016,-6.965292454,-10.02648544,0.000342133,0.001782125,0.000397828,0.000123849,0.000836585,0.00089015,0.993403614,0.000198673,0.000209919,0.000225712,0.001735646,6.18E-05,0.000137773,0.000576482,6.26E-05,0.000715947,0.000116804,9.18E-05,0.000689999,0.000172453,0.000155,0.991561949,0.000728657,0.000211132,5.64E-05,7.10E-05,0.000943196,4.42E-05,0,0,0,0,0,0,1,0,0,0,0,0,0,0,0,0,0,0,0,0,0,1,0,0,0,0,0,0
ast_early_fusion,401587_1,"Dog,Footsteps",Dog,Dog,0.99715209,-8.830245972,-7.051830292,-8.240283966,-8.527855873,-5.950024128,-7.014051914,5.858329773,-8.728077888,-8.441708565,-7.459422112,-6.321465015,-9.376522064,-8.725834846,-8.908203125,-9.798880577,-7.966979504,-8.437573433,-7.660164356,-7.950643063,-8.178920746,-9.059182167,-5.11274147,-6.645644188,-8.541296959,-10.85021687,-9.112387657,-6.736145496,-8.953065872,0.000146221,0.000865074,0.00026374,0.00019784,0.002599005,0.00089835,0.99715209,0.000161947,0.000215635,0.000575657,0.001794084,8.47E-05,0.000162311,0.000135256,5.55E-05,0.000346605,0.000216528,0.000471008,0.000352311,0.000280426,0.000116305,0.005983539,0.001297984,0.000195199,1.94E-05,0.000110279,0.001185807,0.000129323,0,0,0,0,0,0,1,0,0,0,0,0,0,0,0,0,0,0,0,0,0,0,0,0,0,0,0,0
ast_early_fusion,401656_2,"Car,Footsteps,Plane","Footsteps,Waves",Footsteps,0.984953642,-8.796199799,-7.482936859,-5.636457443,-8.357339859,-0.629062235,-7.686824322,-7.877651691,-8.693448067,-9.086359024,-5.496861458,4.18145752,-3.624781132,-7.846100807,-7.474876881,-8.695034027,-7.778718948,-8.177222252,-2.915718794,-9.395180702,-7.938006878,-7.252005577,-7.579874992,-10.63070107,-9.609349251,-9.069496155,-8.748599052,0.802038014,-9.043227196,0.000151284,0.000562286,0.00355281,0.000234613,0.347723186,0.000458623,0.000378979,0.000167653,0.000113187,0.00408288,0.984953642,0.025962893,0.000391122,0.000566834,0.000167387,0.000418373,0.000280902,0.051381975,8.31E-05,0.00035679,0.00070825,0.000510364,2.42E-05,6.71E-05,0.000115111,0.000158658,0.690410256,0.000118175,0,0,0,0,0,0,0,0,0,0,1,0,0,0,0,0,0,0,0,0,0,0,0,0,0,0,1,0
ast_early_fusion,402097_5,Car,"Car,Footsteps",Footsteps,0.993643045,-8.282238007,-7.212656498,-8.70538044,-7.415380955,1.337475061,-6.643640041,-5.734350681,-9.012590408,-8.341752052,-7.486767292,5.051831245,-7.228896141,-6.663550377,-8.261899948,-8.46090126,-8.678625107,-7.09538126,-2.50978756,-7.527858734,-8.374286652,-6.679840088,-6.348047256,-9.024866104,-7.747447968,-8.532037735,-7.726660728,-7.289801121,-9.417512894,0.000252906,0.000736653,0.000165664,0.000601561,0.792074382,0.001300585,0.003222562,0.000121851,0.000238298,0.000560138,0.993643045,0.000724795,0.001274978,0.000258101,0.000211537,0.000170156,0.000828238,0.075174876,0.0005376,0.000230671,0.001254403,0.001747104,0.000120364,0.000431657,0.000197014,0.00044072,0.000681998,8.13E-05,0,0,0,0,1,0,0,0,0,0,1,0,0,0,0,0,0,0,0,0,0,0,0,0,0,0,0,0
ast_early_fusion,402098_1,Speech,Speech,Speech,0.998160064,-6.913882256,-6.921084881,-7.772944927,-8.347471237,-7.048717976,-7.657529354,-7.614238262,-7.214996338,-7.590307713,-7.437691689,-6.743439674,-7.655562401,-7.642914295,-6.896805763,-8.015983582,-7.234972,-7.974949837,-7.542317867,-6.6899333,-7.796248436,-7.808067322,6.296203136,-6.955778122,-8.028800964,-8.508680344,-7.5283885,-7.562939167,-8.705954552,0.000992905,0.000985786,0.000420795,0.000236939,0.000867768,0.00047225,0.000493133,0.000734933,0.00050507,0.000588296,0.001177199,0.00047318,0.000479199,0.001009989,0.000330034,0.000720408,0.000343854,0.000529886,0.001241822,0.000411106,0.000406278,0.998160064,0.000952205,0.000325833,0.000201669,0.000537315,0.000519077,0.000165569,0,0,0,0,0,0,0,0,0,0,0,0,0,0,0,0,0,0,0,0,0,1,0,0,0,0,0,0
ast_early_fusion,402271_1,"Laughter,Speech",Speech,Speech,0.997022569,-6.750581264,-6.85890913,-8.104910851,-7.380385876,-5.945920944,-7.982232094,-7.757899284,-7.998692989,-7.718623638,-6.899601936,-7.454897404,-7.439103127,-8.03901577,-2.468504906,-8.956401825,-7.144055843,-7.478868008,-8.014231682,-3.297937155,-7.18421936,-7.622385979,5.813713074,-7.551585197,-8.349251747,-8.714148521,-7.966448307,-7.646574497,-8.288849831,0.001168831,0.001048957,0.000301961,0.000622972,0.002609663,0.00034136,0.000427171,0.000335789,0.000444274,0.001007171,0.000578267,0.000587467,0.000322522,0.078095809,0.000128893,0.00078892,0.000564578,0.000330613,0.035642024,0.000757886,0.000489133,0.997022569,0.000525001,0.000236518,0.000164218,0.000346789,0.00047745,0.00025124,0,0,0,0,0,0,0,0,0,0,0,0,0,0,0,0,0,0,0,0,0,1,0,0,0,0,0,0
ast_early_fusion,402271_4,Speech,Speech,Speech,0.997908235,-6.944200039,-6.621248245,-7.891118526,-7.567537785,-6.847716331,-7.715774059,-7.217981815,-7.3729105,-7.728902817,-7.450460434,-6.710015774,-7.607636452,-7.580431461,-5.639949322,-7.858629704,-6.706080914,-7.694716454,-7.222687721,-4.527323723,-6.051417828,-7.770237446,6.167612076,-7.152073383,-8.083136559,-8.796730995,-8.154512405,-7.638081551,-8.209853172,0.000963283,0.001329996,0.000373911,0.000516697,0.001060751,0.000445542,0.000732744,0.000627643,0.000439733,0.000580836,0.001217162,0.000496398,0.000510081,0.003540469,0.000386254,0.001221955,0.000455019,0.000729306,0.01069397,0.002348991,0.000421935,0.997908235,0.000782625,0.000308606,0.000151204,0.000287353,0.00048152,0.000271887,0,0,0,0,0,0,0,0,0,0,0,0,0,0,0,0,0,0,0,0,0,1,0,0,0,0,0,0
ast_early_fusion,402693_0,Crickets,Crickets,Crickets,0.996009827,-7.797106266,-7.534833908,-7.645551205,-8.131174088,-5.752839565,5.519918919,-6.234210968,-8.249969482,-7.308844566,-6.542879105,-6.675344467,-7.721824169,-6.584608078,-8.000012398,-8.316054344,-8.051216125,-7.883232594,-6.286513329,-6.91117239,-7.445716381,-7.98265028,-6.362487793,-7.608014584,-7.911337852,-8.689259529,-6.637748241,-6.747661591,-8.673834801,0.000410754,0.000533865,0.000477938,0.000294136,0.003163715,0.996009827,0.001957337,0.000261198,0.000669142,0.001438264,0.001260048,0.000442855,0.001379563,0.000335346,0.000244499,0.000318613,0.00037687,0.001857781,0.000995597,0.000583597,0.000341217,0.001722099,0.00049621,0.00036643,0.000168356,0.00130826,0.001172245,0.000170973,0,0,0,0,0,1,0,0,0,0,0,0,0,0,0,0,0,0,0,0,0,0,0,0,0,0,0,0
ast_early_fusion,402693_3,Crickets,Crickets,Crickets,0.995904744,-7.361081123,-7.968754292,-7.808214188,-8.08712101,-2.646573067,5.493803501,-6.605699539,-8.119371414,-7.674127102,-6.785611629,-6.20281744,-7.227998734,-5.854597092,-8.219597816,-7.593265533,-8.4546175,-7.707334518,-6.18931675,-7.117716789,-7.329456329,-8.032706261,-6.119241714,-7.349306583,-7.275028706,-7.802633762,-6.526952267,-7.697114468,-9.136656761,0.000635107,0.00034599,0.000406218,0.000307379,0.066200539,0.995904744,0.001350809,0.000297627,0.00046448,0.001128641,0.002019634,0.000725446,0.002858496,0.000269251,0.000503579,0.00021287,0.000449316,0.002047029,0.000809959,0.0006555,0.000324563,0.002195294,0.000642625,0.000692141,0.00040849,0.001461321,0.00045393,0.000107635,0,0,0,0,0,1,0,0,0,0,0,0,0,0,0,0,0,0,0,0,0,0,0,0,0,0,0,0
ast_early_fusion,403316_0,Helicopter,Helicopter,Helicopter,0.894093394,-7.207716942,-6.481173992,-5.426764011,-8.304258347,-7.35210228,-6.025046349,-7.131457806,-7.914543629,-6.977572441,-6.477729797,-5.031466484,2.133253336,-6.812869072,-7.074158192,-9.086074829,-7.433393002,-7.235127926,-1.046442032,-6.978302956,-7.755226612,-8.92450428,-6.134786129,-7.2918396,-8.743492126,-8.707683563,-6.988588333,-5.199910164,-7.946453094,0.000740298,0.001529668,0.004378051,0.0002474,0.000640832,0.00241161,0.000798914,0.000365257,0.000931695,0.001534937,0.006486874,0.894093394,0.001098326,0.000845989,0.000113219,0.000590829,0.000720296,0.259908915,0.000931016,0.000428314,0.00013307,0.002161506,0.00068061,0.00015947,0.000165283,0.000921498,0.005486789,0.00035379,0,0,0,0,0,0,0,0,0,0,0,1,0,0,0,0,0,0,0,0,0,0,0,0,0,0,0,0
ast_early_fusion,404663_3,Bird sounds,Bird sounds,Bird sounds,0.996583819,-6.608287811,5.675821781,-6.795833111,-8.244684219,-6.808849335,-6.203821659,-6.368173122,-7.869960785,-7.202121258,-6.319211483,-6.525001049,-7.283549786,-5.314424038,-7.36767149,-7.757197857,-7.247341156,-8.000431061,-6.84777832,-6.665762901,-7.003268242,-7.106287003,-6.013530254,-7.041025162,-7.211280823,-7.315216064,-6.489649296,-6.237530708,-7.400300026,0.001347322,0.996583819,0.001117176,0.000262582,0.001102745,0.002017611,0.001712353,0.000381903,0.000744449,0.001798124,0.001464171,0.000686272,0.004896023,0.000630938,0.00042747,0.000711559,0.000335206,0.001060686,0.001272164,0.000908081,0.000819262,0.002439474,0.000874463,0.000737666,0.000664895,0.001516778,0.001950863,0.000610696,0,1,0,0,0,0,0,0,0,0,0,0,0,0,0,0,0,0,0,0,0,0,0,0,0,0,0,0
ast_early_fusion,404663_4,Bird sounds,Bird sounds,Bird sounds,0.996681631,-6.537264347,5.704946995,-7.321523666,-8.125025749,-5.283517838,-6.770715714,-7.400143147,-8.09705925,-6.818574429,-6.117190361,-6.114180565,-6.608491898,-4.504256725,-7.948449612,-7.315554619,-7.486213207,-7.968659401,-6.84144783,-6.634993076,-7.271188736,-6.67709589,-5.754529476,-7.159016609,-7.551924229,-7.324446678,-6.776830196,-6.95068121,-7.090970039,0.001446351,0.996681631,0.000660717,0.000295949,0.005048927,0.00114556,0.000610792,0.00030434,0.001092084,0.002199792,0.002206408,0.001347048,0.010940784,0.000353085,0.00066467,0.000560448,0.000346023,0.001067415,0.001311865,0.000694802,0.001257846,0.00315839,0.000777215,0.000524823,0.00065879,0.001138585,0.000957065,0.000831897,0,1,0,0,0,0,0,0,0,0,0,0,0,0,0,0,0,0,0,0,0,0,0,0,0,0,0,0
ast_early_fusion,414084_2,Flowing water,Flowing water,Flowing water,0.929947078,-6.224229336,-7.148899078,-5.750336647,-6.967866421,-7.100343704,-5.975886822,-6.432769775,-7.861506462,-6.619509697,2.585876465,-2.939531803,-6.455627441,-5.825050354,-6.960579395,-6.744928837,-6.061551094,-6.590490341,-5.804258823,-7.206531525,-7.089812279,-6.324536324,-4.816284657,-7.381577492,-8.150115013,-8.204672813,-7.48370409,-5.389680862,-6.627835274,0.001976934,0.000785112,0.003171618,0.000940774,0.000824142,0.002532818,0.001605409,0.000385145,0.001332307,0.929947078,0.050233606,0.001569187,0.002943963,0.000947648,0.001175449,0.002325363,0.001371483,0.003005627,0.000741176,0.00083286,0.001788592,0.008031782,0.000622231,0.000288619,0.000273298,0.000561855,0.004542699,0.001321276,0,0,0,0,0,0,0,0,0,1,0,0,0,0,0,0,0,0,0,0,0,0,0,0,0,0,0,0
ast_early_fusion,414398_1,Flowing water,Flowing water,Flowing water,0.995345294,-7.15029192,-5.302019596,-4.477432251,-8.822297096,-6.661195278,-6.569324493,-6.467717648,-9.440091133,-8.243782043,5.36522007,-7.287888527,-7.644833565,-0.5074296,-8.456026077,-7.219532013,-5.849545956,-8.614987373,-7.267778873,-7.869279861,-8.485017776,-8.623955727,-5.663257122,-7.494190693,-8.75003624,-7.771279335,-7.042535782,-6.246477604,-8.127129555,0.00078402,0.00495683,0.011234895,0.000147388,0.001277981,0.00140078,0.001550358,7.95E-05,0.000262819,0.995345294,0.000683303,0.000478281,0.375796288,0.00021257,0.000731609,0.00287293,0.000181334,0.000697174,0.000382164,0.000206497,0.000179716,0.003459185,0.000555997,0.00015843,0.000421496,0.000873145,0.00193352,0.000295328,0,0,0,0,0,0,0,0,0,1,0,0,0,0,0,0,0,0,0,0,0,0,0,0,0,0,0,0
ast_early_fusion,414399_4,"Flowing water,Insects",,Flowing water,0.155398846,-6.692939758,-7.189847469,-3.871668339,-6.006611347,-6.516116619,-3.222245455,-6.897405624,-7.943516731,-5.301414013,-1.692869544,-5.226397038,-6.762263298,-1.738274932,-7.152205467,-5.330481052,-6.114190578,-6.519407749,-7.456143856,-6.568928242,-7.118638515,-6.956762791,-5.511187077,-6.655187607,-7.256800175,-5.615271568,-6.312770844,-5.464413643,-7.470425606,0.001238098,0.000753636,0.020398824,0.00245637,0.001477218,0.038337115,0.001009383,0.00035483,0.004959818,0.155398846,0.005344135,0.001155272,0.149532184,0.000782522,0.004818411,0.002206386,0.001472371,0.000577547,0.001401334,0.000809213,0.000951268,0.004025041,0.001285671,0.000704864,0.003628606,0.001809722,0.004216965,0.000569361,0,0,0,0,0,0,0,0,0,0,0,0,0,0,0,0,0,0,0,0,0,0,0,0,0,0,0,0
ast_early_fusion,414410_3,Crickets,Crickets,Crickets,0.996860981,-7.630831718,-6.429747105,-7.329408646,-8.802035332,-7.002797127,5.760682106,-6.103689194,-7.754410744,-6.935673237,-5.988244534,-6.467924118,-7.67130661,-6.173576355,-8.247047424,-8.364943504,-7.707899094,-7.931981564,-7.257128239,-6.559256077,-7.502505779,-8.442142487,-6.25795269,-7.497459412,-8.173141479,-8.607269287,-6.804165363,-5.882305145,-8.857370377,0.000485022,0.001610262,0.000655531,0.000150404,0.000908509,0.996860981,0.002229626,0.000428663,0.000971523,0.002501788,0.001550039,0.000465791,0.002079437,0.000261962,0.000232836,0.000449063,0.000358945,0.000704633,0.001414935,0.000551396,0.000215541,0.001911502,0.000554184,0.000282051,0.000182739,0.001107917,0.002780597,0.000142309,0,0,0,0,0,1,0,0,0,0,0,0,0,0,0,0,0,0,0,0,0,0,0,0,0,0,0,0
ast_early_fusion,414411_2,Crickets,Crickets,Crickets,0.981129944,-6.845418453,-6.865730762,-6.394705772,-7.617976665,-5.848238468,3.951126814,-5.64858532,-7.879440308,-7.003571987,-4.551956654,-5.733588219,-7.669715405,-5.208592415,-7.812518597,-6.965208054,-6.276333809,-7.094769478,-6.652570724,-6.497360706,-6.709726334,-7.858802319,-5.346339226,-6.784021854,-6.935235023,-7.812591553,-6.474141598,-6.107202053,-8.467159271,0.001063189,0.001041834,0.001667592,0.000491294,0.002876678,0.981129944,0.003510132,0.000378302,0.000907806,0.01043648,0.003225013,0.000466533,0.005439616,0.000404474,0.000943276,0.001876753,0.000828745,0.001289036,0.001505144,0.001217513,0.000386187,0.004742962,0.001130435,0.000971949,0.000404444,0.001540446,0.002221825,0.000210217,0,0,0,0,0,1,0,0,0,0,0,0,0,0,0,0,0,0,0,0,0,0,0,0,0,0,0,0
ast_early_fusion,415055_2,"Car,Speech,Vehicle horn","Car,Speech",Speech,0.998949707,-7.617640495,-6.749724865,-8.165811539,-7.547189236,3.060074568,-7.2579813,-8.409003258,-9.231022835,-8.317779541,-7.94306469,-4.209755898,-10.13900852,-7.741245747,-7.898268223,-10.32491207,-7.594346046,-7.398044586,-7.528821945,-5.179607868,-5.814754963,-6.777169228,6.857656002,-4.394094467,-9.788947105,-7.780961514,-2.774009943,-6.848151207,-10.89788818,0.000491459,0.001169832,0.000284125,0.000527313,0.955215514,0.000704033,0.000222802,9.79E-05,0.000244078,0.00035499,0.014632696,3.95E-05,0.000434341,0.000371248,3.28E-05,0.000503036,0.000612074,0.000537082,0.005598692,0.002974338,0.001138199,0.998949707,0.012199394,5.61E-05,0.000417436,0.0587449,0.001060291,1.85E-05,0,0,0,0,1,0,0,0,0,0,0,0,0,0,0,0,0,0,0,0,0,1,0,0,0,0,0,0
ast_early_fusion,415761_3,Crickets,Crickets,Crickets,0.996815264,-6.935687542,-6.876377583,-7.986434937,-8.299682617,-4.221165657,5.746205807,-6.452403545,-8.558189392,-7.826965332,-5.971647739,-6.083481789,-7.824927807,-5.412183762,-8.057933807,-8.138431549,-7.708062649,-7.876587868,-7.077399254,-6.831846237,-7.53497982,-8.042214394,-6.453361034,-7.165164948,-8.257417679,-8.619446754,-7.065285683,-6.235610008,-8.649458885,0.000971509,0.001030812,0.000339929,0.000248534,0.014469092,0.996815264,0.001574246,0.00019193,0.000398675,0.00254355,0.002275036,0.000399488,0.004442066,0.00031648,0.00029201,0.000448989,0.000379382,0.000843254,0.001077702,0.000533787,0.000321493,0.001572742,0.000772454,0.000259261,0.000180528,0.000853522,0.001954606,0.000175191,0,0,0,0,0,1,0,0,0,0,0,0,0,0,0,0,0,0,0,0,0,0,0,0,0,0,0,0
ast_early_fusion,416029_2,Footsteps,"Footsteps,Plane",Footsteps,0.991350174,-8.391011238,-6.160272121,-9.779076576,-9.065709114,-2.536365271,-7.759686947,-8.229937553,-10.94314957,-6.59791851,-7.085463524,4.741525173,-3.51227951,-7.885624409,-7.267511368,-10.5449152,-7.978771687,-7.532939911,4.343448639,-8.995465279,-8.128787994,-8.134180069,-5.804513931,-10.00631428,-10.36309719,-9.555118561,-8.808888435,-5.188664913,-10.52591133,0.000226846,0.002107229,5.66E-05,0.000115548,0.073347837,0.000426408,0.000266482,1.77E-05,0.001361347,0.000836486,0.991350174,0.028964853,0.00037597,0.00069736,2.63E-05,0.000342543,0.000534876,0.987174928,0.000123955,0.000294838,0.000293253,0.003004863,4.51E-05,3.16E-05,7.08E-05,0.000149377,0.005548493,2.68E-05,0,0,0,0,0,0,0,0,0,0,1,0,0,0,0,0,0,1,0,0,0,0,0,0,0,0,0,0
ast_early_fusion,417007_3,Waves,Waves,Waves,0.997995019,-7.573325157,-6.830526829,-6.144492149,-8.509093285,-5.777792454,-8.060184479,-7.524230957,-8.569900513,-7.598617077,-5.63115406,-7.227256298,-7.347215176,-8.24710083,-8.638366699,-8.967587471,-8.062813759,-8.47576046,-7.815652847,-7.533625126,-8.066688538,-8.325119019,-6.614470959,-8.527671814,-8.811566353,-8.993754387,-8.099909782,6.210083008,-8.208003044,0.000513717,0.001079123,0.002140673,0.000201586,0.003085988,0.000315769,0.000539552,0.000189696,0.000500893,0.003571634,0.000725984,0.000643969,0.000261948,0.000177145,0.000127459,0.00031494,0.000208417,0.000403209,0.00053451,0.000313722,0.000242293,0.001339029,0.000197876,0.000148977,0.000124168,0.000303474,0.997995019,0.00027239,0,0,0,0,0,0,0,0,0,0,0,0,0,0,0,0,0,0,0,0,0,0,0,0,0,0,1,0
ast_early_fusion,417007_4,Waves,Waves,Waves,0.998022795,-7.972032547,-6.363332272,-6.419362068,-9.115383148,-6.850689888,-7.491744518,-7.727656364,-8.328278542,-7.63463068,-6.795192242,-7.589593887,-7.696035862,-8.025337219,-8.54676342,-8.49720192,-8.201853752,-8.572827339,-7.795599461,-7.924033642,-7.730817318,-8.357711792,-6.663683891,-8.484664917,-9.248682976,-9.227466583,-7.78915596,6.224059582,-7.346038818,0.000344858,0.001720648,0.001627044,0.000109949,0.001057605,0.000557358,0.000440281,0.000241529,0.000483184,0.001117892,0.000505431,0.000454419,0.000326963,0.000194135,0.000203997,0.00027407,0.000189141,0.000411373,0.000361808,0.000438892,0.000234525,0.001274808,0.00020657,9.62E-05,9.83E-05,0.000414031,0.998022795,0.000644727,0,0,0,0,0,0,0,0,0,0,0,0,0,0,0,0,0,0,0,0,0,0,0,0,0,0,1,0
ast_early_fusion,417022_2,Waves,Waves,Waves,0.997549236,-7.804891109,-6.340360165,-5.389017582,-8.682870865,-6.863869667,-7.791999817,-7.383903027,-8.450972557,-6.896773815,-6.456254959,-7.059222698,-7.280440331,-7.569704533,-8.241265297,-8.584046364,-7.954609394,-8.418575287,-7.645284176,-7.610744476,-7.305139542,-7.960631371,-6.377941132,-8.436143875,-8.635037422,-8.68620491,-7.788085461,6.008912563,-7.430745602,0.00040757,0.001760562,0.0045457,0.000169435,0.001043772,0.000412856,0.000620786,0.000213647,0.001010021,0.001568204,0.000858708,0.000688408,0.000515579,0.000263481,0.000187032,0.000350917,0.00022068,0.000478066,0.000494858,0.000671624,0.000348811,0.001695736,0.000216838,0.000177735,0.000168871,0.000414474,0.997549236,0.000592394,0,0,0,0,0,0,0,0,0,0,0,0,0,0,0,0,0,0,0,0,0,0,0,0,0,0,1,0
ast_early_fusion,417541_2,"Musical instrument,Speech","Musical instrument,Speech",Speech,0.998814344,-6.403036118,-6.666903496,-8.470973015,-8.588328362,-7.073949337,-7.877789497,-8.745861053,-9.055909157,-7.916117191,-7.077687263,-6.705223083,-8.779905319,-9.297599792,-6.816707134,-9.114935875,-5.460486412,5.350056648,-5.511950016,-7.15726757,-4.16870451,-9.188930511,6.736225605,-7.309653759,-8.711172104,-9.279958725,-7.765764236,-7.992316246,-10.49856949,0.001653781,0.001270716,0.000209417,0.000186233,0.000846165,0.000378926,0.000159093,0.000116686,0.000364683,0.000843011,0.001223002,0.000153769,9.16E-05,0.001094123,0.000109998,0.004233489,0.995274544,0.004021983,0.000778574,0.015236547,0.000102154,0.998814344,0.000668601,0.000164708,9.33E-05,0.000423826,0.000337936,2.76E-05,0,0,0,0,0,0,0,0,0,0,0,0,0,0,0,0,1,0,0,0,0,1,0,0,0,0,0,0
ast_early_fusion,417649_2,"Car,Speech","Car,Speech",Speech,0.994541943,-6.895046234,-4.180700779,-6.0044837,-7.10897398,0.08945886,-7.521759987,-10.24389553,-9.969602585,-10.45699596,-7.537690639,-6.486531734,-8.405768394,-8.241107941,-9.142075539,-9.656089783,-3.792843103,-5.006234646,-9.201503754,-4.196760654,-7.423544884,-8.81836319,5.205183983,-7.895620823,-6.464358807,-7.799693108,-0.572730958,-6.353082657,-10.42853832,0.001011765,0.015057592,0.002461589,0.000817065,0.522349834,0.000540887,3.56E-05,4.68E-05,2.87E-05,0.000532343,0.001521506,0.000223524,0.000263523,0.000107053,6.40E-05,0.022034973,0.00665153,0.000100877,0.014821256,0.000596673,0.000147968,0.994541943,0.000372232,0.001555566,0.000409693,0.360606909,0.001738344,2.96E-05,0,0,0,0,1,0,0,0,0,0,0,0,0,0,0,0,0,0,0,0,0,1,0,0,0,0,0,0
ast_early_fusion,417649_4,Speech,Speech,Speech,0.998426437,-6.449829578,-6.475887299,-6.925363064,-9.153687477,-6.328093529,-7.41111517,-7.319369793,-8.372504234,-7.243222713,-7.120506287,-8.2311306,-8.093741417,-7.452284813,-5.075633049,-7.744198322,-7.302834511,-5.752130508,-7.458045006,-6.439442635,-6.208601475,-7.158969879,6.452823639,-7.997458935,-8.32068634,-7.954878807,-6.168669224,-7.270414829,-7.787996769,0.001578297,0.001537763,0.000981582,0.000105818,0.001782252,0.000604131,0.000662141,0.000231083,0.000714493,0.000807705,0.000266164,0.000305352,0.000579778,0.006208346,0.000433061,0.000673173,0.003165952,0.00057645,0.001594749,0.002008009,0.000777251,0.998426437,0.000336203,0.000243369,0.000350823,0.002089645,0.000695339,0.000414511,0,0,0,0,0,0,0,0,0,0,0,0,0,0,0,0,0,0,0,0,0,1,0,0,0,0,0,0
ast_early_fusion,420537_3,Waves,Waves,Waves,0.997183263,-7.494353771,-6.57054615,-4.950090408,-8.756654739,-7.01872921,-7.695920944,-7.737639427,-8.611854553,-6.619692802,-6.44511795,-7.016039848,-7.794320583,-7.757302284,-8.379890442,-8.372153282,-7.841649532,-8.295207977,-7.574874401,-7.105113029,-7.952058315,-8.189311981,-6.241024971,-8.199995995,-8.736242294,-9.233563423,-7.600948811,5.869345665,-7.9912076,0.000555907,0.001399072,0.007032956,0.000157386,0.000894162,0.000454471,0.00043591,0.000181903,0.001332064,0.001585739,0.000896568,0.000411899,0.000427426,0.000229382,0.000231164,0.000392866,0.000249648,0.000512922,0.000820224,0.000351813,0.000277528,0.001944071,0.000274579,0.000160631,9.77E-05,0.000499727,0.997183263,0.000338311,0,0,0,0,0,0,0,0,0,0,0,0,0,0,0,0,0,0,0,0,0,0,0,0,0,0,1,0
ast_early_fusion,421831_0,"Siren,Truck",Siren,Siren,0.998052835,-7.765572548,-5.244040489,-9.02879715,-9.196577072,-3.748688221,-7.566679001,-9.731738091,-6.583266258,-7.966734409,-9.313867569,-7.95627594,-12.93694115,-9.52104187,-8.20211792,-9.513743401,-8.928356171,-8.247636795,-7.652647495,-3.936161995,-10.02378273,6.23944521,-6.318681717,-8.327801704,-8.191716194,-9.838926315,-3.635959864,-6.886168957,-9.828118324,0.000423907,0.005251164,0.000119892,0.000101376,0.023006838,0.00051714,5.94E-05,0.001381413,0.000346689,9.02E-05,0.000350333,2.41E-06,7.33E-05,0.000273997,7.38E-05,0.000132558,0.000261808,0.00047456,0.019149151,4.43E-05,0.998052835,0.001799075,0.000241644,0.000276862,5.33E-05,0.025681688,0.001020778,5.39E-05,0,0,0,0,0,0,0,0,0,0,0,0,0,0,0,0,0,0,0,0,1,0,0,0,0,0,0,0
ast_early_fusion,422973_1,Speech,Speech,Speech,0.998475969,-7.384505272,-6.270699978,-7.612047195,-9.042480469,-7.340907574,-7.700451851,-7.626042843,-8.03102684,-7.638206959,-7.331616402,-6.767063618,-7.833986759,-7.7587924,-7.21659565,-8.182972908,-7.760242462,-8.244426727,-7.946593761,-7.055547237,-7.775175571,-8.116999626,6.484834194,-7.784219742,-8.724057198,-9.021146774,-7.842870235,-7.48651123,-8.770709991,0.000620413,0.001887336,0.000494214,0.000118263,0.000648042,0.000452418,0.000487349,0.000325108,0.000481459,0.000654087,0.001149746,0.000395887,0.00042679,0.000733759,0.000279292,0.000426172,0.00026265,0.00035374,0.000861867,0.000419857,0.000298334,0.998475969,0.000416079,0.0001626,0.000120813,0.000392387,0.000560281,0.000155189,0,0,0,0,0,0,0,0,0,0,0,0,0,0,0,0,0,0,0,0,0,1,0,0,0,0,0,0
ast_early_fusion,422973_2,Speech,Speech,Speech,0.99815625,-7.003399849,-6.739499569,-7.624535084,-9.311488152,-8.064981461,-7.647762775,-7.488079071,-7.815079212,-6.63580513,-7.13602829,-7.852238178,-8.359733582,-7.653140545,-6.334103107,-7.675163746,-4.595832825,-7.189249992,-6.820354462,-6.073021889,-2.302546501,-8.604535103,6.294081688,-8.131234169,-8.240748405,-9.35657692,-8.442144394,-7.585374832,-8.819740295,0.000907962,0.001181841,0.000488084,9.04E-05,0.000314258,0.000476883,0.000559404,0.00040344,0.001310801,0.000795274,0.000388729,0.000234052,0.000474326,0.001771593,0.000463999,0.009992944,0.000754086,0.001090144,0.002298902,0.090912282,0.000183239,0.99815625,0.000294118,0.000263617,8.64E-05,0.000215541,0.000507567,0.000147765,0,0,0,0,0,0,0,0,0,0,0,0,0,0,0,0,0,0,0,0,0,1,0,0,0,0,0,0
ast_early_fusion,422998_2,Musical instrument,Musical instrument,Musical instrument,0.994093001,-7.555127144,-6.608247757,-6.864397049,-7.348626614,-6.331393719,-6.680727482,-6.601152897,-7.236028194,-7.775369167,-6.178285122,-6.253867626,-8.141721725,-7.288267136,-7.109217644,-6.782557011,-7.179632187,5.125696182,-7.490962982,-6.018158436,-4.952732563,-7.160959721,-5.155446529,-5.392517567,-7.815745354,-9.470900536,-5.046151161,-6.923015118,-8.848245621,0.000523146,0.001347376,0.001043222,0.000643062,0.001776391,0.001253292,0.001356957,0.000719648,0.000419776,0.002069689,0.001919312,0.000291051,0.000683045,0.000816867,0.00113209,0.000761368,0.994093001,0.000557794,0.002428237,0.007014528,0.000775707,0.005734826,0.004529889,0.000403171,7.71E-05,0.006392917,0.000983887,0.000143613,0,0,0,0,0,0,0,0,0,0,0,0,0,0,0,0,1,0,0,0,0,0,0,0,0,0,0,0
ast_early_fusion,423163_0,Speech,"Shout or scream,Speech",Speech,0.99748528,-6.908037663,-7.102242947,-7.82712698,-9.464886665,-7.025877953,-8.092337608,-7.31863451,-8.136919975,-8.129655838,-8.027721405,-5.901077747,-8.346244812,-8.692865372,-5.182515621,-7.896612167,-7.82705164,-8.421500206,-8.0831604,0.425921947,-6.143768787,-8.535968781,5.983072281,-8.345019341,-7.512792587,-9.703010559,-7.978013515,-6.475773335,-9.886953354,0.000998719,0.000822579,0.000398611,7.75E-05,0.000887798,0.00030578,0.000662628,0.000292451,0.000294583,0.000326184,0.002729026,0.00023723,0.00016775,0.005582527,0.000371863,0.000398641,0.000220036,0.000308599,0.604899406,0.002142218,0.000196241,0.99748528,0.00023752,0.000545756,6.11E-05,0.000342802,0.001537938,5.08E-05,0,0,0,0,0,0,0,0,0,0,0,0,0,0,0,0,0,0,1,0,0,1,0,0,0,0,0,0
ast_early_fusion,423163_2,Truck,Speech,Speech,0.980352998,-4.305850983,-3.991514921,-6.885751724,-5.590786934,-3.624256849,-6.790166378,-4.489981651,-7.362546444,-6.546577454,-7.227681637,-2.965631962,-8.630530357,-6.555913925,-4.440667629,-7.122244358,-4.195408344,-1.885268688,-6.825945377,-7.327038765,-4.899422646,-2.665575266,3.909985542,-5.840636253,-6.629554749,-6.538861275,-6.623625278,-6.889956951,-9.200615883,0.013309859,0.018136693,0.001021203,0.003718213,0.025976155,0.001123518,0.011096339,0.000634178,0.001432962,0.000725675,0.049002882,0.000178538,0.001419665,0.011650726,0.000806303,0.014841015,0.131784871,0.001084073,0.000657086,0.007395779,0.0650355,0.980352998,0.002898566,0.001319009,0.001444046,0.001326843,0.001016923,0.000100967,0,0,0,0,0,0,0,0,0,0,0,0,0,0,0,0,0,0,0,0,0,1,0,0,0,0,0,0
ast_early_fusion,423299_1,"Bird sounds,Tram","Bird sounds,Car",Bird sounds,0.996567488,-5.299725533,5.671042919,-7.959531784,-7.260389328,2.978023291,-6.483158588,-6.89883852,-7.780249119,-6.211146832,-7.196806431,-5.910253048,-7.234898567,-6.540372849,-8.672272682,-7.757074356,-6.667777538,-7.617030144,-5.063016415,-6.537632942,-6.273605347,-6.386656284,-6.260126114,-6.564849377,-4.992970943,-7.087052345,-7.349172592,-7.020206451,-8.294440269,0.004968158,0.996567488,0.000349195,0.000702341,0.951571405,0.001526639,0.00100794,0.000417733,0.002002915,0.000748413,0.002704168,0.000720461,0.001441868,0.00017124,0.000427523,0.001269607,0.000491759,0.006286675,0.001445818,0.001881871,0.001681047,0.00190736,0.001407054,0.006739743,0.00083516,0.000642711,0.000892843,0.00024984,0,1,0,0,1,0,0,0,0,0,0,0,0,0,0,0,0,0,0,0,0,0,0,0,0,0,0,0
ast_early_fusion,423307_0,"Dog,Footsteps",Footsteps,Footsteps,0.972552419,-7.288764477,-6.892572403,-8.384595871,-8.131855965,-7.049655437,-6.056642056,-3.243216991,-7.50819397,-7.679970264,-3.427758455,3.567648172,-7.323147297,-7.474345207,-6.391682148,-6.595042706,-6.950858593,-6.796839714,-5.68749094,-6.664986134,-6.842483521,-7.164175034,-5.175266743,-7.000034809,-7.241018295,-8.700616837,-8.289613724,-4.916638374,-8.427371979,0.000682705,0.001014269,0.000228306,0.000293936,0.000866956,0.00233678,0.037571389,0.00054827,0.000461775,0.031439114,0.972552419,0.000659646,0.000567135,0.001672633,0.001365262,0.000956896,0.001116054,0.003376643,0.001273151,0.001066311,0.000773219,0.005622912,0.000911019,0.000716069,0.000166455,0.000251048,0.007270462,0.000218748,0,0,0,0,0,0,0,0,0,0,1,0,0,0,0,0,0,0,0,0,0,0,0,0,0,0,0,0
ast_early_fusion,424777_0,"Musical instrument,Singing","Musical instrument,Singing",Singing,0.997079611,-7.496543407,-7.048206329,-8.632892609,-10.10595894,-8.969723701,-8.874404907,-10.2077055,-7.263738632,-7.860982418,-8.65681839,-7.432004452,-10.7668829,-9.245890617,-5.128338337,-8.885094643,-2.99828577,3.315778971,-8.151324272,-6.799558163,5.833107471,-9.883942604,-1.556122422,-8.545990944,-10.08718204,-10.5718956,-8.771847725,-7.910305977,-11.41830444,0.000554692,0.000868212,0.000178117,4.08E-05,0.000127187,0.000139905,3.69E-05,0.000699994,0.000385346,0.000173907,0.000591649,2.11E-05,9.65E-05,0.005891484,0.000138418,0.047503375,0.964966118,0.00028827,0.001113027,0.997079611,5.10E-05,0.174203768,0.000194285,4.16E-05,2.56E-05,0.000155013,0.000366808,1.10E-05,0,0,0,0,0,0,0,0,0,0,0,0,0,0,0,0,1,0,0,1,0,0,0,0,0,0,0,0
ast_early_fusion,424777_1,"Musical instrument,Singing","Musical instrument,Singing,Speech",Musical instrument,0.98574698,-6.20361948,-7.133283615,-8.042964935,-9.745874405,-9.550388336,-9.011668205,-9.205447197,-8.416705132,-6.988452911,-8.589893341,-6.909436703,-9.312592506,-8.954969406,-4.770102024,-8.528141975,-1.863170147,4.236424923,-7.135801315,-6.450031281,2.342298031,-9.299191475,3.314142704,-8.015852928,-9.502677917,-10.20885372,-8.335289001,-8.143753052,-10.54439545,0.002018018,0.000797458,0.000321251,5.85E-05,7.12E-05,0.000121963,0.00010048,0.000221093,0.000921622,0.000185941,0.000997324,9.03E-05,0.000129077,0.008408218,0.000197783,0.134333968,0.98574698,0.000795454,0.001577979,0.912320077,9.15E-05,0.964910865,0.000330077,7.46E-05,3.68E-05,0.000239842,0.00029046,2.63E-05,0,0,0,0,0,0,0,0,0,0,0,0,0,0,0,0,1,0,0,1,0,1,0,0,0,0,0,0
ast_early_fusion,426608_3,Train,Train,Train,0.886240363,-6.159138203,-4.743458271,-6.885066509,-7.100158215,-4.244825363,-7.922634602,-6.380712509,-7.71774435,-6.745048046,-5.720368385,-7.449277878,-8.040119171,-7.429974556,-7.828312397,-3.539458036,-5.769286156,-9.353924751,-8.854734421,-7.519061565,-6.387705803,-6.990508556,-3.455720663,2.052900553,-6.856009483,-7.110446453,-5.860925674,-5.599456787,-8.347745895,0.002109614,0.008633295,0.001021903,0.000824294,0.014135559,0.000362315,0.001691051,0.000444665,0.001175309,0.003267789,0.000581523,0.000322167,0.000592851,0.000398138,0.028210141,0.003112269,8.66E-05,0.000142684,0.000542347,0.001679286,0.000919732,0.030598715,0.886240363,0.001052,0.000815864,0.002840514,0.003686235,0.000236874,0,0,0,0,0,0,0,0,0,0,0,0,0,0,0,0,0,0,0,0,0,0,1,0,0,0,0,0
ast_early_fusion,427384_1,"Bus,Car,Vehicle horn",Speech,Speech,0.997333646,-3.546059132,-5.717135429,-8.432671547,-3.364298105,-6.808620453,-7.068747044,-7.345290661,-7.519587517,-7.746227264,-7.69224453,-6.171361923,-6.944127083,-6.751360416,-4.646981716,-6.209667683,-5.725792408,-6.54539299,-6.768978596,-5.623581886,-6.60833025,-7.08031559,5.924372196,-7.072192192,-4.413629055,-7.396502018,-9.209269524,-7.39078474,-8.98521328,0.028029738,0.003278336,0.000217592,0.033430062,0.001102997,0.000850575,0.000645209,0.000542062,0.000432184,0.000456145,0.002084038,0.000963353,0.001167922,0.009499401,0.002005874,0.00325017,0.001434658,0.001147549,0.003598684,0.001347265,0.0008408,0.997333646,0.000847652,0.011966222,0.000613019,0.000100097,0.000616531,0.000125233,0,0,0,0,0,0,0,0,0,0,0,0,0,0,0,0,0,0,0,0,0,1,0,0,0,0,0,0
ast_early_fusion,428103_0,Bird sounds,Bird sounds,Bird sounds,0.99695456,-6.663271427,5.791042805,-5.564151764,-9.055167198,-7.944159508,-6.925199032,-5.404565334,-8.636728287,-6.194902897,-5.16052866,-6.2001791,-7.810816288,-5.932944775,-6.803514004,-7.027705669,-6.384258747,-8.663710594,-8.193200111,-2.523194551,-6.674758434,-7.395435333,-0.286760688,-7.871603966,-8.537343979,-8.408478737,-7.690790653,-5.767190456,-9.063154221,0.001275333,0.99695456,0.003818196,0.000116772,0.000354602,0.000981743,0.004475884,0.000177435,0.002035649,0.005705921,0.002024958,0.000405163,0.002643657,0.001108638,0.000886178,0.001685075,0.000172712,0.000276451,0.074248061,0.001260786,0.000613672,0.428797096,0.000381277,0.000195972,0.000222919,0.000456808,0.003118778,0.000115844,0,1,0,0,0,0,0,0,0,0,0,0,0,0,0,0,0,0,0,0,0,0,0,0,0,0,0,0
ast_early_fusion,428392_2,Siren,"Siren,Speech",Speech,0.994381368,-5.809339046,-7.234594345,-5.928193569,-8.936354637,-7.261501312,-9.865727425,-9.150052071,-6.86160183,-8.141607285,-9.134484291,-7.794548035,-10.73363495,-8.569351196,-6.59262228,-7.259469986,-7.87274313,-5.383993626,-8.301498413,-3.311398506,-8.280357361,2.435135126,5.176021099,-9.61482048,-7.498145103,-9.792318344,-6.260633469,-5.950682163,-10.35409069,0.002990442,0.00072068,0.002656214,0.000131502,0.000701561,5.19E-05,0.000106203,0.00104614,0.000291084,0.000107869,0.000411805,2.18E-05,0.0001898,0.001368566,0.000702986,0.000380843,0.00456849,0.000248083,0.035182215,0.000253382,0.919467568,0.994381368,6.67E-05,0.000553804,5.59E-05,0.001906394,0.0025973,3.19E-05,0,0,0,0,0,0,0,0,0,0,0,0,0,0,0,0,0,0,0,0,1,1,0,0,0,0,0,0
ast_early_fusion,428400_0,Speech,Speech,Speech,0.997540951,-5.962543964,-6.724813938,-7.445415974,-8.418588638,-6.868852615,-8.281690598,-7.884083271,-7.657334328,-7.890655994,-6.517331123,-6.45686245,-7.527582645,-7.609436035,-2.289265871,-8.228967667,-7.070397377,-6.116336823,-7.650026321,-3.589183807,-5.532749653,-6.905325413,6.005533695,-7.546774864,-7.870688438,-8.33016777,-7.488913536,-7.865208149,-8.294507027,0.002566752,0.001199304,0.000583772,0.000220677,0.00103859,0.000253045,0.00037655,0.000472342,0.000374084,0.001475427,0.001567253,0.000537748,0.000495506,0.092015877,0.00026674,0.000849174,0.002201666,0.000475805,0.026878459,0.003939518,0.001001429,0.997540951,0.000527531,0.000381626,0.000241073,0.000558938,0.000383722,0.000249823,0,0,0,0,0,0,0,0,0,0,0,0,0,0,0,0,0,0,0,0,0,1,0,0,0,0,0,0
ast_early_fusion,429175_0,"Bell,Bird sounds","Bell,Bird sounds",Bird sounds,0.995540679,3.935923338,5.40830183,-7.069997311,-9.761773109,-5.548237801,-8.029159546,-7.800264359,-9.565747261,-8.198099136,-6.077169418,-7.834423065,-8.724563599,-6.146918774,-8.827947617,-9.612929344,-6.763379574,-8.543016434,-6.717402458,-7.214357853,-8.035419464,-7.681544781,-5.51832819,-6.189838409,-8.113848686,-8.373044968,-5.432488441,-7.461041451,-8.812580109,0.980846345,0.995540679,0.000849513,5.76E-05,0.003879207,0.000325716,0.000409459,7.01E-05,0.0002751,0.002289409,0.000395714,0.000162517,0.002135495,0.000146557,6.69E-05,0.001153985,0.000194863,0.001208215,0.000735402,0.000323684,0.000461049,0.003996514,0.002045963,0.000299275,0.000230958,0.004353169,0.000574726,0.000148827,1,1,0,0,0,0,0,0,0,0,0,0,0,0,0,0,0,0,0,0,0,0,0,0,0,0,0,0
ast_early_fusion,429181_1,"Bird sounds,Crickets","Bird sounds,Crickets",Crickets,0.994718373,-6.405648232,4.514355183,-6.740911961,-9.220040321,-7.446274757,5.238212585,-4.190063,-7.899065018,-6.645740032,-3.554168224,-6.589761257,-7.684760094,-4.449992657,-8.269452095,-8.63807106,-7.476976395,-7.949360847,-8.290607452,-8.151135445,-8.098794937,-8.197450638,-5.464809895,-7.526394844,-8.059492111,-8.192502022,-6.838594437,-6.70606041,-8.653467178,0.001649474,0.989167929,0.001180175,9.90E-05,0.000583271,0.994718373,0.014919372,0.000370953,0.00129786,0.027809657,0.001372482,0.00045957,0.011543836,0.00025616,0.000177197,0.000565646,0.000352763,0.000250799,0.000288325,0.000303813,0.000275279,0.004215302,0.000538387,0.000315987,0.000276644,0.001070461,0.00122198,0.00017449,0,1,0,0,0,1,0,0,0,0,0,0,0,0,0,0,0,0,0,0,0,0,0,0,0,0,0,0
ast_early_fusion,430993,Train,,Music,0.193892911,-2.947343826,-6.128827572,-5.806337357,-5.327319145,-6.428944111,-5.159148693,-6.331164837,-8.179438591,-7.154595852,-5.374993324,-6.512448788,-6.428858757,-5.011064053,-7.54858923,-4.057051659,-1.424910545,-4.108353615,-7.995382786,-6.490460396,-7.944554806,-5.482791901,-5.170825481,-4.728454113,-2.775943518,-8.596663475,-6.187394619,-5.367035866,-9.190469742,0.049862202,0.002174396,0.002999405,0.004833597,0.001611553,0.005713755,0.001776797,0.000280281,0.000780655,0.004609603,0.001482638,0.00161169,0.006619697,0.000526575,0.017005751,0.193892911,0.016169075,0.000336902,0.00151555,0.000354462,0.004140491,0.005647799,0.008762663,0.058638066,0.000184687,0.002050959,0.004646259,0.000101997,0,0,0,0,0,0,0,0,0,0,0,0,0,0,0,0,0,0,0,0,0,0,0,0,0,0,0,0
ast_early_fusion,431712_2,Dog,Dog,Dog,0.995217562,-8.236949921,-6.940172195,-7.159393787,-8.528326988,-6.457596302,-6.166586399,5.337996006,-8.065752029,-7.323380947,-6.815851688,-6.994794846,-8.876395226,-7.968307972,-8.493731499,-8.998296738,-7.573454857,-8.398836136,-7.898861885,-7.698568821,-7.760878563,-8.181822777,-5.421394825,-6.888421059,-7.962204456,-10.10178185,-8.126781464,-6.346510887,-7.673259258,0.00026462,0.000967167,0.000776922,0.000197746,0.001566105,0.002093993,0.995217562,0.000314016,0.000659492,0.001095059,0.000915801,0.000139627,0.000346145,0.000204706,0.000123605,0.00051365,0.000225079,0.000371028,0.00045327,0.000425901,0.000279613,0.004401517,0.001018484,0.000348263,4.10E-05,0.000295431,0.001749785,0.000464883,0,0,0,0,0,0,1,0,0,0,0,0,0,0,0,0,0,0,0,0,0,0,0,0,0,0,0,0
ast_early_fusion,432373_0,Train,Train,Train,0.662800372,-6.281294346,-5.28029871,-7.2470994,-7.822536469,-7.369583607,-6.902231693,-6.53968811,-6.860298157,-6.388311863,-6.79145956,-6.512609005,-7.218069553,-7.980531216,-7.54848671,-7.717961311,-7.959790707,-7.70612812,-6.301275253,-6.886073589,-7.323872566,-6.801108837,-5.135951996,0.675798714,-0.051525861,-7.700842381,-6.682715416,-6.032837391,-7.744001389,0.001867483,0.005065124,0.00071173,0.000400444,0.000629734,0.001004529,0.001442854,0.001047503,0.00167827,0.001122068,0.0014824,0.000732679,0.000341941,0.000526629,0.000444569,0.000349104,0.000449858,0.001830607,0.001020875,0.000659168,0.001111304,0.005847061,0.662800372,0.487121373,0.000452241,0.001250806,0.002392938,0.000433146,0,0,0,0,0,0,0,0,0,0,0,0,0,0,0,0,0,0,0,0,0,0,1,0,0,0,0,0
ast_early_fusion,432437_0,Flowing water,Flowing water,Flowing water,0.997206748,-7.247026443,-6.787381172,-6.462275505,-8.66484642,-7.74055624,-6.515667915,-7.000238419,-8.71930027,-3.798654556,5.87774229,-7.589676857,-7.959963322,-7.551707745,-8.108641624,-7.717461109,-7.51595068,-8.876952171,-7.321908951,-7.495987415,-8.339946747,-8.065267563,-6.317058086,-8.689571381,-8.184685707,-8.099687576,-7.642724514,-6.557808876,-8.192679405,0.000711782,0.001126648,0.001558805,0.000172516,0.000434641,0.00147788,0.000910834,0.000163375,0.021910084,0.997206748,0.000505389,0.000349044,0.000524937,0.000300837,0.000444791,0.000544036,0.000139549,0.000660463,0.000555,0.000238728,0.000314168,0.001801993,0.000168304,0.000278814,0.000303542,0.00047929,0.001416981,0.000276595,0,0,0,0,0,0,0,0,0,1,0,0,0,0,0,0,0,0,0,0,0,0,0,0,0,0,0,0
ast_early_fusion,433947_0,Siren,"Car,Siren",Car,0.951794147,-6.491849422,-5.027861595,-8.04679966,-5.134387016,2.98286891,-7.050020695,-8.695831299,-8.469644547,-5.676397324,-5.628828049,-7.43537426,-10.47325897,-8.110881805,-7.947859764,-8.446346283,-6.0079813,-7.152136803,-9.124014854,-7.518606663,-7.626327991,2.40677762,-5.985154629,-6.961472511,-7.194829941,-4.578834534,-4.604666233,-6.470424175,-9.869071007,0.001513449,0.006510149,0.000320022,0.005856165,0.951794147,0.000866639,0.000167254,0.000209695,0.003414182,0.003579922,0.00058966,2.83E-05,0.000300164,0.000353293,0.000214637,0.002453015,0.000782576,0.000109004,0.000542594,0.00048721,0.917342663,0.002509511,0.000946803,0.000749893,0.010162518,0.009905932,0.001546174,5.17E-05,0,0,0,0,1,0,0,0,0,0,0,0,0,0,0,0,0,0,0,0,1,0,0,0,0,0,0,0
ast_early_fusion,435469_0,"Car,Insects",Insects,Insects,0.967914045,-6.621273518,-6.380711555,-7.552026749,-7.30470705,-0.118765324,-6.008920193,-7.73432827,-8.610707283,-6.201236248,-6.639575958,-6.342938423,-7.427734375,3.406723499,-8.214622498,-7.429595947,-6.52266407,-8.313019753,-7.146539211,-7.868395805,-7.499736309,-8.468967438,-5.323745251,-6.517878532,-9.011246681,-5.558589458,-7.480366707,-8.90341568,-4.360806465,0.001329963,0.001691053,0.000524769,0.000671915,0.470343471,0.002450719,0.000437355,0.000182112,0.002022823,0.001305874,0.001756037,0.00059418,0.967914045,0.000270593,0.000593075,0.001467591,0.000245242,0.000786965,0.000382501,0.000552924,0.000209837,0.004850818,0.001474621,0.000122015,0.003839412,0.000563733,0.000135905,0.012607117,0,0,0,0,0,0,0,0,0,0,0,0,1,0,0,0,0,0,0,0,0,0,0,0,0,0,0,0
ast_early_fusion,435469_2,"Car,Insects","Car,Waves",Waves,0.858651578,-5.871039391,-4.681032181,-0.474615872,-7.411252975,0.465635419,-6.556562424,-5.883369923,-8.325050354,-6.686205387,-3.50036335,-4.736158848,-5.720982075,-4.584231853,-7.695247173,-7.621393681,-6.659803867,-5.882910728,-6.340184689,-7.38710165,-6.501965523,-7.488483429,-6.647690773,-8.227931976,-7.808111668,-7.521697044,-5.460337162,1.804135561,-7.560659885,0.002812011,0.009184308,0.383524328,0.000604048,0.6143502,0.001418746,0.002777646,0.00024231,0.001246454,0.029301893,0.008695994,0.003265791,0.010108368,0.000454778,0.000489619,0.001279758,0.002778918,0.00176087,0.000618805,0.001498239,0.000559178,0.001295334,0.000267017,0.00040626,0.000540921,0.004234118,0.858651578,0.000520261,0,0,0,0,1,0,0,0,0,0,0,0,0,0,0,0,0,0,0,0,0,0,0,0,0,0,1,0
ast_early_fusion,435874,Vehicle horn,"Boat,Vehicle horn",Boat,0.979711235,-7.798220634,-7.108990192,3.877188206,-8.662573814,-9.168598175,-7.104310513,-8.901362419,-8.857915878,-7.21302557,-6.812227249,-7.93576622,-9.455953598,-7.179498672,-7.691395283,-6.952149391,-8.232364655,-7.136916637,-6.993518829,-7.737334251,-8.483408928,-7.554400921,-5.090390682,-5.918421745,-7.883089066,-7.939249516,0.497907728,-5.932050705,-8.743348122,0.000410296,0.000817052,0.979711235,0.000172909,0.000104252,0.000820882,0.000136185,0.000142231,0.000736381,0.00109903,0.00035759,7.82E-05,0.000761469,0.000456532,0.000955663,0.000265836,0.000794568,0.00091697,0.000436043,0.000206829,0.000523526,0.006117954,0.002682228,0.000376924,0.000356347,0.621967554,0.002646015,0.000159493,0,0,1,0,0,0,0,0,0,0,0,0,0,0,0,0,0,0,0,0,0,0,0,0,0,1,0,0
ast_early_fusion,435969_2,"Boat,Waves","Boat,Waves",Boat,0.993194461,-7.829054832,-6.586592197,4.98319912,-8.754968643,-7.808448792,-8.126404762,-8.991204262,-8.688380241,-7.168228626,-6.597841263,-7.388069153,-7.518371582,-9.011418343,-8.653237343,-8.346991539,-8.166777611,-8.503738403,-6.330472946,-7.083233833,-6.838927746,-8.883993149,-6.453913212,-9.410403252,-8.398694038,-8.722753525,-6.945032597,4.941271782,-8.206686974,0.000397843,0.001376832,0.993194461,0.000157651,0.000406123,0.000295542,0.000124485,0.000168504,0.000770093,0.001361452,0.000618207,0.000542721,0.000121994,0.00017453,0.000237053,0.000283851,0.000202668,0.001778024,0.000838352,0.001070105,0.00013857,0.001571875,8.19E-05,0.00022511,0.000162812,0.000962482,0.9929052,0.000272749,0,0,1,0,0,0,0,0,0,0,0,0,0,0,0,0,0,0,0,0,0,0,0,0,0,0,1,0
ast_early_fusion,435969_4,"Boat,Waves","Boat,Waves",Boat,0.980335832,-6.927064419,-5.326211929,3.909098148,-9.285074234,-8.069496155,-7.258770943,-7.884151936,-9.25352478,-6.008315563,-4.403719425,-7.40621233,-7.39978981,-9.10849762,-7.614247799,-7.589657307,-7.360033512,-7.741427898,-1.934656024,-7.26639843,-7.210728645,-8.126861572,-6.668461323,-7.998370171,-8.39190197,-6.846775055,-5.769104004,1.615111709,-8.196967125,0.000979915,0.004838925,0.980335832,9.28E-05,0.000312843,0.000703478,0.000376524,9.58E-05,0.002452197,0.012083951,0.000607098,0.000611008,0.000110709,0.000493128,0.000505399,0.000635773,0.000434262,0.126236126,0.000698136,0.000738074,0.000295407,0.00126874,0.000335897,0.000226644,0.001061749,0.003112834,0.834119916,0.000275412,0,0,1,0,0,0,0,0,0,0,0,0,0,0,0,0,0,0,0,0,0,0,0,0,0,0,1,0
ast_early_fusion,436018_3,Flowing water,Flowing water,Flowing water,0.995820761,-6.808805466,-6.736931801,-6.299296379,-8.751932144,-7.196546078,-7.113882065,-7.381989479,-8.741684914,-6.131049156,5.473447323,-7.056294918,-7.888741493,-7.602378368,-8.046203613,-7.701406956,-7.643292904,-8.455442429,-7.233468056,-7.523946285,-8.377537727,-7.793099403,-6.030591965,-8.301785469,-8.418934822,-8.312422752,-7.44853735,-6.243169785,-8.214763641,0.001102793,0.001184876,0.001834227,0.00015813,0.000748608,0.000813068,0.000621974,0.000159759,0.002169581,0.995820761,0.000861223,0.000374801,0.000499013,0.000320213,0.000451986,0.000479018,0.000212694,0.000721492,0.000539706,0.000229923,0.000412402,0.002398305,0.000248012,0.000220601,0.000245388,0.000581954,0.001939914,0.000270555,0,0,0,0,0,0,0,0,0,1,0,0,0,0,0,0,0,0,0,0,0,0,0,0,0,0,0,0
ast_early_fusion,436018_5,Flowing water,Flowing water,Flowing water,0.995082736,-6.916647911,-6.936089993,-6.363399506,-8.629646301,-7.303122044,-7.140110016,-7.375198841,-9.156131744,-5.916224003,5.310065269,-6.54446125,-7.354674816,-7.275671482,-7.961197853,-7.372572422,-7.296803951,-8.438669205,-6.868354321,-7.481388569,-8.5403862,-7.869749546,-6.064530849,-8.427037239,-8.313218117,-8.181106567,-7.7352705,-6.225877285,-7.976975441,0.000990165,0.000971119,0.001720532,0.000178696,0.00067298,0.000792037,0.00062621,0.000105559,0.002688113,0.995082736,0.001435994,0.000639187,0.000691696,0.000348614,0.000627856,0.000677242,0.000216291,0.001039107,0.000563157,0.000195377,0.000381984,0.00231846,0.000218821,0.000245193,0.000279814,0.000436943,0.001973685,0.000343158,0,0,0,0,0,0,0,0,0,1,0,0,0,0,0,0,0,0,0,0,0,0,0,0,0,0,0,0
ast_early_fusion,436032_0,"Bell,Bird sounds","Bell,Bird sounds",Bird sounds,0.996505141,4.62063694,5.652966976,-7.914722443,-10.57175636,-6.911016464,-7.69099474,-7.576162338,-10.08567619,-8.473151207,-5.639092922,-7.154641151,-8.776860237,-6.776323795,-8.299999237,-9.593718529,-7.379669666,-7.352656841,-7.447794437,-7.763568878,-7.704274654,-8.536907196,-5.571753025,-5.936731815,-7.575463772,-9.2380867,-7.425869465,-8.684456825,-9.25677681,0.990249455,0.996505141,0.000365192,2.56E-05,0.000995752,0.000456715,0.000512262,4.17E-05,0.000208962,0.003543492,0.00078062,0.000154238,0.001139161,0.000248455,6.82E-05,0.000623418,0.000640477,0.000582386,0.000424757,0.000450692,0.000196057,0.003789392,0.002633691,0.00051262,9.73E-05,0.000595288,0.000169167,9.55E-05,1,1,0,0,0,0,0,0,0,0,0,0,0,0,0,0,0,0,0,0,0,0,0,0,0,0,0,0
ast_early_fusion,436040_3,"Bird sounds,Plane","Bird sounds,Plane",Bird sounds,0.994669139,-7.217792511,5.228910446,-7.308018684,-8.76570797,-4.183871269,-7.967648983,-8.206664085,-10.11128902,-7.180071354,-8.082957268,-3.950200081,-7.626864433,-7.697936058,-6.717206478,-8.877595901,-7.376258373,-5.29283762,4.584671974,-6.048398018,-8.049612999,-7.363412857,-3.226665258,-7.52225399,-9.08911705,-6.399121761,-5.766382694,-6.734118462,-9.199355125,0.000732882,0.994669139,0.000669695,0.000155967,0.015010645,0.000346373,0.000272755,4.06E-05,0.000761034,0.000308661,0.018887253,0.000486949,0.000453557,0.001208451,0.00013946,0.000625547,0.005002324,0.989896059,0.002356078,0.000319124,0.000633629,0.038174503,0.00054062,0.000112875,0.001660256,0.00312129,0.00118821,0.000101094,0,1,0,0,0,0,0,0,0,0,0,0,0,0,0,0,0,1,0,0,0,0,0,0,0,0,0,0
ast_early_fusion,436184_4,"Bird sounds,Falling water/Rain,Flowing water",Flowing water,Flowing water,0.99533385,-6.496256351,-3.486387014,-5.342139244,-8.56402874,-6.639798641,-7.347428799,-7.373171806,-9.486083984,-3.718591213,5.36273241,-6.140946388,-8.011343002,-7.084905624,-8.776668549,-8.05235672,-7.337769985,-9.019780159,-5.998296738,-7.464727879,-8.730528831,-8.537986755,-5.714586258,-8.769545555,-7.462076664,-8.256262779,-8.107390404,-2.49183321,-9.634950638,0.001506804,0.029702054,0.004762829,0.000190812,0.001305584,0.000643832,0.00062748,7.59E-05,0.023693144,0.99533385,0.00214826,0.000331569,0.000836953,0.000154267,0.000318249,0.000650077,0.000120978,0.002476828,0.000572613,0.000161551,0.000195846,0.003286677,0.00015537,0.000574132,0.00025956,0.000301213,0.076432683,6.54E-05,0,0,0,0,0,0,0,0,0,1,0,0,0,0,0,0,0,0,0,0,0,0,0,0,0,0,0,0
ast_early_fusion,436185_0,Footsteps,Footsteps,Footsteps,0.980226994,-6.716179848,-4.380457401,-7.148377895,-8.543650627,-6.713394165,-5.662145615,-6.859138489,-7.630528927,-7.170178413,-2.499038458,3.903464794,-6.468423843,-7.096693039,-7.013775826,-8.072242737,-6.871630192,-7.978066921,-6.909276009,-7.624506474,-8.48238945,-7.445522308,-6.537114143,-6.802523136,-7.8428936,-8.614924431,-7.301111698,-2.968882561,-7.987236977,0.001209691,0.012364828,0.000785521,0.00019474,0.001213062,0.003463019,0.001048717,0.000485169,0.000768594,0.075925611,0.980226994,0.001549265,0.000827153,0.000898598,0.000311985,0.001035712,0.000342784,0.000997484,0.000488098,0.00020704,0.00058371,0.001446567,0.001109736,0.000392378,0.000181346,0.000674333,0.048851617,0.000339656,0,0,0,0,0,0,0,0,0,0,1,0,0,0,0,0,0,0,0,0,0,0,0,0,0,0,0,0
ast_early_fusion,436185_3,Footsteps,Waves,Waves,0.938097537,-5.633895397,-6.246341705,-2.356789589,-6.640517235,-5.799114227,-6.452045441,-6.948552608,-6.997023106,-7.261639118,-0.467390478,-4.450742245,-5.442098618,-5.707192898,-8.238806725,-7.632603168,-6.725565434,-8.352199554,-7.237971306,-6.987407207,-7.36717844,-7.254466534,-6.031968117,-8.115172386,-6.898172379,-8.238196373,-6.326746941,2.718293905,-8.174968719,0.003561891,0.001933782,0.086527608,0.001304647,0.003021083,0.001574809,0.000959103,0.000913765,0.000701464,0.385234088,0.011535285,0.004311714,0.003310986,0.00026413,0.000484164,0.001198404,0.000235822,0.000718252,0.000922586,0.000631249,0.00070651,0.002395015,0.000298879,0.001008611,0.000264291,0.00178465,0.938097537,0.000281536,0,0,0,0,0,0,0,0,0,0,0,0,0,0,0,0,0,0,0,0,0,0,0,0,0,0,1,0
ast_early_fusion,436400_2,"Boat,Waves","Boat,Waves",Boat,0.994279504,-7.750144005,-6.48625803,5.157963276,-8.615276337,-7.783191681,-8.064202309,-8.954325676,-8.794563293,-7.634257317,-5.758405209,-7.786281586,-8.327471733,-8.51705265,-9.0490942,-8.563726425,-8.170170784,-8.864338875,-7.342702866,-6.949324131,-7.35253191,-8.08454895,-6.107262135,-9.470621109,-8.17137146,-9.064580917,-6.213274002,5.017659187,-9.183214188,0.000430495,0.001521922,0.994279504,0.000181282,0.000416507,0.000314503,0.00012916,0.000151532,0.000483364,0.003146211,0.000415222,0.000241724,0.000199988,0.000117484,0.00019087,0.00028289,0.00014132,0.00064688,0.000958364,0.000640557,0.000308171,0.002221692,7.71E-05,0.00028255,0.000115678,0.001998667,0.993423462,0.000102739,0,0,1,0,0,0,0,0,0,0,0,0,0,0,0,0,0,0,0,0,0,0,0,0,0,0,1,0
ast_early_fusion,436425_1,Footsteps,Footsteps,Footsteps,0.996800303,-7.232456684,-7.15913105,-7.9514184,-8.17549324,-7.12678957,-7.230557919,-7.498065948,-8.303724289,-6.839470863,-6.439100742,5.741493225,-7.038794041,-8.136537552,-7.821275234,-8.095888138,-7.771904469,-8.43001461,-6.829316139,-7.517673016,-8.324634552,-8.64493084,-6.015690327,-7.959177971,-8.068025589,-9.006436348,-8.398995399,-6.553328514,-9.108241081,0.000722221,0.000777126,0.000352038,0.000281388,0.000802649,0.000723593,0.000553848,0.000247532,0.001069525,0.001595294,0.996800303,0.000876415,0.000292563,0.000400949,0.000304697,0.000421232,0.000218171,0.001080429,0.0005431,0.000242411,0.000175986,0.002434223,0.000349318,0.000313303,0.000122603,0.000225043,0.001423335,0.000110737,0,0,0,0,0,0,0,0,0,0,1,0,0,0,0,0,0,0,0,0,0,0,0,0,0,0,0,0
ast_early_fusion,436837_0,"Bell,Bird sounds,Plane","Bell,Bird sounds,Musical instrument,Speech",Musical instrument,0.990798354,4.056455135,4.497627258,-8.434882164,-10.71053028,-3.373822689,-9.865982056,-8.987739563,-10.05452347,-8.824181557,-8.755435944,-6.178976059,-8.871286392,-8.468215942,-8.209399223,-11.21764851,-6.809984684,4.679127216,-3.449907303,-6.867329121,-6.764772892,-9.515965462,4.188507557,-10.38925266,-9.151102066,-9.585196495,-8.514799118,-8.250598907,-10.95610714,0.982984304,0.988987267,0.000217112,2.23E-05,0.033123665,5.19E-05,0.000124917,4.30E-05,0.00014711,0.000157577,0.002068262,0.000140342,0.000209995,0.00027201,1.34E-05,0.001101495,0.990798354,0.030771622,0.001040171,0.00115238,7.37E-05,0.985057771,3.08E-05,0.000106092,6.87E-05,0.000200439,0.000261034,1.75E-05,1,1,0,0,0,0,0,0,0,0,0,0,0,0,0,0,1,0,0,0,0,1,0,0,0,0,0,0
ast_early_fusion,436837_1,"Bell,Bird sounds,Plane","Bird sounds,Plane",Bird sounds,0.990429521,-0.978817105,4.639458179,-7.96922636,-9.698487282,-7.927501202,-7.425909996,-8.479225159,-10.02429962,-7.663831711,-9.509343147,-6.653163433,-5.264378071,-8.45005703,-7.086815357,-10.02622795,-6.551180363,-1.620829463,3.480078697,-6.039867878,-6.967327118,-10.02616882,-2.460535526,-7.518284321,-8.28359127,-9.398617744,-7.829815865,-6.714464664,-9.990816116,0.273126543,0.990429521,0.000345827,6.14E-05,0.000360557,0.000595264,0.000207696,4.43E-05,0.000469285,7.42E-05,0.001288273,0.00514599,0.000213842,0.000835357,4.42E-05,0.001426391,0.165090516,0.970115602,0.002376214,0.000941281,4.42E-05,0.078671515,0.000542769,0.000252564,8.28E-05,0.000397541,0.001211765,4.58E-05,0,1,0,0,0,0,0,0,0,0,0,0,0,0,0,0,0,1,0,0,0,0,0,0,0,0,0,0
ast_early_fusion,436906_4,Footsteps,Footsteps,Footsteps,0.998607576,-7.630969048,-2.567829132,-9.010965347,-8.360225677,-6.978534222,-6.269891262,-7.328071117,-9.239222527,-8.641786575,-7.209748745,6.575321198,-6.091350079,-7.762869358,-7.708181381,-9.070879936,-8.465726852,-8.642951965,-7.051288128,-7.821818829,-8.645784378,-8.393210411,-6.760216236,-8.155162811,-8.122788429,-9.513158798,-8.53961277,-6.742834568,-9.476345062,0.000484955,0.071237795,0.000122049,0.000233937,0.000930801,0.00188886,0.000656408,9.71E-05,0.00017654,0.000738797,0.998607576,0.002257246,0.000425054,0.000448936,0.000114952,0.000210518,0.000176334,0.000865543,0.000400731,0.000175836,0.000226348,0.001157637,0.000287166,0.000296612,7.39E-05,0.000195528,0.00117791,7.66E-05,0,0,0,0,0,0,0,0,0,0,1,0,0,0,0,0,0,0,0,0,0,0,0,0,0,0,0,0
ast_early_fusion,436911_2,"Falling water/Rain,Flowing water","Falling water/Rain,Flowing water",Falling water/Rain,0.994093001,-7.62705946,-6.171076298,-6.329038143,-8.381580353,-6.565949917,-7.383455753,-7.643871784,-9.128523827,5.125694752,4.927641392,-7.867740154,-7.951702595,-8.562916756,-8.211269379,-8.25353241,-8.256084442,-8.80974102,-7.41671896,-7.45344305,-8.213905334,-7.763386726,-6.311322212,-8.629138947,-7.972203732,-7.20678854,-8.246346474,-7.327441692,-8.917630196,0.000486854,0.002084632,0.001780573,0.000228995,0.001405508,0.000621064,0.000478741,0.000108514,0.994093001,0.99280858,0.000382752,0.000351938,0.000191025,0.000271502,0.00026027,0.000259606,0.00014925,0.000600757,0.000579108,0.000270788,0.000424834,0.00181234,0.000178787,0.000344799,0.000740985,0.000262146,0.000656821,0.000133987,0,0,0,0,0,0,0,0,1,1,0,0,0,0,0,0,0,0,0,0,0,0,0,0,0,0,0,0
ast_early_fusion,436951_0,"Dog,Speech,Vehicle horn",Speech,Speech,0.998730719,-4.655077934,-5.771162987,-7.929577351,-8.231783867,-4.356119156,-7.97816515,-8.050940514,-10.38351727,-8.085990906,-8.23911953,-7.302897453,-10.1885252,-8.042224884,-2.36047554,-10.47415447,-6.545207977,-3.722577095,-7.61367321,-4.886017323,-6.422543049,-4.934457779,6.668036938,-7.864157677,-9.115057945,-7.086333275,-0.383356124,-8.899729729,-9.339968681,0.009423524,0.003106451,0.000359809,0.000265991,0.0126656,0.00034275,0.0003187,3.09E-05,0.000307727,0.000264047,0.000673131,3.76E-05,0.000321489,0.086236715,2.83E-05,0.001434923,0.023601117,0.000493412,0.007494841,0.001621885,0.007142972,0.998730719,0.000384125,0.000109985,0.00083576,0.405317724,0.000136407,8.78E-05,0,0,0,0,0,0,0,0,0,0,0,0,0,0,0,0,0,0,0,0,0,1,0,0,0,0,0,0
ast_early_fusion,436951_2,"Dog,Speech,Train","Laughter,Speech",Speech,0.999435961,-6.634921551,-4.713754654,-8.635362625,-10.12526989,-0.952342689,-8.169653893,-7.321796417,-9.576118469,-8.800009727,-6.455004692,-5.937618256,-9.502383232,-8.629397392,0.438407719,-10.02131462,-9.43461132,-9.18492794,-8.957206726,-0.361966282,-8.199101448,-7.344861984,7.47977972,-9.971358299,-9.299407959,-7.389075279,-8.259422302,-5.045523643,-10.09597015,0.001311958,0.008891267,0.000177678,4.01E-05,0.278413922,0.000283036,0.000660537,6.94E-05,0.000150709,0.001570163,0.002631364,7.47E-05,0.00017874,0.607879579,4.44E-05,7.99E-05,0.000102563,0.000128789,0.410483658,0.000274825,0.000645486,0.999435961,4.67E-05,9.15E-05,0.000617585,0.000258741,0.006396904,4.12E-05,0,0,0,0,0,0,0,0,0,0,0,0,0,1,0,0,0,0,0,0,0,1,0,0,0,0,0,0
ast_early_fusion,436951_3,Speech,"Bird sounds,Speech",Speech,0.99752301,-6.062932014,5.601904869,-7.656021595,-8.016929626,-6.374716282,-7.863275528,-6.60692358,-9.345254898,-7.638458729,-7.052279472,-4.394913673,-7.615262032,-7.655881882,-5.296735764,-9.939717293,-8.453782082,-8.416604996,-7.514567852,-6.140347958,-7.184657097,-7.516517639,5.998239994,-8.352212906,-9.191060066,-7.056368351,-8.354883194,-6.996453762,-9.087044716,0.002322161,0.996322751,0.000472962,0.000329722,0.001701204,0.000384464,0.001349159,8.74E-05,0.000481338,0.000864686,0.012189527,0.000492629,0.000473028,0.00498296,4.82E-05,0.000213048,0.000221115,0.000544789,0.002149543,0.000757555,0.000543728,0.99752301,0.000235818,0.000101936,0.00086116,0.00023519,0.000914285,0.000113109,0,1,0,0,0,0,0,0,0,0,0,0,0,0,0,0,0,0,0,0,0,1,0,0,0,0,0,0
ast_early_fusion,436951_4,Speech,"Bird sounds,Speech",Speech,0.999681115,-8.786366463,1.050375581,-9.85436821,-10.66308308,-0.335257351,-8.034799576,-4.953151703,-8.966654778,-7.972999573,-7.643862247,-5.331041336,-11.23308754,-8.160341263,-5.475348473,-8.682660103,-6.824035645,-9.277289391,-8.111766815,-2.180900812,-7.474029541,-6.796231747,8.050380707,-9.038905144,-9.746415138,-6.62064743,-8.795761108,-7.376451015,-10.88343525,0.000152779,0.740847051,5.25E-05,2.34E-05,0.416961998,0.000323885,0.00701161,0.000127578,0.000344525,0.000478746,0.004815725,1.32E-05,0.000285683,0.004171296,0.000169471,0.001086143,9.35E-05,0.000299898,0.101478763,0.000567314,0.001116732,0.999681115,0.000118687,5.85E-05,0.001330795,0.00015135,0.000625427,1.88E-05,0,1,0,0,0,0,0,0,0,0,0,0,0,0,0,0,0,0,0,0,0,1,0,0,0,0,0,0
ast_early_fusion,436980_2,"Bird sounds,Plane,Vehicle horn","Train,Vehicle horn",Train,0.559658527,-7.825470924,-4.960802555,-2.577446222,-7.678923607,-4.432270527,-7.060183048,-7.529112816,-6.99427557,-9.572098732,-6.960468769,-6.545949459,-6.466686249,-7.095633984,-8.424943924,-6.829348087,-8.808897972,-6.913275719,-4.849910736,-8.269207954,-8.43362999,-8.863083839,-7.01605463,0.239776328,-4.944144249,-7.908326149,0.07128635,-6.741782665,-9.207923889,0.000399271,0.006958541,0.070604123,0.000462259,0.011747817,0.000857884,0.000536926,0.000916277,6.96E-05,0.000947753,0.001433861,0.001551956,0.000828029,0.00021928,0.001080394,0.000149375,0.000993507,0.007768258,0.000256223,0.000217384,0.000141498,0.000896554,0.559658527,0.007074603,0.000367534,0.51781404,0.001179149,0.000100232,0,0,0,0,0,0,0,0,0,0,0,0,0,0,0,0,0,0,0,0,0,0,1,0,0,1,0,0
ast_early_fusion,436998_5,Crickets,Crickets,Crickets,0.998325527,-6.299751759,-3.95663166,-9.02600193,-9.237047195,-3.11958313,6.39058733,-2.705340147,-8.720140457,-7.767227173,-7.158566952,-5.907813549,-8.151288986,-6.853881836,-8.222908974,-8.935198784,-8.007515907,-8.127191544,-7.094797134,-6.298656464,-6.849377155,-8.038908958,-2.565922737,-8.879489899,-8.398920059,-9.364305496,-8.426869392,-5.92711401,-9.969004631,0.001833393,0.018768441,0.000120228,9.74E-05,0.042306658,0.998325527,0.06265898,0.000163238,0.000423206,0.000777564,0.002710755,0.00028828,0.001054238,0.000268361,0.000131654,0.00033284,0.000295309,0.000828722,0.001835399,0.001058993,0.000322557,0.071364038,0.000139196,0.00022506,8.57E-05,0.000218858,0.002659076,4.68E-05,0,0,0,0,0,1,0,0,0,0,0,0,0,0,0,0,0,0,0,0,0,0,0,0,0,0,0,0
ast_early_fusion,437000_2,Crickets,Crickets,Crickets,0.997822762,-7.106031895,-7.017323494,-8.377292633,-9.004981995,-4.19288826,6.127513885,-6.134804726,-8.671092033,-7.38711977,-6.44550705,-6.939753056,-7.584648132,-7.005055428,-8.076619148,-9.020885468,-8.39704895,-8.238478661,-6.404116631,-7.315581322,-7.582186222,-8.135667801,-6.073273182,-7.595987797,-7.94769001,-8.77283287,-6.881780624,-6.880745411,-9.183115005,0.000819471,0.000895419,0.000229979,0.000122781,0.014877908,0.997822762,0.002161466,0.000171442,0.000618794,0.001585123,0.000967572,0.000507935,0.000906461,0.000310623,0.000120844,0.000225481,0.000264216,0.001651998,0.000664652,0.000509187,0.000292818,0.002298326,0.000502211,0.000353353,0.00015486,0.001025263,0.001026323,0.000102749,0,0,0,0,0,1,0,0,0,0,0,0,0,0,0,0,0,0,0,0,0,0,0,0,0,0,0,0
ast_early_fusion,437001_1,"Crickets,Dog","Crickets,Dog",Crickets,0.998160899,-7.818362713,-5.737970829,-9.124371529,-10.51565361,-7.949269295,6.296623707,3.79104948,-7.943941116,-8.332541466,-6.315999031,-4.893013477,-10.19163609,-7.147127151,-9.932104111,-8.974125862,-8.042153358,-8.424261093,-7.889827728,-6.629067898,-7.52608633,-8.430224419,-5.998101711,-8.139601707,-8.411759377,-10.20255852,-8.718261719,-7.274951935,-10.43075848,0.000402118,0.003210955,0.000108965,2.71E-05,0.000352795,0.998160899,0.977926314,0.00035468,0.000240502,0.0018039,0.007442977,3.75E-05,0.000786503,4.86E-05,0.000126629,0.000321512,0.000219429,0.000374394,0.00131965,0.000538553,0.000218125,0.00247731,0.000291668,0.000222189,3.71E-05,0.000163545,0.000692194,2.95E-05,0,0,0,0,0,1,1,0,0,0,0,0,0,0,0,0,0,0,0,0,0,0,0,0,0,0,0,0
ast_early_fusion,437001_3,"Crickets,Dog","Crickets,Dog",Crickets,0.998376608,-8.229235649,-4.517361641,-9.515946388,-10.36139584,-7.041399002,6.421624184,4.71500349,-8.761436462,-9.217870712,-6.705592155,-3.637272358,-10.17987156,-7.165084839,-9.956790924,-9.390790939,-8.935320854,-9.523231506,-9.104372978,-6.290053844,-8.016976357,-8.509551048,-6.347372055,-9.04466629,-8.897731781,-10.47866726,-8.944794655,-7.064544201,-11.31574154,0.000266669,0.01079988,7.37E-05,3.16E-05,0.000874137,0.998376608,0.991119683,0.000156635,9.92E-05,0.001222551,0.025648866,3.79E-05,0.000772516,4.74E-05,8.35E-05,0.000131638,7.31E-05,0.000111166,0.001851227,0.000329707,0.000201494,0.001748282,0.000118005,0.00013668,2.81E-05,0.000130397,0.000854154,1.22E-05,0,0,0,0,0,1,1,0,0,0,0,0,0,0,0,0,0,0,0,0,0,0,0,0,0,0,0,0
ast_early_fusion,437001_4,"Crickets,Dog","Crickets,Dog,Speech",Crickets,0.993273497,-7.387131691,-3.318745852,-9.389306068,-9.727479935,-6.173201561,4.994946957,3.509358406,-8.475572586,-8.034250259,-6.969882011,-7.469208241,-9.511919022,-7.849391937,-7.331358433,-9.066507339,-8.807859421,-8.956190109,-8.292022705,-7.86546278,-8.837753296,-8.502524376,1.187597513,-8.301660538,-9.233252525,-9.516925812,-8.671784401,-7.925479412,-10.33900738,0.000618786,0.034933664,8.36E-05,5.96E-05,0.002080215,0.993273497,0.970952928,0.000208456,0.000324062,0.000938881,0.000570055,7.40E-05,0.000389837,0.000654255,0.000115456,0.000149531,0.00012892,0.000250445,0.000383624,0.000145127,0.000202914,0.766311049,0.000248043,9.77E-05,7.36E-05,0.000171324,0.000361286,3.23E-05,0,0,0,0,0,1,1,0,0,0,0,0,0,0,0,0,0,0,0,0,0,1,0,0,0,0,0,0
ast_early_fusion,437003_1,"Bird sounds,Car,Crickets","Bird sounds,Crickets",Crickets,0.997439742,-5.943202972,2.848956347,-7.661965847,-9.05435276,-6.018259525,5.965067387,-2.07817626,-7.868573666,-7.496674061,-6.928458691,-6.357969284,-7.745669365,-6.282939434,-8.164515495,-9.057157516,-7.099172115,-7.413405418,-7.176804543,-7.676566601,-7.465253353,-6.973453999,-6.104044914,-7.762325764,-7.512030125,-8.965730667,-7.320160389,-6.473489285,-8.60483551,0.002616748,0.945264697,0.000470161,0.000116868,0.002427992,0.997439742,0.111236133,0.000382433,0.000554619,0.000978551,0.001729884,0.000432425,0.001864419,0.000284494,0.00011654,0.000825107,0.00060275,0.000763522,0.000463349,0.000572312,0.000935537,0.002228835,0.000425285,0.000546172,0.000127696,0.000661618,0.00154145,0.000183184,0,1,0,0,0,1,0,0,0,0,0,0,0,0,0,0,0,0,0,0,0,0,0,0,0,0,0,0
ast_early_fusion,437014_1,"Falling water/Rain,Flowing water","Falling water/Rain,Flowing water",Flowing water,0.996383548,-7.750488758,-6.759995937,-7.018327713,-8.608218193,-6.415180206,-7.327868462,-7.432067394,-9.494842529,4.650604248,5.618651867,-8.306176186,-8.497132301,-8.703816414,-8.33628273,-8.616806984,-7.982897282,-9.180822372,-7.812066078,-7.66276741,-8.357305527,-8.046857834,-6.251841068,-8.81492424,-8.377001762,-7.094659805,-8.60910511,-7.157001495,-8.928612709,0.000430347,0.001157892,0.000894521,0.000182566,0.001633851,0.000656541,0.000591612,7.52E-05,0.990534604,0.996383548,0.000246926,0.000204011,0.000165924,0.000239604,0.000181005,0.000341133,0.000102985,0.000404657,0.000469784,0.000234621,0.000320004,0.001923198,0.000148478,0.000230046,0.000828835,0.000182404,0.000778781,0.000132524,0,0,0,0,0,0,0,0,1,1,0,0,0,0,0,0,0,0,0,0,0,0,0,0,0,0,0,0
ast_early_fusion,437014_3,"Falling water/Rain,Flowing water","Falling water/Rain,Flowing water",Falling water/Rain,0.995533109,-7.453720093,-6.468610287,-6.599817753,-7.291313171,-7.5523386,-7.00336647,-7.587896824,-8.603364944,5.406576633,0.546233416,-7.4712677,-7.450654984,-8.652598381,-7.704801559,-7.46040535,-7.56648016,-8.074342728,-7.538515568,-6.983806133,-7.557661533,-7.47476387,-6.279461384,-7.61242342,-8.148548126,-6.90845871,-7.778157711,-5.635167122,-7.991587162,0.000578947,0.001548977,0.001358767,0.000680969,0.000524606,0.000907992,0.000506289,0.000183454,0.995533109,0.633261263,0.000568882,0.000580723,0.000174642,0.000450455,0.000575092,0.000517243,0.000311331,0.000531904,0.000925911,0.000521822,0.000566898,0.001870903,0.000494028,0.000289071,0.000998299,0.000418608,0.003557381,0.000338182,0,0,0,0,0,0,0,0,1,1,0,0,0,0,0,0,0,0,0,0,0,0,0,0,0,0,0,0
ast_early_fusion,437015_1,"Falling water/Rain,Flowing water","Falling water/Rain,Flowing water",Flowing water,0.994349301,-7.759616852,-6.728582859,-6.71007967,-8.798296928,-6.549550056,-7.546221256,-7.859565258,-9.339268684,5.049243927,5.170301437,-8.152199745,-8.189273834,-9.074431419,-8.242801666,-8.531313896,-8.241658211,-8.723215103,-7.631026745,-7.504137516,-8.291195869,-7.863382339,-6.070983887,-8.719815254,-8.068869591,-7.268046856,-8.653978348,-7.373817921,-9.217289925,0.000426438,0.001194798,0.001217084,0.000150967,0.001428715,0.000527823,0.000385893,8.79E-05,0.993626714,0.994349301,0.000288018,0.000277538,0.000114545,0.000263077,0.000197157,0.000263378,0.000162737,0.000484927,0.000550498,0.000250652,0.000384423,0.002303582,0.000163291,0.000313039,0.000696987,0.000174401,0.000627075,9.93E-05,0,0,0,0,0,0,0,0,1,1,0,0,0,0,0,0,0,0,0,0,0,0,0,0,0,0,0,0
ast_early_fusion,437018_0,"Crickets,Dog","Car,Crickets,Dog",Car,0.928873241,-8.460950851,-7.306276321,-9.174135208,-9.239337921,2.569508791,0.648769319,1.161833763,-8.396169662,-9.403506279,-7.861976147,-5.183885574,-7.951087475,-0.592264473,-8.674830437,-9.527239799,-8.222016335,-8.886320114,-7.765572548,-7.464443207,-7.560744762,-9.00743866,-2.705598593,-8.189032555,-8.781756401,-7.845767498,-7.825976372,-6.649203777,-9.724917412,0.000211526,0.000670862,0.000103676,9.71E-05,0.928873241,0.656733096,0.761665761,0.000225679,8.24E-05,0.000384964,0.005574927,0.000352155,0.356115431,0.000170803,7.28E-05,0.000268601,0.000138248,0.000423907,0.000572776,0.000520217,0.00012248,0.062643804,0.000277605,0.000153485,0.000391252,0.000399069,0.001293378,5.98E-05,0,0,0,0,1,1,1,0,0,0,0,0,0,0,0,0,0,0,0,0,0,0,0,0,0,0,0,0
ast_early_fusion,437023_0,"Car,Crickets,Speech","Car,Crickets,Speech",Crickets,0.997373939,-7.507757664,-6.498423576,-9.6375103,-9.648475647,0.537706316,5.939627171,-4.515657902,-9.279553413,-8.216589928,-7.681235313,-6.336167812,-8.813655853,-5.625421524,-7.979225159,-8.034532547,-7.988176346,-9.085042,-7.258128166,-7.58562994,-6.529263496,-8.586637497,4.994059563,-9.471567154,-9.240632057,-7.969557762,-7.372276306,-8.488139153,-10.22011185,0.000548509,0.001503547,6.52E-05,6.45E-05,0.631278694,0.997373939,0.010818096,9.33E-05,0.000270062,0.000461192,0.001767945,0.000148667,0.003592093,0.000342387,0.000323971,0.000339337,0.000113336,0.00070393,0.000507437,0.001457952,0.000186548,0.993267536,7.70E-05,9.70E-05,0.000345712,0.000628041,0.000205854,3.64E-05,0,0,0,0,1,1,0,0,0,0,0,0,0,0,0,0,0,0,0,0,0,1,0,0,0,0,0,0
ast_early_fusion,437058_0,Flowing water,Flowing water,Flowing water,0.997192204,-6.947670937,-7.01504612,-5.96675539,-8.686385155,-6.487154007,-7.77034235,-7.390273571,-9.000263214,-6.232601643,5.872516155,-7.005459309,-8.038052559,-7.770427227,-8.453232765,-8.03706646,-7.476391792,-8.669364929,-7.451645851,-7.718673706,-8.724646568,-8.11652565,-6.281744957,-8.833883286,-8.506850243,-8.467518806,-7.695641518,-5.452725887,-8.426352501,0.000959948,0.000897458,0.002555992,0.000168841,0.001520561,0.000421891,0.000616846,0.000123362,0.001960484,0.997192204,0.000906096,0.000322833,0.000421855,0.000213165,0.000323151,0.000565977,0.000171739,0.000580149,0.000444252,0.000162504,0.000298475,0.001866643,0.00014569,0.000202039,0.000210142,0.000454598,0.00426633,0.000218971,0,0,0,0,0,0,0,0,0,1,0,0,0,0,0,0,0,0,0,0,0,0,0,0,0,0,0,0
ast_early_fusion,437364_3,Bird sounds,Bird sounds,Bird sounds,0.996838689,-5.332482338,5.753589153,-6.201380253,-8.727005005,-7.238094807,-6.916189194,-2.309096336,-7.619586945,-6.705393791,-3.929316521,-4.957803726,-7.289204597,-5.508589268,-7.659861565,-6.827365875,-6.69520998,-7.362325668,-6.89677906,-6.832565308,-6.897041321,-6.032086849,-5.606374741,-6.7909832,-7.398346901,-7.430830956,-6.959819794,-5.392968655,-7.765711784,0.004808824,0.996838689,0.002022533,0.000162121,0.000718164,0.000990619,0.090372406,0.000490504,0.001222793,0.019278152,0.006979295,0.000682405,0.004035469,0.000471151,0.001082536,0.001235294,0.000634318,0.001010015,0.001076928,0.001009751,0.002394731,0.003660914,0.001122602,0.000611889,0.000592344,0.000948367,0.004527856,0.000423848,0,1,0,0,0,0,0,0,0,0,0,0,0,0,0,0,0,0,0,0,0,0,0,0,0,0,0,0
ast_early_fusion,437700_4,"Footsteps,Speech","Shout or scream,Speech",Speech,0.999552786,-8.543527603,-4.772973061,-9.126320839,-9.383649826,-7.27723217,-7.022851467,-7.809154034,-9.249830246,-8.923082352,-7.941607952,-3.203494549,-8.725273132,-8.798134804,-4.159696102,-9.037368774,-6.354886532,-9.390397072,-4.978806973,2.828808546,-9.518893242,-7.465221882,7.711998463,-8.514695168,-9.114359856,-9.060472488,-7.6790905,-7.474461079,-10.66651058,0.000194764,0.008384313,0.000108753,8.41E-05,0.000690618,0.000890487,0.000405837,9.61E-05,0.000133259,0.000355508,0.039034426,0.000162402,0.000150992,0.015372304,0.000118869,0.001735216,8.35E-05,0.006835226,0.944212854,7.34E-05,0.00057233,0.999552786,0.00020046,0.000110062,0.000116155,0.000462182,0.00056707,2.33E-05,0,0,0,0,0,0,0,0,0,0,0,0,0,0,0,0,0,0,1,0,0,1,0,0,0,0,0,0
ast_early_fusion,439907_1,"Bell,Musical instrument,Speech","Musical instrument,Speech",Speech,0.998908997,-1.181298018,-4.435920238,-7.807882309,-8.431305885,-3.876761198,-7.687189102,-7.659499645,-9.89287281,-7.434595108,-6.737187862,-3.315205812,-7.171851635,-8.872475624,-6.346436024,-9.593216896,-0.160889432,0.39973861,-4.83068943,-4.089387417,-6.842243671,-7.375823021,6.8195467,-6.502642632,-6.32165432,-8.083403587,-6.320480824,-7.356102467,-10.11585903,0.234818891,0.011705519,0.000406353,0.000217889,0.020297302,0.000458455,0.000471321,5.05E-05,0.00059012,0.001184573,0.035053208,0.00076731,0.000140175,0.001749916,6.82E-05,0.459864199,0.598624885,0.007917824,0.016473567,0.001066566,0.000625819,0.998908997,0.001497226,0.001793745,0.000308524,0.001795847,0.000638275,4.04E-05,0,0,0,0,0,0,0,0,0,0,0,0,0,0,0,0,1,0,0,0,0,1,0,0,0,0,0,0
ast_early_fusion,439907_2,"Musical instrument,Speech","Music,Speech",Speech,0.99791497,-6.403307915,-6.011637211,-7.579760551,-7.123078823,-5.75387001,-6.820817471,-6.819334984,-8.618967056,-8.262310028,-6.295788288,-6.110648155,-8.492152214,-6.068685532,-5.377696037,-7.647368431,0.080143303,-6.422442436,-6.999917507,-3.371974468,-6.493442535,-8.306749344,6.170877934,-7.193713188,-4.364608288,-7.780780792,-7.026592731,-7.974873543,-8.155749321,0.001653332,0.002444085,0.000510423,0.000805631,0.003160467,0.00108964,0.001091255,0.000180614,0.000257996,0.001840661,0.002214198,0.000205029,0.00230887,0.004597218,0.000477071,0.520025074,0.001622048,0.000911126,0.033182904,0.001511044,0.000246784,0.99791497,0.00075073,0.01255988,0.000417512,0.000887164,0.00034388,0.000286998,0,0,0,0,0,0,0,0,0,0,0,0,0,0,0,1,0,0,0,0,0,1,0,0,0,0,0,0
ast_early_fusion,439907_3,"Bell,Musical instrument,Speech","Bell,Speech",Speech,0.999449193,5.387210846,-4.746025562,-10.15669727,-9.961600304,-6.877322674,-8.54557991,-8.554563522,-9.743981361,-7.849424839,-9.442353249,-5.72150135,-7.998724937,-9.821847916,-3.949822426,-8.016402245,-4.306088924,-0.844388843,-5.552667618,-6.493668079,-2.868227959,-7.777473927,7.503494263,-6.697315216,-7.225076675,-9.19504261,-9.694836617,-10.00566483,-10.29400539,0.995446205,0.008611349,3.88E-05,4.72E-05,0.001029839,0.000194365,0.000192627,5.86E-05,0.000389824,7.93E-05,0.003264101,0.000335778,5.43E-05,0.018894253,0.000329896,0.013306734,0.300611258,0.003862127,0.001510703,0.0537467,0.000418894,0.999449193,0.0012327,0.000727567,0.000101531,6.16E-05,4.51E-05,3.38E-05,1,0,0,0,0,0,0,0,0,0,0,0,0,0,0,0,0,0,0,0,0,1,0,0,0,0,0,0
ast_early_fusion,442479_0,"Falling water/Rain,Flowing water","Falling water/Rain,Flowing water",Falling water/Rain,0.993877351,-7.619432926,-6.607783318,-7.149347782,-8.758785248,-6.585136414,-7.434102535,-7.785050392,-9.283378601,5.0896101,5.020474911,-8.174403191,-8.138842583,-8.555933952,-8.227405548,-8.481991768,-8.430276871,-8.730895042,-7.780189991,-7.415098667,-8.018634796,-7.797650814,-6.213499069,-8.931998253,-8.10855484,-7.285866261,-8.679210663,-6.855971336,-8.900385857,0.000490579,0.001348001,0.00078476,0.000157051,0.001378835,0.00059041,0.000415733,9.29E-05,0.993877351,0.993441939,0.000281695,0.00029189,0.000192363,0.000267157,0.000207123,0.000218113,0.000161492,0.000417758,0.000601731,0.000329161,0.00041053,0.001998218,0.000132076,0.000300863,0.000684685,0.000170056,0.00105204,0.000136318,0,0,0,0,0,0,0,0,1,1,0,0,0,0,0,0,0,0,0,0,0,0,0,0,0,0,0,0
ast_early_fusion,442479_3,"Falling water/Rain,Flowing water","Falling water/Rain,Flowing water",Flowing water,0.996151149,-7.889547825,-6.555858135,-7.500864506,-9.145007133,-6.141076565,-7.803393841,-8.02524662,-9.652420044,5.227219582,5.556141853,-8.368515968,-8.27354908,-8.802540779,-8.481165886,-8.764647484,-8.572638512,-9.180640221,-8.040325165,-7.567831039,-8.407006264,-7.950541973,-6.075780392,-9.17646122,-8.196105003,-7.432896614,-8.954959869,-7.165632725,-9.331957817,0.000374499,0.001419744,0.000552301,0.00010674,0.002147981,0.00040818,0.000326992,6.43E-05,0.994660199,0.996151149,0.000232006,0.000255113,0.000150328,0.000207294,0.000156133,0.000189177,0.000103004,0.0003221,0.000516545,0.000223247,0.000352347,0.002292584,0.000103435,0.000275649,0.000591122,0.000129079,0.000772093,8.85E-05,0,0,0,0,0,0,0,0,1,1,0,0,0,0,0,0,0,0,0,0,0,0,0,0,0,0,0,0
ast_early_fusion,447441_1,"Car,Speech",Speech,Speech,0.998245358,-6.8852458,-6.464521885,-7.709668159,-5.835589409,-2.042998552,-7.102759361,-6.291015148,-7.604807377,-7.379683018,-6.931629658,-6.774760246,-8.124922752,-7.143553734,-6.707483768,-7.933433533,-6.122274876,-7.998683929,-7.583569527,-6.859253407,-7.801904678,-6.418091297,6.343729973,-3.145784378,-8.104557037,-7.340867996,-7.022388935,-6.968583107,-7.465034485,0.00102172,0.001555313,0.000448269,0.002913189,0.114761747,0.000822155,0.001849451,0.000497803,0.00062341,0.000975456,0.001140941,0.00029598,0.000789316,0.001220244,0.000358425,0.00218866,0.000335792,0.000508483,0.001048597,0.000408788,0.001629109,0.998245358,0.041257706,0.000302068,0.000648067,0.000890898,0.000940101,0.000572437,0,0,0,0,0,0,0,0,0,0,0,0,0,0,0,0,0,0,0,0,0,1,0,0,0,0,0,0
ast_early_fusion,456895_2,Speech,Speech,Speech,0.998290122,-7.335162163,-7.086973667,-7.398206711,-8.96703434,-7.315461636,-7.550653934,-7.381463528,-7.545900822,-7.042545319,-7.264307022,-7.179363251,-8.093979836,-7.828631401,-7.678983212,-7.271394253,-6.836192131,-8.339204788,-7.560069561,-7.015206814,-7.024820328,-7.884878159,6.36965704,-7.53453064,-8.578907013,-8.751019478,-7.644539833,-7.158027172,-8.888697624,0.000651773,0.000835225,0.000611975,0.00012753,0.000664732,0.00052549,0.000622301,0.000527992,0.000873136,0.000699596,0.000761573,0.000305279,0.000398012,0.000462231,0.000694659,0.001073033,0.000238905,0.000520568,0.000897314,0.000888737,0.000376251,0.998290122,0.000534027,0.000187995,0.000158275,0.000478422,0.000777983,0.00013792,0,0,0,0,0,0,0,0,0,0,0,0,0,0,0,0,0,0,0,0,0,1,0,0,0,0,0,0
ast_early_fusion,456895_3,Speech,Speech,Speech,0.998766899,-6.783807278,-6.787861347,-7.221451759,-8.585137367,-5.505632877,-7.584514141,-7.049324512,-8.052960396,-6.696774483,-6.218232632,-7.134758472,-8.19181633,-7.589719296,-4.477582932,-7.52860117,-7.455871105,-8.127584457,-8.286795616,-6.031350136,-7.442602634,-7.115061283,6.696958065,-8.025518417,-8.324793816,-8.203935623,-7.579582214,-7.343029976,-8.566235542,0.001130677,0.001126108,0.000730207,0.000186828,0.004047368,0.000508003,0.000867242,0.000318057,0.001233366,0.001988801,0.000796284,0.000276834,0.000505367,0.011233221,0.000537201,0.000577704,0.000295193,0.000251757,0.002396492,0.000585416,0.000812111,0.998766899,0.000326904,0.000242372,0.0002735,0.000510514,0.000646668,0.000190392,0,0,0,0,0,0,0,0,0,0,0,0,0,0,0,0,0,0,0,0,0,1,0,0,0,0,0,0
ast_early_fusion,458861_1,"Speech,Tram","Speech,Tram",Speech,0.999045193,-7.780457973,-7.143320084,-7.216798306,-9.533424377,-7.999233246,-9.290457726,-7.540349007,-7.604614735,-6.76648283,-8.574290276,-7.641749859,-9.546017647,-10.48393345,-9.865633965,-5.366838932,-4.274056435,-9.717874527,-5.18170929,-4.765675068,-5.593297482,-8.420166016,6.953077793,-7.359269142,1.496736169,-9.860139847,-9.836613655,-6.979562759,-12.01503944,0.000417646,0.000789501,0.000733611,7.24E-05,0.000335607,9.23E-05,0.00053093,0.000497899,0.001150413,0.000188865,0.000479758,7.15E-05,2.80E-05,5.19E-05,0.004647169,0.013733935,6.02E-05,0.005587005,0.008445207,0.003708925,0.00022033,0.999045193,0.000636259,0.817087114,5.22E-05,5.35E-05,0.000929845,6.05E-06,0,0,0,0,0,0,0,0,0,0,0,0,0,0,0,0,0,0,0,0,0,1,0,1,0,0,0,0
ast_early_fusion,459675_1,"Crickets,Dog,Flowing water","Crickets,Dog,Flowing water",Crickets,0.995085061,-7.021913528,-6.901165485,-7.491429329,-9.612832069,-6.412546635,5.310562134,0.63384074,-7.816123009,-6.080880642,2.801408291,-6.103430271,-9.484921455,-6.844316483,-9.159491539,-8.607461929,-6.477498055,-8.007616997,-8.173033714,-6.380864143,-8.594128609,-9.049407959,-6.244072914,-7.896249771,-8.103457451,-8.909854889,-7.113556385,-7.80599308,-9.51885891,0.000891322,0.001005599,0.000557534,6.69E-05,0.001638153,0.995085061,0.653359771,0.000403019,0.002280948,0.942751884,0.002230202,7.60E-05,0.00106436,0.000105205,0.000182704,0.001535292,0.000332806,0.000282081,0.001690795,0.000185156,0.000117447,0.001938166,0.000371998,0.0003024,0.000135033,0.000813333,0.000407121,7.34E-05,0,0,0,0,0,1,1,0,0,1,0,0,0,0,0,0,0,0,0,0,0,0,0,0,0,0,0,0
ast_early_fusion,459675_3,"Car,Crickets,Flowing water","Crickets,Flowing water",Crickets,0.996949494,-6.945039272,-4.072292805,-7.071930408,-9.643839836,-5.606197357,5.789397717,-2.626351595,-8.097765923,-7.194303989,0.935023665,-8.200356483,-8.693257332,-7.748139858,-9.232431412,-8.873508453,-7.03099966,-8.980711937,-8.984034538,-7.071332932,-8.706300735,-9.670770645,-7.034549713,-7.697765827,-7.471521378,-8.686779022,-6.757260799,-7.165379524,-9.641695023,0.000962475,0.016752839,0.000847874,6.48E-05,0.003661561,0.996949494,0.06746161,0.000304126,0.000750287,0.718093395,0.00027448,0.000167685,0.000431358,9.78E-05,0.000140031,0.000883267,0.000125797,0.00012538,0.00084838,0.000165512,6.31E-05,0.000880139,0.000453634,0.000568738,0.000168774,0.001161059,0.000772289,6.50E-05,0,0,0,0,0,1,0,0,0,1,0,0,0,0,0,0,0,0,0,0,0,0,0,0,0,0,0,0
ast_early_fusion,459788_0,Crickets,Crickets,Crickets,0.996531546,-7.676089764,-7.279514313,-7.708753109,-8.764029503,-6.727014542,5.660554409,-6.09904623,-8.327634811,-7.320365906,-6.267661095,-6.515807152,-8.065606117,-6.793745995,-8.023500443,-8.275046349,-8.327908516,-7.652558804,-6.703021526,-6.942789555,-7.55897522,-8.148435593,-6.279416561,-7.40067482,-8.373557091,-8.576529503,-7.182268143,-6.106523991,-8.760725975,0.00046357,0.000689045,0.000448679,0.000156229,0.001196671,0.996531546,0.002239979,0.000241685,0.000661482,0.001893069,0.001477674,0.000314062,0.001119508,0.000327564,0.000254731,0.000241619,0.000474602,0.001225694,0.000964641,0.000521138,0.000289104,0.001870987,0.000610468,0.000230839,0.000188442,0.000759365,0.002223329,0.000156746,0,0,0,0,0,1,0,0,0,0,0,0,0,0,0,0,0,0,0,0,0,0,0,0,0,0,0,0
ast_early_fusion,459788_5,Crickets,Crickets,Crickets,0.994664669,-7.587204933,-8.535365105,-7.182490349,-8.611227036,-6.124168396,5.228055,-6.089488506,-8.464657784,-6.81443119,-5.679318905,-6.051383495,-7.646661758,-5.457561493,-7.897544384,-8.080168724,-7.920541286,-7.322556973,-5.394313335,-6.459834099,-6.654706478,-8.19145298,-6.447696209,-6.904237747,-8.574420929,-8.388051033,-6.678479671,-5.606096745,-8.426382065,0.000506639,0.00019636,0.000759197,0.000182017,0.002184528,0.994664669,0.002261442,0.000210744,0.001096614,0.003404256,0.002349071,0.000477408,0.004245837,0.000371517,0.000309523,0.000363074,0.000660035,0.004521799,0.00156261,0.00128629,0.000276934,0.001581662,0.001002518,0.00018884,0.000227519,0.001256109,0.003661928,0.000218964,0,0,0,0,0,1,0,0,0,0,0,0,0,0,0,0,0,0,0,0,0,0,0,0,0,0,0,0
ast_early_fusion,459789_1,"Bird sounds,Crickets","Bird sounds,Crickets",Crickets,0.995297015,-6.315823078,4.975386143,-7.341663837,-9.198675156,-7.081058025,5.35484457,-5.865712643,-8.191772461,-7.570291996,-7.499177456,-6.164377213,-7.225794315,-6.823609829,-7.264750481,-8.480937958,-7.451454163,-7.586756706,-6.844394684,-7.573995113,-7.977109909,-7.409018993,-6.036188126,-7.122570992,-7.644264698,-8.655394554,-6.871868134,-6.942742348,-8.777004242,0.001804216,0.993141592,0.000647552,0.000101163,0.000840177,0.995297015,0.002826987,0.000276846,0.000515276,0.000553233,0.002098614,0.000727045,0.001086605,0.000699287,0.000207341,0.00058026,0.000506866,0.001064277,0.000513373,0.000343112,0.000605398,0.002384953,0.00080604,0.000478553,0.000174154,0.001035466,0.000964686,0.000154216,0,1,0,0,0,1,0,0,0,0,0,0,0,0,0,0,0,0,0,0,0,0,0,0,0,0,0,0
ast_early_fusion,462889_3,"Bird sounds,Crickets","Bird sounds,Crickets",Bird sounds,0.995946586,-6.586057186,5.50413084,-7.27876091,-9.272491455,-6.621576786,5.363929272,-6.442747116,-8.283768654,-7.171878338,-6.661916733,-6.513303757,-7.629184246,-7.451749802,-7.528932095,-8.759675026,-7.978983402,-7.82103157,-6.745611668,-7.950297832,-7.969317436,-7.450003624,-6.219379902,-7.730936527,-7.784686089,-8.612994194,-6.999197483,-6.589849472,-8.914912224,0.001377568,0.995946586,0.000689564,9.40E-05,0.00132956,0.995339394,0.001589497,0.00025252,0.00076729,0.00127706,0.001481373,0.000485821,0.000580088,0.000537023,0.000156911,0.00034247,0.000401047,0.001174648,0.000352433,0.000345795,0.000581102,0.001986525,0.00043884,0.000415885,0.000181696,0.000911782,0.001372361,0.000134352,0,1,0,0,0,1,0,0,0,0,0,0,0,0,0,0,0,0,0,0,0,0,0,0,0,0,0,0
ast_early_fusion,462889_4,"Bird sounds,Crickets","Bird sounds,Crickets",Bird sounds,0.989304662,-6.439439774,4.527195454,-6.3405509,-7.949798107,-7.379330635,4.522755623,-6.478421211,-8.107644081,-6.166425705,-5.003416538,-6.724471569,-6.483185291,-5.780404568,-7.315075397,-8.632745743,-7.300802231,-8.048362732,-5.730191708,-7.250691414,-7.329705715,-7.252513885,-5.995602608,-7.144922733,-7.946680546,-8.03646946,-6.580292702,-5.764508247,-8.002417564,0.001594754,0.989304662,0.001760227,0.000352609,0.000623629,0.989257634,0.001533878,0.000301137,0.002094329,0.006670176,0.001199714,0.001526599,0.003077963,0.000664989,0.000178143,0.000674542,0.000319523,0.003235949,0.00070918,0.000655337,0.00070789,0.002483493,0.000788237,0.00035371,0.000323344,0.001385521,0.003127128,0.000334541,0,1,0,0,0,1,0,0,0,0,0,0,0,0,0,0,0,0,0,0,0,0,0,0,0,0,0,0
ast_early_fusion,463330_1,"Car,Music,Singing",Car,Car,0.992913187,-7.773851871,-6.199199677,-7.185433388,-5.308971882,4.942403316,-6.784078598,-6.164906502,-7.491611004,-7.538180828,-6.168260098,-7.485148907,-7.797103405,-7.253647804,-7.468682289,-8.000818253,-4.54623127,-6.210774422,-7.563295841,-6.872058392,-6.439191818,-7.024625301,-5.389851093,-4.948581696,-6.873058319,-7.403309345,-4.775835037,-7.38872385,-4.689847469,0.000420413,0.002026939,0.000756967,0.004922658,0.992913187,0.001130371,0.002097506,0.000557433,0.000532082,0.002090498,0.000561045,0.000410755,0.000707088,0.000570354,0.000335076,0.010495774,0.002003659,0.000518892,0.001035269,0.001595149,0.00088891,0.004541929,0.007043499,0.001034235,0.000608862,0.008360553,0.000617802,0.009104435,0,0,0,0,1,0,0,0,0,0,0,0,0,0,0,0,0,0,0,0,0,0,0,0,0,0,0,0
ast_early_fusion,463330_2,Singing,"Bird sounds,Dog,Speech",Speech,0.96730721,-3.541266918,1.731722832,-7.418660641,-9.306756973,-2.272056341,-7.64951992,1.061345935,-7.449698448,-8.098750114,-6.605356693,-7.646194458,-10.49295712,-9.103041649,-8.416017532,-9.094426155,-4.354899406,-8.063420296,-10.42278385,-6.308766365,-7.724418163,-4.238227367,3.387360573,-5.364980221,-7.538277626,-8.347457886,-9.131279945,-5.999648571,-9.901548386,0.028160596,0.849632621,0.000599592,9.08E-05,0.093463838,0.000476046,0.742947638,0.000581279,0.000303826,0.001351272,0.000477631,2.77E-05,0.000111314,0.000221245,0.000112277,0.012680862,0.000314749,2.97E-05,0.00181697,0.000441709,0.014227802,0.96730721,0.004655775,0.00053203,0.000236942,0.000108215,0.00247349,5.01E-05,0,1,0,0,0,0,1,0,0,0,0,0,0,0,0,0,0,0,0,0,0,1,0,0,0,0,0,0
ast_early_fusion,467163_1,"Falling water/Rain,Footsteps","Falling water/Rain,Footsteps",Falling water/Rain,0.995463431,-7.287674904,-7.10789156,-7.841080189,-8.350886345,-5.520504475,-7.701261997,-8.468754768,-9.310555458,5.391043663,-4.505017281,1.688812137,-7.075755596,-7.043391228,-7.748229504,-8.456728935,-8.133602142,-8.884961128,-6.807561874,-7.900983334,-9.018241882,-8.29772377,-5.767202377,-8.566673279,-7.542927742,-7.456731319,-8.598376274,-6.606790066,-9.980381012,0.000683449,0.00081795,0.000393089,0.000236131,0.003987861,0.000452052,0.000209882,9.05E-05,0.995463431,0.010932557,0.844067872,0.00084464,0.000872399,0.00043132,0.000212421,0.000293423,0.000138436,0.001104164,0.000370242,0.000121164,0.000249021,0.003118741,0.000190309,0.000529564,0.000577208,0.000184371,0.001349339,4.63E-05,0,0,0,0,0,0,0,0,1,0,1,0,0,0,0,0,0,0,0,0,0,0,0,0,0,0,0,0
ast_early_fusion,468349_2,Waves,Waves,Waves,0.997514606,-8.038563728,-5.686791897,-6.327358723,-8.368288994,-5.026714802,-7.650624275,-8.010024071,-8.791154861,-7.283338547,-7.435806274,-7.637055397,-7.801066399,-7.571554184,-7.408118725,-9.062829971,-8.26560688,-8.255781174,-7.126735687,-7.428294659,-7.560274601,-8.024847031,-6.120929241,-7.665465832,-8.850446701,-7.977952003,-6.776195049,5.994851589,-7.456355095,0.000322668,0.003378996,0.00178356,0.000232058,0.00651757,0.000475521,0.000332006,0.000152049,0.000686417,0.000589406,0.000482014,0.000409131,0.000514627,0.000605943,0.000115881,0.000257147,0.000259685,0.000802693,0.000593847,0.000520461,0.000327123,0.0021916,0.000468519,0.000143297,0.000342823,0.001139307,0.997514606,0.000577425,0,0,0,0,0,0,0,0,0,0,0,0,0,0,0,0,0,0,0,0,0,0,0,0,0,0,1,0
ast_early_fusion,470967_0,Tram,Speech,Speech,0.998723567,-6.928618908,-7.530608654,-6.12894392,-7.750787258,-6.998953342,-8.055306435,-7.082185268,-8.740697861,-7.025923252,-7.712428093,-7.223216057,-9.450824738,-8.857674599,-8.966622353,-4.720715046,-3.605789423,-6.973381996,-7.527953148,-6.122356892,-6.383167744,-8.413173676,6.66239357,-3.065623045,-3.984385252,-7.790486813,-6.053117752,-7.521499634,-10.7293272,0.000978394,0.000536124,0.002174144,0.000430218,0.000912004,0.000317312,0.000839231,0.000159917,0.000887758,0.000447034,0.000728921,7.86E-05,0.000142265,0.000127582,0.008830139,0.026447516,0.000935604,0.000537549,0.00218848,0.001686911,0.000221875,0.998723567,0.044547752,0.018264096,0.00041348,0.00234501,0.000541027,2.19E-05,0,0,0,0,0,0,0,0,0,0,0,0,0,0,0,0,0,0,0,0,0,1,0,0,0,0,0,0
ast_early_fusion,472697_1,Car,"Car,Plane,Speech",Speech,0.993953645,-7.67505312,-7.96194458,-9.479083061,-6.444394588,0.585214257,-7.055371284,-7.781219959,-8.761575699,-8.32205677,-7.755559921,-6.094635487,-7.994399548,-7.748501301,-6.361871719,-9.706093788,-7.372641087,-6.61482048,0.621855319,-7.604465485,-5.969761848,-9.371897697,5.102228642,-6.302773476,-7.436113358,-8.22504425,-6.663812637,-7.206712246,-8.857857704,0.00046405,0.000348353,7.64E-05,0.001586884,0.642266273,0.000862019,0.000417328,0.000156613,0.000243036,0.000428171,0.002249859,0.000337233,0.000431203,0.001723158,6.09E-05,0.000627812,0.001338561,0.650640428,0.000497974,0.002548339,8.51E-05,0.993953645,0.001827872,0.000589225,0.000267789,0.001274644,0.000741042,0.000142239,0,0,0,0,1,0,0,0,0,0,0,0,0,0,0,0,0,1,0,0,0,1,0,0,0,0,0,0
ast_early_fusion,473681_3,"Laughter,Musical instrument,Singing","Laughter,Musical instrument,Singing,Speech",Musical instrument,0.988241613,-5.288911343,-7.080275536,-8.725852013,-10.71742153,-8.006411552,-11.02733135,-9.824145317,-8.150566101,-8.63379097,-8.109461784,-6.463459015,-8.648364067,-9.815530777,3.765728474,-10.62411308,-8.35223484,4.431364059,-8.022205353,-6.765184402,3.290211201,-7.227236748,0.01075973,-8.668445587,-10.51375961,-9.521431923,-8.57446003,-8.835753441,-10.20992279,0.005021906,0.000840834,0.000162308,2.22E-05,0.000333208,1.63E-05,5.41E-05,0.000288489,0.000177957,0.00030059,0.001556964,0.000175383,5.46E-05,0.977373123,2.43E-05,0.000235813,0.988241613,0.000327988,0.001151906,0.96409148,0.000725998,0.502689898,0.000171897,2.72E-05,7.33E-05,0.000188833,0.000145418,3.68E-05,0,0,0,0,0,0,0,0,0,0,0,0,0,1,0,0,1,0,0,1,0,1,0,0,0,0,0,0
ast_early_fusion,473818_2,Bell,Musical instrument,Musical instrument,0.797212481,-2.112067461,-6.163150311,-6.248989582,-8.091411591,-7.215313911,-5.932142735,-6.138310432,-6.875491142,-5.501932621,-5.602715015,-5.220358849,-7.313868999,-6.644136429,-6.544006348,-4.955842972,-5.553125381,1.368962884,-5.738276482,-6.136343002,-5.819644928,-5.969275951,-5.45006752,-4.449062824,-7.149474144,-7.633935452,-4.927356243,-6.088871956,-8.102885246,0.107929453,0.002101185,0.001928679,0.000306064,0.0007347,0.002645773,0.002153918,0.001031725,0.004062311,0.003674287,0.005376328,0.000665791,0.00129994,0.001436646,0.006992897,0.003860366,0.797212481,0.003209977,0.002158151,0.002959872,0.002549574,0.004277638,0.011554451,0.000784661,0.000483519,0.007193512,0.002262834,0.000302573,0,0,0,0,0,0,0,0,0,0,0,0,0,0,0,0,1,0,0,0,0,0,0,0,0,0,0,0
ast_early_fusion,473973_1,Wind,Wind,Wind,0.994214594,-7.9807868,-6.321815491,-7.035108566,-8.817288399,-6.428875923,-7.68682003,-6.852115154,-7.707324028,-7.292929649,-6.419966221,-7.222806931,-8.179032326,-6.694617748,-7.126552582,-7.578471661,-5.721192837,-8.315519333,-7.426486015,-8.261764526,-8.884336472,-7.669253826,-5.77399683,-7.451098919,-7.837175369,-8.859769821,-6.937853813,-6.777543068,5.146613598,0.000341853,0.001793456,0.000879648,0.000148128,0.001611663,0.000458624,0.001056101,0.000449321,0.000679869,0.001626063,0.000729219,0.000280395,0.001236025,0.00080284,0.000511081,0.003265105,0.00024463,0.000594921,0.000258136,0.000138523,0.000466748,0.003097688,0.000580466,0.000394627,0.000141968,0.000969409,0.001137774,0.994214594,0,0,0,0,0,0,0,0,0,0,0,0,0,0,0,0,0,0,0,0,0,0,0,0,0,0,0,1
ast_early_fusion,473973_5,Wind,Wind,Wind,0.992016077,-8.051294327,-6.367573261,-6.541430473,-8.521104813,-6.136291027,-7.084179878,-6.081827641,-6.856030941,-7.275974751,-6.428742886,-7.214122295,-7.85917902,-6.76704216,-7.070162773,-7.268875599,-6.928177834,-8.736179352,-7.008742809,-7.982144833,-8.427721977,-6.924480438,-5.675685883,-7.943410397,-6.706496239,-8.476402283,-6.562977791,-5.807649612,4.822307587,0.000318588,0.001713378,0.001440346,0.00019918,0.002158263,0.00083756,0.002278794,0.001051978,0.000691487,0.001611877,0.000735575,0.000386042,0.001149771,0.000849373,0.00069641,0.000978825,0.000160641,0.000903128,0.00034139,0.000218671,0.000982448,0.003416604,0.000354868,0.001221448,0.000208283,0.001409686,0.002995484,0.992016077,0,0,0,0,0,0,0,0,0,0,0,0,0,0,0,0,0,0,0,0,0,0,0,0,0,0,0,1
ast_early_fusion,474481_2,Bird sounds,Bird sounds,Bird sounds,0.996419311,-6.707890511,5.6286273,-6.63688755,-8.670744896,-7.365483761,-6.133410454,-6.337702751,-8.015254021,-7.282913685,-6.564979076,-6.266549587,-7.165425301,-6.493021011,-7.30760479,-7.062580585,-7.462287426,-8.010377884,-7.193932533,-6.821105003,-7.269463062,-7.064912796,-6.35568285,-6.907132149,-7.459368706,-7.780310154,-6.641181469,-6.510909081,-8.230747223,0.001219748,0.996419311,0.001309385,0.000171502,0.000632319,0.002164475,0.001765238,0.000330275,0.000686709,0.001406871,0.00189517,0.000772253,0.00151168,0.000669972,0.000855832,0.000574011,0.000331889,0.000750566,0.001089327,0.000696001,0.00085384,0.001733837,0.000999623,0.000575688,0.000417708,0.001303782,0.001484919,0.000266266,0,1,0,0,0,0,0,0,0,0,0,0,0,0,0,0,0,0,0,0,0,0,0,0,0,0,0,0
ast_early_fusion,474569_0,"Speech,Vehicle horn",Speech,Speech,0.997584343,-6.741263866,-6.763130188,-6.879557133,-7.342623234,-7.728367805,-7.833004475,-7.357504845,-7.817742348,-7.273750782,-6.148084641,-7.038153648,-8.297626495,-7.243893147,-7.996445179,-6.960937977,-4.087948799,-6.95573473,-7.575996399,-4.741834164,-5.494997978,-7.816834927,6.023382187,-7.107776165,-7.562104225,-8.934922218,-6.943953037,-7.232219219,-8.315142632,0.00117976,0.001154272,0.001027543,0.000646931,0.000439968,0.000396276,0.000637381,0.000402367,0.000693025,0.002133013,0.000876976,0.000249045,0.000714014,0.000336544,0.000947308,0.016496893,0.000952246,0.000512347,0.008647206,0.004090464,0.000402733,0.997584343,0.000818044,0.00051951,0.000131691,0.00096352,0.000722393,0.000244722,0,0,0,0,0,0,0,0,0,0,0,0,0,0,0,0,0,0,0,0,0,1,0,0,0,0,0,0
ast_early_fusion,475357_5,Bird sounds,Bird sounds,Bird sounds,0.996013045,-6.457799911,5.520729065,-5.69298315,-8.805085182,-7.764638901,-7.560158253,-5.961905956,-7.650465012,-7.158193111,-5.369901657,-6.863704205,-6.894093513,-6.006215572,-7.199403286,-6.098021507,-6.13821888,-8.352845192,-7.308849812,-7.15012598,-7.935925961,-5.864618778,-6.113986969,-6.124541283,-7.787831783,-7.785246372,-5.010083675,-6.973718643,-6.034389496,0.001565787,0.996013045,0.003358211,0.000149946,0.000424303,0.000520522,0.002568386,0.000475597,0.000777854,0.004633024,0.001043945,0.001012729,0.00245734,0.000746474,0.00224227,0.002154115,0.000235669,0.000669139,0.00078415,0.000357533,0.002830073,0.002206834,0.002183716,0.000414579,0.000415652,0.006626146,0.00093529,0.002389236,0,1,0,0,0,0,0,0,0,0,0,0,0,0,0,0,0,0,0,0,0,0,0,0,0,0,0,0
ast_early_fusion,475842,Falling water/Rain,,Bird sounds,0.242040396,-5.704413414,-1.141525507,-6.782968044,-5.878935814,-3.240465403,-5.930332184,-5.437153339,-6.39140749,-5.823862553,-7.413085938,-1.948069215,-4.075039387,-3.328612089,-6.087355137,-5.061015129,-5.414418221,-7.456242561,-6.464927197,-5.49641943,-6.791857719,-6.143713951,-5.399685383,-7.236250877,-5.268828392,-5.825790882,-6.497942924,-4.039382458,-5.610907078,0.003320171,0.242040396,0.001131625,0.002789956,0.037671018,0.002650555,0.004332997,0.001673092,0.002947452,0.000602942,0.124764055,0.016707657,0.034602564,0.002266261,0.00629919,0.004432195,0.00057749,0.001554684,0.004084678,0.001121621,0.002142336,0.004497681,0.000719488,0.005123257,0.00294179,0.001504269,0.017303655,0.00364442,0,0,0,0,0,0,0,0,0,0,0,0,0,0,0,0,0,0,0,0,0,0,0,0,0,0,0,0
ast_early_fusion,477917_4,Bus,Bird sounds,Bird sounds,0.996387959,-6.133491993,5.619870186,-6.65956068,-8.14162159,-2.94771266,-5.952004433,-6.761688232,-8.104336739,-6.347058296,-6.042871952,-5.683064461,-7.61909914,-4.456465721,-7.514032364,-6.274912357,-6.048753262,-6.657954216,-1.595864773,-6.254935741,-7.246069908,-6.936288357,-5.119249344,-6.757019043,-6.909439564,-5.960277081,-6.627317905,-5.143590927,-7.136777878,0.002164299,0.996387959,0.001280069,0.00029108,0.049844731,0.002593877,0.001155936,0.000302134,0.001748829,0.002369103,0.003391572,0.000490743,0.011470208,0.00054508,0.001879417,0.002355243,0.001282124,0.168560371,0.001917266,0.000712463,0.000970926,0.005944957,0.00116134,0.000997322,0.002572562,0.001321959,0.005802824,0.000794679,0,1,0,0,0,0,0,0,0,0,0,0,0,0,0,0,0,0,0,0,0,0,0,0,0,0,0,0
ast_early_fusion,477922_4,Car,"Bird sounds,Car",Bird sounds,0.990722716,-4.018486977,4.670866489,-6.552723408,-7.242913246,1.157448769,-5.70207262,-6.854111671,-8.084300995,-6.493920326,-8.115170479,-4.516285896,-7.977957726,-6.242429256,-7.186597347,-8.466392517,-6.218328953,-6.158623695,-6.622945786,-7.112020969,-7.283565044,-2.585981607,-5.321345329,-3.706141949,-7.32192421,-8.170483589,-3.19337678,-4.864731312,-7.595973492,0.017662574,0.990722716,0.001424195,0.000714714,0.760868847,0.003327926,0.001053996,0.000308247,0.001510323,0.00029888,0.010811379,0.000342821,0.001941348,0.000756087,0.000210378,0.00198861,0.002110698,0.001327744,0.000814582,0.000686262,0.070046082,0.004862417,0.023982834,0.000660453,0.000282801,0.039415728,0.007654852,0.000502218,0,1,0,0,1,0,0,0,0,0,0,0,0,0,0,0,0,0,0,0,0,0,0,0,0,0,0,0
ast_early_fusion,478316_1,Footsteps,Footsteps,Footsteps,0.996938467,-7.270448208,-6.203052044,-8.084114075,-8.313948631,-7.414691448,-6.965347767,-8.012264252,-8.57612896,-6.240235806,-6.603138924,5.785776615,-7.1255126,-6.971051216,-7.399945736,-8.063874245,-8.083961487,-8.61883831,-7.000800133,-7.478155136,-8.32843399,-8.228851318,-5.874024391,-8.201648712,-7.698125839,-9.17209053,-8.26278019,-6.9570961,-9.058969498,0.000695316,0.002019161,0.000308305,0.000245014,0.000601976,0.000943144,0.000331264,0.000188518,0.001945603,0.001354268,0.996938467,0.000803674,0.000937785,0.000610913,0.000314606,0.000308352,0.000180637,0.000910323,0.00056498,0.000241492,0.000266771,0.002803653,0.000274126,0.000453471,0.000103888,0.000257874,0.000950951,0.000116329,0,0,0,0,0,0,0,0,0,0,1,0,0,0,0,0,0,0,0,0,0,0,0,0,0,0,0,0
ast_early_fusion,478385_3,Footsteps,Footsteps,Footsteps,0.975516737,-7.292750835,-5.948968887,-6.344675541,-7.940917492,-7.008176327,-6.502972126,-7.143203735,-6.399734497,-6.631051064,-5.868128777,3.684976339,-6.71928072,-6.717140198,-7.116037369,-7.337999344,-7.282194614,-8.29466629,-6.677235126,-6.681099892,-7.254995823,-7.580246449,-6.377975941,-7.743729591,-7.715689182,-8.558249474,-7.113533974,-1.680503488,-6.846506596,0.000679991,0.002601742,0.001752994,0.000355753,0.000903639,0.001496734,0.000789592,0.001659241,0.001317039,0.002820184,0.975516737,0.00120595,0.001208531,0.000811319,0.000649928,0.000687202,0.000249783,0.001257671,0.001252826,0.000706136,0.000510175,0.001695677,0.000433264,0.00044558,0.000191918,0.000813351,0.157028809,0.001062034,0,0,0,0,0,0,0,0,0,0,1,0,0,0,0,0,0,0,0,0,0,0,0,0,0,0,0,0
ast_early_fusion,482681_2,"Bird sounds,Crickets",Crickets,Crickets,0.997570336,-6.887645245,-1.213821292,-8.257429123,-9.530963898,-6.256660461,6.017552376,-7.610239029,-8.048957825,-7.553411007,-6.162032127,-6.905555248,-8.037640572,-4.821647644,-8.206368446,-8.463223457,-7.900454998,-8.834177017,-7.438010216,-7.231039047,-7.613062382,-8.840476036,-6.365596771,-7.669466019,-8.303256989,-8.379831314,-6.761389732,-6.348803997,-8.148620605,0.001019274,0.229025632,0.000259258,7.26E-05,0.001913969,0.997570336,0.000495108,0.000319333,0.000524044,0.002103531,0.001001199,0.000322966,0.007989166,0.000272836,0.000211046,0.000370438,0.000145647,0.000588109,0.000723245,0.000493713,0.000144733,0.001716762,0.000466649,0.000247647,0.000229396,0.001156281,0.001745784,0.00028905,0,0,0,0,0,1,0,0,0,0,0,0,0,0,0,0,0,0,0,0,0,0,0,0,0,0,0,0
ast_early_fusion,484112_0,"Car,Crickets","Car,Crickets",Crickets,0.995328665,-6.939337254,-5.112160206,-9.060369492,-8.792802811,4.860100746,5.361630917,-6.031222343,-8.619969368,-8.017374992,-6.557479858,-6.147697449,-8.209659576,-6.805853844,-8.391617775,-9.291540146,-8.226111412,-7.4864254,-6.891613483,-8.104829788,-7.428230762,-7.567691326,-5.764680862,-8.21027565,-7.636590958,-8.624206543,-6.687846661,-6.718094349,-9.567564964,0.000967974,0.005986998,0.000116167,0.000151799,0.992309928,0.995328665,0.002396797,0.000180433,0.000329576,0.001417446,0.002133837,0.000271939,0.00110605,0.000226709,9.22E-05,0.000267503,0.000560329,0.001015241,0.000301985,0.000593885,0.000516617,0.00312659,0.000271772,0.000482238,0.00017967,0.001244412,0.00120738,7.00E-05,0,0,0,0,1,1,0,0,0,0,0,0,0,0,0,0,0,0,0,0,0,0,0,0,0,0,0,0
ast_early_fusion,484112_1,"Car,Crickets","Car,Crickets",Crickets,0.994489193,-6.818904877,-6.029990673,-9.141531944,-8.410292625,4.421792984,5.195527554,-6.0771451,-8.155982018,-8.194896698,-6.533591747,-5.890337944,-7.989826202,-6.237626076,-8.283531189,-9.160331726,-8.565693855,-7.64204073,-7.316597939,-7.813678741,-7.848113537,-7.670949459,-5.793902397,-8.105556488,-7.523924351,-8.702292442,-6.414136887,-7.082446098,-9.285179138,0.001091724,0.002399744,0.000107112,0.000222515,0.988129854,0.994489193,0.002289465,0.000286931,0.000275983,0.001451664,0.002758412,0.000338778,0.001950677,0.00025258,0.000105117,0.000190495,0.000479618,0.000663978,0.000404005,0.000390336,0.000465958,0.003036821,0.000301766,0.000539718,0.000166177,0.001635554,0.000839012,9.28E-05,0,0,0,0,1,1,0,0,0,0,0,0,0,0,0,0,0,0,0,0,0,0,0,0,0,0,0,0
ast_early_fusion,485348_4,Speech,Speech,Speech,0.998279333,-7.239389896,-5.745222569,-7.715558529,-8.067442894,-6.707818031,-7.509018421,-3.675035477,-7.790532112,-7.396849632,-7.281238079,-6.595321655,-8.122529984,-7.242115021,-6.339238167,-8.430150986,-7.868647099,-7.512758732,-7.502661705,-7.231204033,-8.181153297,-8.049621582,6.363319874,-7.047205925,-8.271702766,-8.557495117,-8.078418732,-7.394830227,-8.856435776,0.000717235,0.003187828,0.000445638,0.000313486,0.001219836,0.000547819,0.024721846,0.000413462,0.000612806,0.000687859,0.001364882,0.000296689,0.000715284,0.001762535,0.000218141,0.000382405,0.000545775,0.00055131,0.000723126,0.000279801,0.000319121,0.998279333,0.00086908,0.000255584,0.000192063,0.000310065,0.000614044,0.000142442,0,0,0,0,0,0,0,0,0,0,0,0,0,0,0,0,0,0,0,0,0,1,0,0,0,0,0,0
ast_early_fusion,487429_3,"Bird sounds,Crickets","Bird sounds,Crickets",Crickets,0.996524155,-6.581868172,5.058470726,-7.629084587,-9.534422874,-6.969260693,5.658448219,-6.695446014,-8.181722641,-7.468485832,-7.368488789,-6.652584076,-7.902441025,-6.852889061,-7.637914181,-8.695228577,-8.059400558,-8.132746696,-7.148826599,-7.877455711,-7.874708176,-7.727326393,-5.824572563,-7.717522621,-8.129312515,-8.923779488,-7.191175938,-6.913818359,-8.949679375,0.001383343,0.993684828,0.000485869,7.23E-05,0.000939464,0.996524155,0.001235003,0.000279641,0.000570466,0.000630423,0.001289019,0.000369703,0.001055285,0.0004816,0.000167355,0.000316016,0.000293674,0.000785169,0.000379053,0.000380095,0.000440427,0.002945366,0.000444764,0.000294684,0.000133166,0.000752636,0.000992968,0.000129762,0,1,0,0,0,1,0,0,0,0,0,0,0,0,0,0,0,0,0,0,0,0,0,0,0,0,0,0
ast_early_fusion,487429_5,"Bird sounds,Crickets","Bird sounds,Crickets",Crickets,0.991844714,-5.906596184,2.815724373,-6.915148735,-8.627820969,-5.928054333,4.800903797,-6.281551838,-7.632982254,-6.170251369,-6.604487896,-5.44613409,-6.229595184,-2.860914707,-7.334263802,-8.181796074,-7.095143795,-6.723630905,-5.394055843,-7.299787521,-6.983194351,-7.022759914,-6.178910255,-8.122039795,-8.321146011,-7.752706528,-7.285452843,-6.146756649,-8.689308167,0.002714048,0.943519711,0.000991649,0.000179022,0.002656583,0.991844714,0.001867003,0.00048398,0.002086349,0.001352445,0.004294424,0.001966375,0.054119855,0.000652358,0.000279621,0.000828435,0.001200722,0.004522958,0.000675226,0.000926477,0.000890568,0.002068398,0.000296834,0.000243258,0.000429394,0.000684968,0.002135841,0.000168348,0,1,0,0,0,1,0,0,0,0,0,0,0,0,0,0,0,0,0,0,0,0,0,0,0,0,0,0
ast_early_fusion,488363_2,Falling water/Rain,Falling water/Rain,Falling water/Rain,0.99725914,-7.33995676,-6.269962311,-6.95524025,-7.231903553,-7.194157124,-7.460948467,-7.802904606,-8.713898659,5.896735668,-3.672248125,-7.187869549,-8.526772499,-8.64111805,-7.864289284,-8.093850136,-8.272195816,-8.083797455,-7.192072868,-7.115877151,-7.796795845,-7.761912346,-5.775512695,-7.458527565,-8.077643394,-7.518764973,-7.727073193,-5.516072273,-8.471426964,0.000648658,0.001888726,0.000952716,0.00072262,0.000750397,0.00057478,0.00040838,0.00016426,0.99725914,0.024789138,0.000755127,0.000198054,0.000176658,0.000384075,0.000305318,0.000255458,0.000308402,0.000751962,0.000811449,0.000410881,0.000425461,0.00309301,0.000576172,0.000310305,0.000542508,0.000440538,0.004005504,0.000209322,0,0,0,0,0,0,0,0,1,0,0,0,0,0,0,0,0,0,0,0,0,0,0,0,0,0,0,0
ast_early_fusion,494820_3,Speech,"Shout or scream,Speech",Speech,0.997569263,-7.304863453,-6.91708231,-8.40763092,-10.38365078,-7.503221035,-8.564292908,-8.611978531,-7.646626472,-8.073419571,-7.722294807,-5.638943672,-9.164890289,-9.231250763,-5.820868015,-8.029420853,-6.377967834,-6.625265121,-8.023258209,3.780073166,-6.283989429,-8.420779228,6.017128944,-9.299949646,-7.021154404,-10.70366955,-8.048861504,-7.78391552,-9.90680027,0.00067181,0.000989736,0.000223108,3.09E-05,0.000551002,0.000190762,0.000181881,0.000477425,0.000311618,0.000442647,0.003544019,0.000104639,9.79E-05,0.002956265,0.000325631,0.001695691,0.001324672,0.000327643,0.977688134,0.001862466,0.000220194,0.997569263,9.14E-05,0.000891998,2.25E-05,0.000319363,0.000416205,4.98E-05,0,0,0,0,0,0,0,0,0,0,0,0,0,0,0,0,0,0,1,0,0,1,0,0,0,0,0,0
ast_early_fusion,495028_4,Speech,Speech,Speech,0.99927789,-7.498586178,-5.614088535,-7.418496132,-7.909209251,-3.915684938,-8.41180706,-6.593173981,-7.213028431,-7.310674667,-5.35091877,-6.186918259,-10.03710938,-7.894337654,-5.805687904,-7.418685913,-5.392147541,-8.192724228,-8.985028267,-3.364902496,-7.159245968,-6.505750179,7.23263979,-6.164192677,-7.239748001,-8.871707916,-7.817813396,-6.7662673,-9.485708237,0.00055356,0.003632885,0.000599691,0.00036721,0.019537574,0.000222179,0.001367812,0.000736379,0.00066792,0.004721393,0.002051935,4.37E-05,0.00037271,0.003001348,0.000599577,0.004531558,0.000276583,0.000125256,0.033410538,0.000777036,0.001492588,0.99927789,0.002099001,0.000716978,0.000140283,0.000402339,0.001150661,7.59E-05,0,0,0,0,0,0,0,0,0,0,0,0,0,0,0,0,0,0,0,0,0,1,0,0,0,0,0,0
ast_early_fusion,496078_2,"Bell,Bird sounds,Shout or scream,Speech","Shout or scream,Speech",Shout or scream,0.998230994,-2.701131821,-4.260408878,-6.727275848,-11.75297928,-5.197267532,-8.119915009,-9.719341278,-9.293717384,-9.681049347,-8.54242897,-6.587965012,-10.79208374,-10.73985195,-6.756607056,-10.85999775,-1.980869293,-2.984648705,-7.870016575,6.335566044,-7.305558205,-3.79595542,3.696049452,-7.611858368,-4.829985142,-9.985442162,-3.489200115,-5.887562275,-11.64292431,0.062906601,0.013920028,0.001196358,7.87E-06,0.005501228,0.000297465,6.01E-05,9.20E-05,6.25E-05,0.000194978,0.001374946,2.06E-05,2.17E-05,0.001161818,1.92E-05,0.121226192,0.048124231,0.000381882,0.998230994,0.000671343,0.021968005,0.975779772,0.000494307,0.007923359,4.61E-05,0.029621089,0.002766058,8.78E-06,0,0,0,0,0,0,0,0,0,0,0,0,0,0,0,0,0,0,1,0,0,1,0,0,0,0,0,0
ast_early_fusion,500290_4,"Bird sounds,Flowing water",Bird sounds,Bird sounds,0.995272458,-5.677830219,5.349617004,-6.695810318,-7.794522762,-6.927582741,-6.874029636,-7.459429264,-8.192508698,-5.496875763,-1.643423796,-5.731757164,-6.688363552,-4.443939686,-7.934332848,-6.826900482,-7.136750698,-7.964765549,-6.083090782,-6.631062031,-8.153697968,-7.375916958,-4.866457939,-5.779826641,-7.22279644,-6.560713768,-6.744921684,-5.914274693,-7.025924683,0.00340931,0.995272458,0.001234554,0.000411816,0.000979408,0.001033232,0.000575653,0.000276642,0.004082822,0.161999717,0.003230904,0.00124377,0.011613108,0.000358103,0.001083039,0.0007947,0.000347372,0.002275924,0.001317025,0.000287587,0.00062576,0.007641748,0.003079737,0.000729227,0.001412877,0.001175458,0.002693344,0.000887757,0,1,0,0,0,0,0,0,0,0,0,0,0,0,0,0,0,0,0,0,0,0,0,0,0,0,0,0
ast_early_fusion,502920_1,"Bird sounds,Siren,Vehicle horn","Bird sounds,Siren,Vehicle horn",Siren,0.991111338,-8.166306496,1.60958755,-7.055053234,-8.122662544,-2.392213583,-7.441108704,-10.32160854,-8.317873955,-8.561632156,-9.047596931,-7.674798965,-12.95039558,-7.774411678,-7.187644005,-10.18294525,-9.273803711,-8.857302666,-9.307414055,-6.606933117,-9.31013298,4.714053154,-4.797433853,-8.251491547,-9.028576851,-1.352947712,2.270474672,-6.513213634,-9.19609642,0.000283985,0.833354056,0.000862293,0.000296649,0.083768375,0.00058629,3.29E-05,0.000244055,0.00019127,0.00011766,0.000464168,2.38E-06,0.000420178,0.000755297,3.78E-05,9.38E-05,0.000142318,9.07E-05,0.001349146,9.05E-05,0.991111338,0.008183373,0.000260801,0.000119919,0.205388874,0.906402051,0.001481506,0.000101424,0,1,0,0,0,0,0,0,0,0,0,0,0,0,0,0,0,0,0,0,1,0,0,0,0,1,0,0
ast_early_fusion,504523_5,Wind,Wind,Wind,0.932195067,-7.520141602,-6.488179207,-5.968542099,-5.587539196,-7.11579895,-6.732779503,-5.628722668,-6.69914341,-6.975993156,-6.962178707,-6.751703739,-7.742880344,-7.076623917,-6.137842178,-7.133875847,-7.607455254,-6.455280304,-7.083437443,-8.021538734,-7.059912205,-7.04581356,-6.19354248,-4.538025856,-6.669397831,-8.381762505,-5.592216015,-6.401352406,2.620906591,0.000541762,0.001519006,0.002551442,0.003730264,0.000811512,0.0011898,0.003580298,0.001230451,0.000933167,0.000946135,0.001167522,0.000433632,0.000843907,0.002154925,0.000796986,0.000496488,0.001569731,0.000838181,0.000328207,0.000858117,0.00087029,0.002038415,0.010581337,0.001267554,0.000228954,0.003712923,0.001656563,0.932195067,0,0,0,0,0,0,0,0,0,0,0,0,0,0,0,0,0,0,0,0,0,0,0,0,0,0,0,1
ast_early_fusion,504677_0,"Bird sounds,Dog","Bird sounds,Dog",Dog,0.995832741,-7.282763481,5.247324467,-7.80862236,-9.852045059,-7.427192688,-6.483491421,5.476309776,-8.347857475,-7.792250156,-6.859622955,-5.153068542,-7.32834053,-5.163152218,-8.033308029,-9.59107399,-7.622995853,-8.288166046,-7.380620003,-7.616980076,-8.130462646,-7.777475834,-5.395639896,-7.161429405,-8.042613983,-9.29019928,-8.41204071,-6.847805023,-9.242935181,0.000686812,0.994765997,0.000406052,5.26E-05,0.000594502,0.001526132,0.995832741,0.000236847,0.000412752,0.00104821,0.005748401,0.000656231,0.005691056,0.000324368,6.83E-05,0.000488835,0.000251412,0.000622826,0.000491783,0.000294345,0.000418893,0.004515831,0.000775343,0.000321364,9.23E-05,0.000222127,0.001060658,9.68E-05,0,1,0,0,0,0,1,0,0,0,0,0,0,0,0,0,0,0,0,0,0,0,0,0,0,0,0,0
ast_early_fusion,504677_3,"Bird sounds,Dog","Bird sounds,Dog",Bird sounds,0.996250212,-5.765820026,5.58229208,-6.939623356,-8.620672226,-5.722131729,-5.745709419,1.438495398,-7.862731457,-6.93901825,-6.85221529,-5.864121437,-6.746538162,-4.56652689,-6.930578709,-7.916094303,-7.372402668,-7.786396027,-7.013102055,-6.60474062,-6.936918736,-6.41038847,-5.471515656,-5.919886589,-6.699436665,-7.021477699,-7.109028816,-6.229262352,-8.206002235,0.003123041,0.996250212,0.000967697,0.000180306,0.003262051,0.003186281,0.808221519,0.000384673,0.000968282,0.001055995,0.002831477,0.001173561,0.010287073,0.000976481,0.000364691,0.000627962,0.000415175,0.000899203,0.001352104,0.000970315,0.001641686,0.004187247,0.002678312,0.001230091,0.00089171,0.000817021,0.001967028,0.000272935,0,1,0,0,0,0,1,0,0,0,0,0,0,0,0,0,0,0,0,0,0,0,0,0,0,0,0,0
ast_early_fusion,505291_2,"Footsteps,Speech","Bird sounds,Speech",Speech,0.998793721,-6.962050438,0.809622943,-6.965264797,-6.309559345,-8.478809357,-7.292392254,-8.606880188,-8.829587936,-7.934297085,-7.879433155,-0.877617717,-6.157624245,-6.905695438,-5.634872913,-8.238411903,-6.694591522,-7.966773033,-6.285187244,-6.131457806,-5.994597912,-6.701763153,6.719027996,-9.286169052,-7.984396935,-8.427343369,-9.375621796,-4.80900526,-9.665076256,0.000946256,0.692029119,0.000943222,0.001815532,0.000207783,0.000680235,0.00018281,0.000146317,0.000358115,0.000378304,0.293671668,0.002112804,0.001001059,0.003558424,0.000264234,0.001236058,0.000346676,0.001860241,0.002168697,0.002485983,0.001227236,0.998793721,9.27E-05,0.000340622,0.000218754,8.48E-05,0.008089987,6.35E-05,0,1,0,0,0,0,0,0,0,0,0,0,0,0,0,0,0,0,0,0,0,1,0,0,0,0,0,0
ast_early_fusion,505996_3,Bird sounds,Bird sounds,Bird sounds,0.99542433,-6.230352879,5.382412434,-6.174769878,-7.890357971,-6.968682289,-5.942792892,-5.924281597,-7.386229515,-7.050981998,-6.210123062,-4.861013889,-7.01843071,-6.712022305,-6.73640871,-6.955254555,-7.093737602,-7.492970467,-6.561551094,-5.431955338,-6.656743526,-6.787551403,-4.124528408,-6.835659981,-7.74452734,-7.151247025,-6.15473032,-6.087562084,-7.24354744,0.001964889,0.99542433,0.002076962,0.000374195,0.000940008,0.002617818,0.002666598,0.000619344,0.000865807,0.002004962,0.007683142,0.000894429,0.001214725,0.001185495,0.000952703,0.0008296,0.000556676,0.001411695,0.00435548,0.001283675,0.001126456,0.015913775,0.001073604,0.000432919,0.000783272,0.002118914,0.002265793,0.000714261,0,1,0,0,0,0,0,0,0,0,0,0,0,0,0,0,0,0,0,0,0,0,0,0,0,0,0,0
ast_early_fusion,508637_0,Metro,Tram,Tram,0.894426048,-7.487277985,-6.667293549,-6.604534626,-6.239670753,-7.719932079,-7.782050133,-6.798767567,-6.077604294,-6.383785725,-7.596949577,-6.477922916,-8.36328125,-7.718817234,-8.442399025,-3.203160048,-5.480380058,-7.869183064,-6.136040688,-6.115131855,-7.358795643,-5.731258869,-5.437889576,-6.146437645,2.136770248,-8.689374924,-6.029234886,-6.079188824,-5.508847237,0.000559852,0.001270221,0.001352382,0.001946701,0.000443694,0.000416982,0.001113907,0.002288416,0.001685871,0.000501729,0.001534641,0.000233223,0.000444189,0.000215486,0.03904698,0.004150447,0.0003822,0.002158802,0.002204315,0.00063656,0.003232509,0.004329822,0.002136521,0.894426048,0.000168337,0.002401554,0.002284801,0.004034432,0,0,0,0,0,0,0,0,0,0,0,0,0,0,0,0,0,0,0,0,0,0,0,1,0,0,0,0
ast_early_fusion,508637_1,Metro,,Train,0.33482185,-6.503694057,-5.107441425,-4.682963371,-6.15636301,-8.169258118,-6.983549118,-5.856656551,-7.253123283,-6.203446865,-5.834760666,-5.301308155,-4.179474831,-6.160069466,-7.453898907,-4.661067486,-5.940327644,-7.057400703,-7.856805325,-7.473361969,-6.426399708,-6.960529327,-4.28171587,-0.686456382,-7.178946972,-8.363799095,-5.90645647,-2.800998926,-5.827348709,0.001495655,0.006015146,0.00916675,0.002115465,0.000283148,0.000926149,0.002852632,0.000707459,0.002018366,0.002915598,0.004960341,0.015075785,0.002107655,0.000578844,0.009367777,0.002624262,0.000860272,0.000386959,0.000567693,0.001615652,0.000947695,0.01363057,0.33482185,0.000761889,0.000233103,0.002714426,0.057270218,0.002937224,0,0,0,0,0,0,0,0,0,0,0,0,0,0,0,0,0,0,0,0,0,0,0,0,0,0,0,0
ast_early_fusion,509716_1,Musical instrument,Musical instrument,Musical instrument,0.622691631,-6.147292614,-6.754986286,-7.18502903,-6.424407959,-2.51686883,-5.514975548,-5.642229557,-6.949936867,-4.150459766,-4.664038181,-0.534622431,-5.528232098,-4.560930252,-5.90520525,-5.759740353,-4.825644493,0.500988662,-5.339314938,-6.055482388,-5.589526653,-6.376226902,-5.499947071,-6.980460167,-7.62808609,-7.671103954,-5.768137932,-6.182024479,-8.051260948,0.002134699,0.0011637,0.000757273,0.001618868,0.074684039,0.004009882,0.003532434,0.000957777,0.015512735,0.009340249,0.369439423,0.003957284,0.010344211,0.002717816,0.003142026,0.007957552,0.622691631,0.004776235,0.002339485,0.003722885,0.001698641,0.004070352,0.000929011,0.000486355,0.000465886,0.003115833,0.00206198,0.000318598,0,0,0,0,0,0,0,0,0,0,0,0,0,0,0,0,1,0,0,0,0,0,0,0,0,0,0,0
ast_early_fusion,510071_1,Speech,Speech,Speech,0.998341441,-6.835618496,-6.939766407,-7.311312675,-9.204889297,-7.214186192,-7.75160408,-7.537902355,-7.649416447,-6.926717281,-7.279580116,-7.016587257,-8.165266037,-7.84597826,-6.968411446,-7.802806377,-6.566664219,-7.754005909,-7.472416878,-7.043189049,-6.783973694,-7.75894928,6.400146961,-6.902127266,-8.265091896,-8.367964745,-7.509134769,-7.734890461,-8.911870956,0.001073648,0.000967559,0.000667494,0.000100536,0.000735528,0.000429867,0.00053223,0.000476095,0.000980255,0.000689,0.000896077,0.00028428,0.00039117,0.000940262,0.00040842,0.001404506,0.000428837,0.000568229,0.000872575,0.001130489,0.000426723,0.998341441,0.001004634,0.000257279,0.000232134,0.000547755,0.000437109,0.000134761,0,0,0,0,0,0,0,0,0,0,0,0,0,0,0,0,0,0,0,0,0,1,0,0,0,0,0,0
ast_early_fusion,512847_1,Siren,Siren,Siren,0.988553762,-7.749157429,-7.291213512,-8.028999329,-8.402436256,-6.201179504,-6.773692608,-8.174503326,-6.132132053,-7.216351986,-7.525740623,-7.122730255,-10.3389492,-7.687361717,-7.439340115,-7.718036175,-5.728168011,-7.549971581,-7.20189333,-5.405558586,-9.503386497,4.458584309,-6.197236538,-7.542515755,-8.328102112,-8.772982597,-5.830910683,-7.036713123,-7.920492172,0.00043092,0.000681036,0.000325768,0.00022427,0.002022938,0.001142158,0.000281667,0.002167238,0.000733938,0.000538739,0.000805912,3.23E-05,0.000458376,0.000587328,0.000444535,0.003242483,0.000525848,0.000744619,0.004471461,7.46E-05,0.988553762,0.002030914,0.000529782,0.000241572,0.000154837,0.002926811,0.000878239,0.000363092,0,0,0,0,0,0,0,0,0,0,0,0,0,0,0,0,0,0,0,0,1,0,0,0,0,0,0,0
ast_early_fusion,512849_2,"Car,Laughter","Car,Speech",Speech,0.997925043,-5.807032108,-6.749024868,-7.040265083,-7.913594246,2.924221039,-6.791798115,-6.995637417,-8.825413704,-8.53857708,-7.135955811,-6.83414793,-8.877795219,-7.465772629,-4.595650196,-9.379883766,-9.414041519,-6.584390163,-8.771108627,-6.431379795,-7.944707394,-6.933228493,6.175738335,-6.106178284,-9.280366898,-8.183207512,-3.969479799,-7.89289999,-9.420891762,0.002997329,0.00117065,0.000875128,0.000365604,0.949030876,0.001121688,0.000915031,0.000146929,0.00019573,0.000795332,0.001075227,0.000139432,0.000572015,0.009994751,8.44E-05,8.16E-05,0.001379863,0.000155127,0.001607639,0.000354408,0.000973899,0.997925043,0.002224096,9.32E-05,0.000279227,0.018533284,0.000373246,8.10E-05,0,0,0,0,1,0,0,0,0,0,0,0,0,0,0,0,0,0,0,0,0,1,0,0,0,0,0,0
ast_early_fusion,512849_3,"Car,Speech","Car,Speech",Speech,0.997527778,-6.875784874,-5.614534378,-7.746896744,-7.458026409,2.444842577,-7.712114334,-7.674685001,-7.690639019,-7.7289958,-8.459529877,-7.747309208,-8.446503639,-7.26795435,-5.717538834,-8.422976494,-6.910743237,-7.707931995,-6.302436829,-5.645126343,-6.605609417,-6.057771206,6.00013876,-4.504721642,-8.082968712,-6.347438335,-5.511017799,-7.473462582,-8.149499893,0.001031422,0.003631272,0.000431895,0.000576461,0.92018348,0.000447175,0.000464221,0.000456877,0.000439692,0.000211827,0.000431717,0.000214604,0.000697051,0.003277019,0.000219711,0.000996024,0.000449048,0.001828486,0.003522252,0.001350931,0.002334149,0.997527778,0.010935755,0.000308658,0.001748166,0.004025719,0.000567636,0.000288796,0,0,0,0,1,0,0,0,0,0,0,0,0,0,0,0,0,0,0,0,0,1,0,0,0,0,0,0
ast_early_fusion,512862_1,"Car,Flowing water,Speech",Flowing water,Flowing water,0.996939063,-6.846874237,-6.99706459,-6.554057121,-8.603096008,-6.443249702,-7.185210228,-7.436898232,-8.765932083,-4.718445301,5.785952091,-7.595108986,-8.078887939,-7.894284725,-8.106179237,-7.858917236,-7.627624035,-8.594894409,-7.496789455,-7.575756073,-8.221014977,-7.843765736,-6.027364254,-8.583673477,-8.259770393,-7.919808865,-7.467686176,-6.456326962,-8.454338074,0.001061644,0.000913727,0.0014223,0.000183503,0.001588699,0.000757136,0.000588763,0.000155932,0.008850027,0.996939063,0.000502652,0.00030992,0.00037273,0.000301578,0.000386143,0.000486579,0.000185014,0.000554555,0.00051247,0.00026887,0.000392036,0.00240604,0.000187101,0.000258651,0.00036334,0.000570922,0.001568091,0.000212929,0,0,0,0,0,0,0,0,0,1,0,0,0,0,0,0,0,0,0,0,0,0,0,0,0,0,0,0
ast_early_fusion,513114_2,Wind,Wind,Wind,0.996876717,-8.432618141,-6.533877373,-7.384524345,-8.904067039,-7.14214325,-7.857916832,-7.938713074,-8.026918411,-7.254751205,-6.454710007,-7.771395206,-8.607438087,-5.873157024,-7.546500683,-8.088915825,-8.551113129,-9.394859314,-7.455022812,-8.729840279,-9.676364899,-8.040839195,-6.188082695,-8.729991913,-8.574587822,-9.04086113,-8.137191772,-6.197682858,5.765756607,0.000217604,0.001451251,0.000620401,0.000135817,0.00079043,0.000386529,0.000356538,0.000326446,0.000706309,0.001570625,0.000421447,0.000182708,0.002806079,0.000527676,0.000306828,0.000193292,8.31E-05,0.000578194,0.000161662,6.27E-05,0.000321935,0.002049551,0.000161638,0.000188809,0.000118455,0.000292372,0.002030009,0.996876717,0,0,0,0,0,0,0,0,0,0,0,0,0,0,0,0,0,0,0,0,0,0,0,0,0,0,0,1
ast_early_fusion,513121_1,Falling water/Rain,Falling water/Rain,Falling water/Rain,0.739407539,-6.819333553,-6.53619051,-5.620227814,-6.133377552,-6.730499744,-7.296905994,-6.382332325,-6.034237862,1.042891383,-6.866691589,-5.489883423,-6.220621586,-5.748486996,-6.850531101,-6.284134388,-2.680909157,-6.556208134,-5.356769562,-6.330940247,-6.330498219,-6.52433157,-5.233740807,-7.116192341,-7.254609585,-6.252532005,-5.971372604,-6.48764801,-2.625122786,0.001091257,0.001447902,0.003610731,0.002164546,0.001192512,0.000677173,0.001688319,0.002389598,0.739407539,0.001040834,0.004111352,0.001984065,0.003177472,0.001057773,0.001862197,0.064109303,0.001419248,0.004693979,0.001777195,0.001777979,0.00146515,0.005305241,0.000811194,0.000706409,0.001921872,0.002544248,0.001519812,0.067538954,0,0,0,0,0,0,0,0,1,0,0,0,0,0,0,0,0,0,0,0,0,0,0,0,0,0,0,0
ast_early_fusion,513141_1,Wind,Wind,Wind,0.995174229,-8.357213974,-6.504333973,-6.864049911,-8.674827576,-6.681561947,-7.723125935,-7.337079048,-7.347191334,-6.992768288,-6.234634876,-7.455921173,-8.584477425,-6.095097542,-7.288636684,-7.340981483,-7.243309975,-8.94084549,-6.996516705,-8.312039375,-8.642754555,-7.677598476,-6.065578461,-8.115709305,-7.667059422,-8.487967491,-7.113643169,-6.279705524,5.328940392,0.000234642,0.0014947,0.001043584,0.000170803,0.001252248,0.00044228,0.000650526,0.000643985,0.000917657,0.001956509,0.000577675,0.000186951,0.002248822,0.000682792,0.000647994,0.000714431,0.000130913,0.000914227,0.000245483,0.000176369,0.000462871,0.002316038,0.000298719,0.000467773,0.000205889,0.000813262,0.001870447,0.995174229,0,0,0,0,0,0,0,0,0,0,0,0,0,0,0,0,0,0,0,0,0,0,0,0,0,0,0,1
ast_early_fusion,513213_3,Wind,Wind,Wind,0.986241221,-7.535600662,-5.907547951,-5.982006073,-7.563865662,-6.228545666,-7.250846386,-6.709603786,-6.470556259,-6.389474392,-6.485311031,-6.970843792,-7.529155254,-6.471858978,-6.54121685,-6.774017811,-7.012533665,-8.145851135,-5.510109425,-7.617366791,-7.577486038,-7.221926212,-5.651661873,-6.064329624,-5.243240356,-7.293832302,-6.349162102,-6.288110256,4.272224903,0.000533456,0.002711473,0.002517405,0.000518597,0.001968436,0.00070907,0.001217662,0.00154597,0.001676324,0.001523362,0.00093798,0.000536903,0.001543961,0.001440653,0.001141788,0.000899714,0.000289852,0.004029363,0.000491593,0.000511585,0.000729861,0.003499387,0.002318926,0.005255345,0.000679256,0.001745161,0.001854821,0.986241221,0,0,0,0,0,0,0,0,0,0,0,0,0,0,0,0,0,0,0,0,0,0,0,0,0,0,0,1
ast_early_fusion,513225_2,Wind,Wind,Wind,0.99616915,-8.42006588,-6.476977348,-7.40748024,-9.412285805,-7.209452629,-7.840081215,-7.58995676,-7.426532269,-7.714429379,-7.221977234,-7.877803326,-8.736104965,-6.868282795,-7.65577364,-7.582595348,-7.68803072,-9.407328606,-7.652127266,-8.53597641,-9.199309349,-7.836530209,-6.036360264,-8.021905899,-8.260248184,-8.96893692,-7.660891056,-6.941597939,5.560825348,0.000220352,0.001536091,0.00060633,8.17E-05,0.000739015,0.000393482,0.000505248,0.000594894,0.000446141,0.000729824,0.000378921,0.000160653,0.001039181,0.00047308,0.000508979,0.00045807,8.21E-05,0.000474807,0.00019624,0.000101099,0.000394881,0.002384543,0.000328086,0.000258528,0.000127287,0.000470666,0.00096579,0.99616915,0,0,0,0,0,0,0,0,0,0,0,0,0,0,0,0,0,0,0,0,0,0,0,0,0,0,0,1
ast_early_fusion,513227_4,Wind,Wind,Wind,0.993794441,-8.024503708,-6.338082314,-6.605326176,-8.519044876,-6.191343784,-7.281764507,-7.163089752,-7.55102253,-6.948047638,-6.13388443,-7.074358463,-7.93206358,-6.603945255,-7.088420868,-7.50962925,-7.072508812,-8.789580345,-6.2132864,-8.120239258,-8.278593063,-7.866772175,-6.025618553,-8.117770195,-7.552967072,-8.39512825,-7.138446808,-6.328136921,5.076079845,0.000327235,0.00176457,0.001351313,0.00019959,0.002042892,0.000687498,0.000774058,0.000525296,0.000959587,0.002163452,0.000845819,0.000358916,0.001353178,0.000834018,0.000547484,0.000847384,0.000152289,0.001998643,0.000297369,0.00025383,0.000383123,0.002410233,0.000298104,0.000524276,0.000225914,0.000793354,0.001782175,0.993794441,0,0,0,0,0,0,0,0,0,0,0,0,0,0,0,0,0,0,0,0,0,0,0,0,0,0,0,1
ast_early_fusion,513452_4,Crickets,Crickets,Crickets,0.997000158,-7.625994205,-6.752733707,-7.93350029,-8.799380302,-6.967560768,5.806214809,-6.455194473,-7.693015575,-7.574727535,-7.286068439,-6.202205181,-7.877061367,-7.380590916,-8.151954651,-8.63147831,-8.038556099,-7.693719387,-6.790220261,-6.766633511,-7.49485445,-8.049180984,-5.935726166,-7.162974834,-8.136071205,-9.069549561,-7.107882977,-6.288843632,-9.137283325,0.000487373,0.001166321,0.000358401,0.000150804,0.000941061,0.997000158,0.001569865,0.000455793,0.000512997,0.000684547,0.002020868,0.000379202,0.000622844,0.000288089,0.000178369,0.000322671,0.000455473,0.001123457,0.00115024,0.000555629,0.000319261,0.002636334,0.000774147,0.0002927,0.000115105,0.000817957,0.001853464,0.000107568,0,0,0,0,0,1,0,0,0,0,0,0,0,0,0,0,0,0,0,0,0,0,0,0,0,0,0,0
ast_early_fusion,513625_0,Flowing water,Flowing water,Flowing water,0.99624747,-6.951388359,-6.977755547,-6.857209206,-8.956110954,-6.718565941,-7.472174644,-7.396674156,-8.892098427,-6.892997265,5.581566811,-6.827542305,-7.940145969,-7.667662144,-8.27398777,-7.922572136,-7.590049267,-8.387408257,-7.37369442,-7.756129265,-8.574562073,-7.909080505,-6.061814308,-8.440633774,-8.42473793,-8.534350395,-7.609121799,-6.311330795,-8.29516983,0.00095639,0.000931525,0.00105074,0.00012893,0.001206812,0.000568367,0.000612913,0.000137452,0.001013839,0.99624747,0.001082345,0.000356028,0.000467491,0.000255001,0.000362337,0.000505201,0.000227665,0.000627152,0.000427927,0.000188813,0.000367257,0.002324752,0.000215867,0.000219325,0.000196559,0.000495661,0.001812325,0.000249658,0,0,0,0,0,0,0,0,0,1,0,0,0,0,0,0,0,0,0,0,0,0,0,0,0,0,0,0
ast_early_fusion,513629_1,Flowing water,Flowing water,Flowing water,0.994209528,-6.32066679,-6.722985744,-5.885278225,-8.314136505,-6.798697472,-6.938339233,-7.134160995,-8.285416603,-6.038403988,5.145722389,-6.590426922,-7.757544994,-6.938296795,-7.96945715,-7.659256458,-7.0835042,-8.093345642,-7.059063911,-7.310199261,-8.142683029,-7.563187122,-6.487229347,-8.445755959,-8.415291786,-8.069722176,-7.450851917,-5.433554173,-7.851067543,0.001795514,0.001201496,0.002772365,0.000244968,0.001113984,0.000968939,0.000796759,0.000252104,0.002379687,0.994209528,0.00137157,0.000427322,0.00096898,0.000345747,0.000471436,0.000838126,0.000305472,0.000858844,0.000668237,0.000290771,0.000518948,0.001520447,0.000214764,0.000221406,0.000312772,0.000580609,0.004348552,0.000389185,0,0,0,0,0,0,0,0,0,1,0,0,0,0,0,0,0,0,0,0,0,0,0,0,0,0,0,0
ast_early_fusion,514553_1,"Musical instrument,Singing","Musical instrument,Singing",Singing,0.99491322,-7.611912727,-6.469403267,-7.574299812,-8.977553368,-7.375015736,-7.373707771,-8.382211685,-7.385842323,-8.28094101,-7.651398659,-7.181789398,-9.871053696,-8.152321815,-5.493261814,-8.015005112,-7.352095604,4.2935009,-7.561684132,-7.10235405,5.276024342,-9.017723083,-4.779943943,-8.613412857,-9.579222679,-9.891875267,-8.623012543,-7.649366856,-10.58448601,0.000494281,0.001547751,0.000513216,0.000126195,0.000626324,0.000627144,0.000228851,0.000619584,0.000253235,0.000475153,0.000759729,5.16E-05,0.000287983,0.004097543,0.000330357,0.000640836,0.986527026,0.000519729,0.000822488,0.99491322,0.000121227,0.008326556,0.00018162,6.91E-05,5.06E-05,0.000179885,0.000476119,2.53E-05,0,0,0,0,0,0,0,0,0,0,0,0,0,0,0,0,1,0,0,1,0,0,0,0,0,0,0,0
ast_early_fusion,514870_1,"Bird sounds,Footsteps","Bird sounds,Footsteps",Footsteps,0.997487903,-7.162575722,2.479044914,-7.956208229,-8.867711067,-7.623653412,-7.029031277,-5.567374706,-7.924227715,-9.11088562,-5.969482899,5.984123707,-5.872824192,-7.231126785,-6.648719311,-8.58181572,-7.605699062,-7.836908817,-7.023559093,-7.765758991,-8.279057503,-7.035029411,-6.274637222,-7.197497368,-7.884419441,-8.753391266,-8.167006493,-5.987597466,-8.677084923,0.000774455,0.922659695,0.000350357,0.000140845,0.000488514,0.000885005,0.003805957,0.000361738,0.000110445,0.002549048,0.997487903,0.002807011,0.000723182,0.001294004,0.000187449,0.00049736,0.000394732,0.000889857,0.000423828,0.000253712,0.000879718,0.001879934,0.000747897,0.000376423,0.0001579,0.000283786,0.002503403,0.000170418,0,1,0,0,0,0,0,0,0,0,1,0,0,0,0,0,0,0,0,0,0,0,0,0,0,0,0,0
ast_early_fusion,515538_0,"Bird sounds,Insects","Bird sounds,Crickets",Bird sounds,0.992971122,-6.405111313,4.950677395,-6.732954979,-8.975925446,-7.235914707,2.183876753,-7.040971279,-7.610318184,-7.009769917,-5.662430763,-7.296239853,-6.7939744,-0.24127835,-8.228580475,-7.19987154,-7.4030056,-7.812811852,-6.816782475,-7.294931412,-7.216933727,-7.507257462,-5.544633389,-8.038124084,-8.119227409,-7.38637495,-6.836265087,-6.478316307,-7.851862907,0.001650358,0.992971122,0.001189591,0.000126401,0.00071973,0.898792267,0.000874511,0.000495069,0.000902202,0.003462035,0.000677624,0.001119252,0.439971328,0.000266844,0.000746125,0.000609047,0.000404355,0.001094041,0.000678511,0.000733511,0.000548784,0.00389316,0.00032281,0.00029767,0.000619254,0.001072955,0.001534038,0.000388875,0,1,0,0,0,1,0,0,0,0,0,0,0,0,0,0,0,0,0,0,0,0,0,0,0,0,0,0
ast_early_fusion,515868_0,"Crickets,Plane","Crickets,Speech",Speech,0.99175477,-7.872815609,-2.949045897,-8.137377739,-9.628507614,-1.523352146,1.97416687,-3.738010645,-9.88096714,-9.278828621,-8.277772903,-5.536483288,-9.669361115,-2.880740166,-7.578934669,-9.359191895,-8.980101585,-11.27790642,-5.483641148,-1.334850669,-7.714204311,-8.063459396,4.789847851,-11.08200932,-8.775156975,-7.455804348,-6.733643055,-6.26048708,-9.787741661,0.000380815,0.049781628,0.000292317,6.58E-05,0.17896843,0.878058016,0.023248069,5.11E-05,9.34E-05,0.000254038,0.003924894,6.32E-05,0.0531139,0.000510844,8.62E-05,0.000125874,1.26E-05,0.00413699,0.208358139,0.000446241,0.000314737,0.99175477,1.54E-05,0.000154501,0.000577743,0.001188774,0.001906673,5.61E-05,0,0,0,0,0,1,0,0,0,0,0,0,0,0,0,0,0,0,0,0,0,1,0,0,0,0,0,0
ast_early_fusion,517422_3,"Bird sounds,Flowing water,Footsteps","Bird sounds,Footsteps",Bird sounds,0.996346533,-7.394598007,5.608413219,-7.246995926,-10.16583252,-4.604383945,-8.18132782,-6.622189045,-8.600975037,-8.744377136,-3.574998856,5.496792793,-7.825918674,-7.789563179,-9.356506348,-9.727682114,-8.314405441,-8.857615471,-7.278569221,-7.956464767,-9.89381218,-7.460637569,-5.994856358,-8.392568588,-8.50432682,-9.358850479,-8.254118919,-6.735789299,-10.09518528,0.000614186,0.996346533,0.000711804,3.85E-05,0.009908701,0.000279752,0.001328747,0.000183893,0.000159329,0.027251981,0.995916903,0.000399092,0.000413862,8.64E-05,5.96E-05,0.000244902,0.000142274,0.000689696,0.000350267,5.05E-05,0.000574959,0.002485343,0.000226493,0.000202549,8.62E-05,0.000260117,0.001186229,4.13E-05,0,1,0,0,0,0,0,0,0,0,1,0,0,0,0,0,0,0,0,0,0,0,0,0,0,0,0,0
ast_early_fusion,517859_4,"Bird sounds,Insects",Bird sounds,Bird sounds,0.995945871,-6.291779041,5.503940582,-5.574147701,-7.926974297,-5.825835228,-7.120869637,-7.293440342,-7.883480072,-6.999474049,-5.430089474,-6.683774471,-6.615481377,-3.88097477,-7.293540001,-6.726198196,-6.490321636,-7.914358616,-7.133919716,-6.31510973,-6.886966705,-6.813952923,-5.735013485,-6.504019737,-8.033089638,-7.160783291,-6.056206226,-6.105023861,-7.118711948,0.001848041,0.995945871,0.003780363,0.000360746,0.00294166,0.000807411,0.000679523,0.000376777,0.00091153,0.004363579,0.001249484,0.001337678,0.020213684,0.000679455,0.001197647,0.00151576,0.000365325,0.000796951,0.001805502,0.001019965,0.001097138,0.003220434,0.001495169,0.000324439,0.000775844,0.002337796,0.002226659,0.000809154,0,1,0,0,0,0,0,0,0,0,0,0,0,0,0,0,0,0,0,0,0,0,0,0,0,0,0,0
ast_early_fusion,517899_2,Metro,Metro,Metro,0.955322325,-8.190922737,-7.118891716,-6.346948624,-6.553041458,-6.88940382,-6.585325718,-7.036120892,-6.94022274,-7.385704041,-5.827999115,-5.892102242,-7.859108925,-7.886469841,-8.349960327,3.062575817,-5.235808372,-6.84797287,-6.092686653,-6.639765263,-8.28626442,-3.730876923,-6.035995483,-6.544638157,-4.70917511,-7.851055622,-6.477698803,-6.677914143,-6.929977894,0.000277081,0.000809008,0.001749021,0.001423743,0.001017485,0.001378575,0.000878759,0.000967118,0.00061967,0.00293532,0.002753563,0.000386069,0.000375653,0.00023635,0.955322325,0.005294341,0.00106048,0.002254238,0.001305627,0.00025189,0.023410611,0.002385411,0.00143574,0.008931714,0.000389189,0.001534985,0.001256818,0.000977067,0,0,0,0,0,0,0,0,0,0,0,0,0,0,1,0,0,0,0,0,0,0,0,0,0,0,0,0
ast_early_fusion,518003_1,"Metro,Speech",Speech,Speech,0.998229921,-5.745315552,-6.678398132,-7.348610401,-8.625808716,-7.338294029,-6.79967308,-6.444066525,-7.784758568,-6.600888252,-7.59736824,-6.561830997,-7.847947121,-7.864358902,-7.740013123,-1.161677957,-7.711267948,-7.733337402,-6.722739697,-6.690151691,-7.71289444,-7.887878418,6.334951878,-4.20831728,-6.955189705,-8.513608932,-8.260361671,-6.788540363,-8.681810379,0.003187532,0.001256211,0.000643072,0.000179383,0.000649736,0.001112899,0.001587404,0.000415855,0.001357315,0.000501519,0.001411301,0.0003904,0.000384048,0.000434877,0.238362506,0.000447553,0.000437788,0.001201791,0.001241551,0.000446826,0.000375124,0.998229921,0.014653455,0.000952764,0.000200678,0.000258499,0.001125344,0.000169615,0,0,0,0,0,0,0,0,0,0,0,0,0,0,0,0,0,0,0,0,0,1,0,0,0,0,0,0
ast_early_fusion,518094_4,"Bird sounds,Car,Speech","Bird sounds,Car",Bird sounds,0.997055292,-6.231065273,5.824788094,-6.395108223,-8.223025322,1.865303516,-6.667745113,-6.569945812,-8.106468201,-7.086825371,-5.38411808,-6.27355957,-6.581324577,-4.02099371,-7.455472946,-7.94164753,-6.508540154,-7.863343239,-5.698767662,-6.598865032,-6.693684101,-6.74373579,-5.309239864,-6.729892731,-8.096086502,-7.386208057,-6.438924313,-2.305479765,-7.652080059,0.001963492,0.997055292,0.001666922,0.00026833,0.865913928,0.001269648,0.001399911,0.000301491,0.000835349,0.004567924,0.001881957,0.001384094,0.017619133,0.000577934,0.000355494,0.001488436,0.000384438,0.003338906,0.001360061,0.001237178,0.001176851,0.004921346,0.001193236,0.000304637,0.000619358,0.001595575,0.090670146,0.000474829,0,1,0,0,1,0,0,0,0,0,0,0,0,0,0,0,0,0,0,0,0,0,0,0,0,0,0,0
ast_early_fusion,518667_2,"Bird sounds,Insects,Speech","Bird sounds,Speech",Speech,0.998824179,-6.769594669,5.95938921,-7.772255898,-10.16402912,-7.698784828,-6.313223362,-4.044708252,-9.24059391,-8.343058586,-6.785851002,-7.978787422,-9.110879898,-5.727864265,-7.538904667,-8.978667259,-6.819663525,-8.760351181,-7.562201977,-7.044002056,-7.113686562,-8.406786919,6.744659424,-8.10291481,-10.43043423,-8.114133835,-8.721133232,-7.420135021,-10.54771519,0.001146843,0.997425199,0.000421084,3.85E-05,0.000453172,0.001808904,0.017213326,9.70E-05,0.000237987,0.001128371,0.000342537,0.000110445,0.003243465,0.000531697,0.000126055,0.001090897,0.000156805,0.00051946,0.000871866,0.000813227,0.000223296,0.998824179,0.000302564,2.95E-05,0.00029919,0.000163076,0.00059871,2.63E-05,0,1,0,0,0,0,0,0,0,0,0,0,0,0,0,0,0,0,0,0,0,1,0,0,0,0,0,0
ast_early_fusion,519063_2,Crickets,"Crickets,Insects",Crickets,0.990579426,-7.309737682,-7.17776823,-7.120211124,-8.730267525,-5.128282547,4.655395985,-6.216506004,-8.602726936,-7.33148241,-5.089062214,-7.714387417,-8.042210579,1.078677654,-8.870555878,-8.135440826,-7.546953201,-9.055078506,-9.308935165,-7.403173923,-8.671417236,-8.749340057,-6.004312038,-8.715101242,-8.488210678,-7.087519169,-1.579427123,-7.826218605,-8.480072975,0.000668545,0.000762787,0.000807943,0.000161593,0.005891811,0.990579426,0.001992231,0.000183571,0.000654174,0.006126038,0.00044616,0.000321494,0.746243656,0.000140445,0.000292884,0.000527437,0.000116783,9.06E-05,0.000608945,0.000171387,0.000158541,0.00246201,0.000164062,0.000205839,0.00083477,0.170876622,0.000398973,0.00020752,0,0,0,0,0,1,0,0,0,0,0,0,1,0,0,0,0,0,0,0,0,0,0,0,0,0,0,0
ast_early_fusion,519651_0,"Boat,Shout or scream,Vehicle horn","Boat,Shout or scream",Shout or scream,0.972309589,-8.042075157,-6.251206398,0.157450318,-9.935229301,-9.340734482,-7.628713608,-8.535130501,-8.186530113,-9.475466728,-7.45944643,-4.516301632,-10.96806717,-9.900632858,-7.644500256,-8.95297718,-6.129244328,-3.91759634,-9.052145958,3.558588982,-8.776319504,-6.532315731,-4.307756901,-7.213673115,-6.592356682,-10.53125572,-0.996459126,-5.612386227,-11.49853611,0.000321537,0.001924416,0.539281428,4.84E-05,8.78E-05,0.00048605,0.000196406,0.000278301,7.67E-05,0.000575643,0.010811211,1.72E-05,5.01E-05,0.00047844,0.000129335,0.002173492,0.019500993,0.000117126,0.972309589,0.000154321,0.001453515,0.013284852,0.000735905,0.001368929,2.67E-05,0.269638151,0.003639052,1.01E-05,0,0,1,0,0,0,0,0,0,0,0,0,0,0,0,0,0,0,1,0,0,0,0,0,0,0,0,0
ast_early_fusion,519651_2,"Boat,Vehicle horn","Musical instrument,Shout or scream,Speech",Speech,0.991796494,-6.657104015,-6.508402348,-5.15335989,-8.96280098,-4.766048908,-7.653598785,-7.580178261,-8.251811981,-6.643844128,-9.030760765,-7.114099503,-9.425971985,-10.74617577,-6.154722691,-10.24899006,-4.379765987,0.493304253,-7.023543835,1.043053031,-7.500860214,-4.34023571,4.794959068,-7.354770184,-6.934661865,-9.99337101,-3.517072916,-7.454611301,-10.40332985,0.001283213,0.00148864,0.005746736,0.000128071,0.008442078,0.000474109,0.00051021,0.000260718,0.00130032,0.000119657,0.000812892,8.06E-05,2.15E-05,0.00211893,3.54E-05,0.012373274,0.620884538,0.000889871,0.739438713,0.000552304,0.01286577,0.991796494,0.000639126,0.000972505,4.57E-05,0.028830342,0.000578432,3.03E-05,0,0,0,0,0,0,0,0,0,0,0,0,0,0,0,0,1,0,1,0,0,1,0,0,0,0,0,0
ast_early_fusion,520225_3,"Bird sounds,Falling water/Rain",Flowing water,Flowing water,0.985385656,-5.816704273,-1.535494924,-6.187382221,-8.359557152,-5.887133598,-6.702303886,-6.251773834,-8.911309242,-5.290817261,4.211033821,-4.83530283,-6.989124775,-6.950918674,-7.795833588,-6.810677528,-7.39000845,-8.524136543,-7.411406994,-7.899494648,-8.901984215,-7.559948921,-5.50333786,-7.058876038,-7.648250103,-7.627027512,-7.090367317,-5.791885853,-7.987197399,0.002968563,0.177191123,0.002050985,0.000234093,0.00276724,0.001226573,0.001923327,0.000134837,0.005012391,0.985385656,0.007881668,0.000921004,0.000956839,0.000411276,0.001100733,0.00061701,0.000198577,0.000603955,0.000370793,0.0001361,0.000520631,0.00405663,0.000859005,0.000476651,0.000486869,0.000832398,0.003042933,0.00033967,0,0,0,0,0,0,0,0,0,1,0,0,0,0,0,0,0,0,0,0,0,0,0,0,0,0,0,0
ast_early_fusion,520460_1,Musical instrument,Musical instrument,Musical instrument,0.987062871,-5.498961926,-6.564916611,-7.270636082,-7.85108614,-6.957514286,-6.323774338,-6.516686916,-7.146611214,-6.692702293,-6.306425095,-5.919730663,-7.92511034,-7.354270935,-6.528959751,-6.608761311,-6.218915939,4.334635258,-6.690013409,-6.519094467,-6.833566189,-6.805823803,-5.824945927,-3.816698551,-7.455709934,-8.568813324,-6.381908894,-6.405732155,-7.580470085,0.004074348,0.001406959,0.000695186,0.000389177,0.000950554,0.001789953,0.001476377,0.000786909,0.001238392,0.001821221,0.002678729,0.000361419,0.000639445,0.001458394,0.001346685,0.001987445,0.987062871,0.001241722,0.001472832,0.001075852,0.001106083,0.002944269,0.02152672,0.000577797,0.000189902,0.001689032,0.001649335,0.000510061,0,0,0,0,0,0,0,0,0,0,0,0,0,0,0,0,1,0,0,0,0,0,0,0,0,0,0,0
ast_early_fusion,523398_0,"Bird sounds,Car","Bird sounds,Car",Bird sounds,0.995492578,-5.630638599,5.397528172,-6.873077393,-7.146556854,4.648900032,-7.197423458,-7.152181149,-8.636412621,-7.150752544,-5.481877804,-5.154109478,-7.657475948,-6.468541622,-7.313385963,-8.171056747,-7.461615086,-6.784846306,-5.120360374,-6.920356274,-6.785858631,-6.914521217,-5.511572838,-7.07502079,-7.925037861,-7.228706837,-6.710231304,-5.920425892,-7.877164841,0.003573469,0.995492578,0.001034215,0.000786951,0.99051863,0.000747952,0.000782541,0.000177491,0.000783659,0.004144261,0.005742455,0.000472275,0.001549083,0.000666112,0.000282639,0.000574397,0.001129504,0.005938395,0.000986504,0.001128363,0.000992271,0.004023495,0.00084526,0.000361445,0.000724932,0.0012169,0.002676872,0.000379163,0,1,0,0,1,0,0,0,0,0,0,0,0,0,0,0,0,0,0,0,0,0,0,0,0,0,0,0
ast_early_fusion,523398_3,Bird sounds,Bird sounds,Bird sounds,0.996147513,-4.744465351,5.555174351,-2.743187189,-7.705305576,-3.59765625,-6.544507504,-6.331650257,-7.764042377,-7.63245821,-5.294777393,-7.010521412,-6.871813774,-3.44331193,-7.138106823,-6.689641953,-5.928396225,-7.443327904,-5.988862038,-6.868442535,-6.343983173,-6.831290245,-6.057170391,-6.555847168,-8.193706512,-7.099606991,-4.979266644,-5.846966267,-7.239182949,0.008624679,0.996147513,0.06047257,0.000450228,0.02665774,0.001435927,0.001775936,0.000424556,0.000484234,0.004992679,0.000901525,0.001035522,0.03096894,0.000793624,0.001242183,0.002655678,0.000584992,0.002500248,0.001039015,0.001754206,0.0010783,0.002335548,0.001419759,0.000276311,0.000824748,0.006832107,0.002880329,0.000717383,0,1,0,0,0,0,0,0,0,0,0,0,0,0,0,0,0,0,0,0,0,0,0,0,0,0,0,0
ast_early_fusion,524363_3,"Musical instrument,Speech","Musical instrument,Speech",Speech,0.99854964,-4.310529232,-6.788634777,-7.966325283,-9.789937973,-6.130146027,-9.218011856,-7.413787842,-7.009191513,-6.307394028,-7.162567616,-6.167919636,-9.257097244,-9.781126976,-5.098103046,-7.666819572,-3.883869886,2.452694416,-8.623176575,-6.874668121,-1.329239845,-8.86894989,6.534488678,-7.333338737,-8.119309425,-8.117507935,-7.91682291,-8.080807686,-11.44121456,0.013248561,0.001125238,0.000346831,5.60E-05,0.002171537,9.92E-05,0.000602519,0.000902723,0.001819461,0.000774462,0.002091209,9.54E-05,5.65E-05,0.006071238,0.000467885,0.020156424,0.920758307,0.000179856,0.001032573,0.209285125,0.00014067,0.99854964,0.000652962,0.000297646,0.000298182,0.000364426,0.000309325,1.07E-05,0,0,0,0,0,0,0,0,0,0,0,0,0,0,0,0,1,0,0,0,0,1,0,0,0,0,0,0
ast_early_fusion,524565_2,Falling water/Rain,Falling water/Rain,Falling water/Rain,0.997389972,-7.429240227,-7.114320755,-7.253477097,-8.294164658,-7.277513504,-7.369913578,-7.513029575,-8.754177094,5.945785999,-5.469363689,-6.809407711,-8.079166412,-7.921098709,-7.56567049,-8.279580116,-8.27381897,-7.821533203,-6.571892262,-7.098546505,-8.165620804,-7.766983032,-5.742670536,-7.394999027,-8.259566307,-7.727371693,-7.394647598,-6.554748058,-8.692967415,0.000593286,0.000812712,0.000707209,0.000249909,0.000690424,0.000629526,0.000545627,0.000157776,0.997389972,0.00419623,0.00110213,0.000309833,0.000362872,0.000517662,0.000253579,0.000255044,0.000400846,0.001397192,0.000825623,0.000284179,0.00042331,0.003195948,0.00061394,0.000258704,0.000440407,0.000614156,0.001421319,0.000167733,0,0,0,0,0,0,0,0,1,0,0,0,0,0,0,0,0,0,0,0,0,0,0,0,0,0,0,0
ast_early_fusion,524631_0,Speech,Speech,Speech,0.998452187,-7.192987919,-7.256607533,-7.574058056,-8.83604908,-7.177105904,-7.396731853,-7.232019901,-7.809013367,-7.288930416,-7.790257931,-6.897058964,-8.004460335,-7.85383606,-7.791079044,-7.308057308,-7.137770176,-7.899630547,-7.128382206,-6.976567745,-7.33146143,-7.960373878,6.469362259,-7.243534565,-8.110031128,-8.74870491,-7.796970844,-7.241750717,-8.655834198,0.000751275,0.000705,0.00051334,0.000145375,0.000763292,0.000612878,0.000722536,0.000405894,0.000682592,0.000413575,0.001009733,0.000333858,0.000388109,0.000413236,0.000669669,0.000793891,0.000370743,0.000801373,0.000932631,0.000654188,0.000348901,0.998452187,0.00071427,0.000300419,0.000158642,0.000410809,0.000715545,0.000174078,0,0,0,0,0,0,0,0,0,0,0,0,0,0,0,0,0,0,0,0,0,1,0,0,0,0,0,0
ast_early_fusion,528413_0,Bird sounds,"Bird sounds,Car",Bird sounds,0.996445119,-6.033977032,5.635863304,-6.874104977,-7.70200634,0.42645663,-7.690945625,-6.848980427,-8.401498795,-6.659317017,-6.465484619,-4.775479794,-6.673209667,-4.640883446,-6.77780056,-7.593472481,-6.962450504,-7.976090431,-5.437701225,-6.616084099,-6.775559425,-6.657145023,-6.541061878,-6.861356258,-7.263724327,-5.782633305,-6.878645897,-5.831702709,-7.302968502,0.002390219,0.996445119,0.001033154,0.000451715,0.605027199,0.000456737,0.001059413,0.00022448,0.00128038,0.001553819,0.008363498,0.001262738,0.009556953,0.001137482,0.000503475,0.000945878,0.000343462,0.004330634,0.001336873,0.001140031,0.001283161,0.001440876,0.001046396,0.000700004,0.003071132,0.001028478,0.002924501,0.000673083,0,1,0,0,1,0,0,0,0,0,0,0,0,0,0,0,0,0,0,0,0,0,0,0,0,0,0,0
ast_early_fusion,529873_0,"Bird sounds,Boat",Plane,Plane,0.995576143,-7.891588211,-6.304587364,-7.216532707,-7.016732693,-5.319608212,-6.598125458,-6.877014637,-7.829236031,-6.383289337,-6.325037003,-6.104131699,-7.598426342,-7.92850399,-7.248777866,-8.386841774,-7.53180933,-6.895411491,5.416306973,-7.512989521,-7.431901932,-7.978722572,-6.173602581,-7.078123093,-8.115984917,-7.783476353,-6.848249912,-6.281453609,-7.792092323,0.000373736,0.001824565,0.000733805,0.000895947,0.00487083,0.001361065,0.001030156,0.000397771,0.001686706,0.001787698,0.002228642,0.000500989,0.000360195,0.000710538,0.000227794,0.000535481,0.001011396,0.995576143,0.000545649,0.00059171,0.000342559,0.002079383,0.000842644,0.000298636,0.000416388,0.001060186,0.001867187,0.000412817,0,0,0,0,0,0,0,0,0,0,0,0,0,0,0,0,0,1,0,0,0,0,0,0,0,0,0,0
ast_early_fusion,529873_2,"Bird sounds,Boat","Bird sounds,Plane",Bird sounds,0.997768998,-6.184669971,6.103068352,-7.225678921,-8.366073608,-2.56484437,-5.545389175,-7.887227058,-9.418235779,-7.028354645,-6.960250378,-4.10440731,-5.130570412,-6.1493783,-7.870777607,-8.722650528,-6.897590637,-7.28204298,2.835934877,-7.69115591,-8.166416168,-8.319611549,-6.137086868,-9.479923248,-8.355146408,-7.567877769,-6.790305614,-5.912140369,-9.765810966,0.002056543,0.997768998,0.000727129,0.000232573,0.071435533,0.00389023,0.000375368,8.12E-05,0.000885604,0.000947959,0.016231971,0.005878426,0.002130261,0.000381592,0.000162828,0.001009197,0.000687306,0.944587111,0.000456641,0.000283953,0.000243631,0.00215655,7.64E-05,0.000235128,0.000516521,0.001123362,0.002699083,5.74E-05,0,1,0,0,0,0,0,0,0,0,0,0,0,0,0,0,0,1,0,0,0,0,0,0,0,0,0,0
ast_early_fusion,531233_1,"Car,Plane,Truck","Car,Truck",Car,0.992249846,-7.653447628,-5.716300011,-6.832261086,-7.406960011,4.852255821,-7.94885397,-7.915156841,-9.636774063,-5.317156315,-6.743724346,-7.410381794,-8.676353455,-6.152647972,-6.325044632,-7.431013584,-7.702686787,-7.745010376,-2.258910179,-8.385267258,-7.29406786,-8.140158653,-6.77089119,-5.937075615,-9.088659286,2.50353694,-6.643933773,-6.577899456,-9.051707268,0.000474181,0.003281067,0.001077255,0.000606645,0.992249846,0.000352942,0.000365033,6.53E-05,0.004882729,0.001176864,0.000604574,0.000170543,0.002123322,0.001787685,0.000592236,0.000451408,0.00043271,0.09458366,0.000228153,0.000679097,0.000291506,0.001145359,0.002632788,0.000112927,0.924389362,0.001300203,0.001388836,0.000117177,0,0,0,0,1,0,0,0,0,0,0,0,0,0,0,0,0,0,0,0,0,0,0,0,1,0,0,0
ast_early_fusion,533570_3,"Bird sounds,Insects",Bird sounds,Bird sounds,0.996236384,-6.267227173,5.57860136,-6.599491119,-7.879754066,-4.167734146,-6.890068054,-6.869683743,-7.849627018,-7.044311047,-7.311356544,-6.783858776,-6.929085255,-2.62213254,-7.52608633,-7.059740543,-6.454519749,-8.007004738,-6.305784225,-6.594031334,-6.498976231,-6.757421017,-6.312514305,-7.451986313,-8.03752327,-6.950459957,-6.055850506,-6.204195023,-7.053141117,0.001893889,0.996236384,0.00135921,0.000378183,0.015251113,0.00101681,0.001037727,0.000389745,0.000871597,0.000667465,0.001130619,0.000977939,0.067727521,0.000538553,0.000858264,0.001570923,0.00033301,0.001822387,0.001366642,0.001502718,0.001160873,0.001810185,0.000579951,0.000323004,0.000957277,0.002338625,0.002016859,0.000863942,0,1,0,0,0,0,0,0,0,0,0,0,0,0,0,0,0,0,0,0,0,0,0,0,0,0,0,0
ast_early_fusion,534960_3,"Bell,Bird sounds","Bell,Bird sounds",Bird sounds,0.996845782,2.940941811,5.755854607,-7.274877071,-8.94532299,-5.78663969,-7.76611805,-6.914452553,-10.56899071,-6.781769753,-6.281779766,-7.297338009,-9.61959362,-7.443235874,-8.955239296,-9.325336456,-7.398299694,-8.327846527,-7.478924274,-7.938872814,-7.244254112,-4.980920315,-5.176823616,-7.242674828,-9.415557861,-8.607691765,-6.582353592,-6.797776699,-9.16861248,0.949833691,0.996845782,0.000692246,0.000130328,0.00305889,0.000423676,0.000992339,2.57E-05,0.001132981,0.001866579,0.000676881,6.64E-05,0.000585045,0.000129043,8.91E-05,0.000611918,0.000241634,0.000564546,0.000356481,0.000713757,0.006820895,0.005614214,0.000714884,8.14E-05,0.000182662,0.001382672,0.00111501,0.00010425,1,1,0,0,0,0,0,0,0,0,0,0,0,0,0,0,0,0,0,0,0,0,0,0,0,0,0,0
ast_early_fusion,535988_5,"Bird sounds,Footsteps,Speech","Bird sounds,Footsteps,Speech",Bird sounds,0.996491134,-8.198488235,5.648967266,-8.644104958,-10.46432877,-8.394907951,-7.109501839,-4.637458324,-8.693822861,-8.917929649,-8.043889046,4.19637537,-7.716322422,-6.895628929,-7.524503708,-10.7043829,-8.028195381,-8.982605934,-7.030757427,-4.158950806,-8.483118057,-8.210820198,4.631958008,-9.865922928,-9.821453094,-10.12685585,-9.481973648,-6.979114056,-11.34664917,0.000274993,0.996491134,0.000176131,2.85E-05,0.000225964,0.000816635,0.009589428,0.00016759,0.000133947,0.000320955,0.985173106,0.000445298,0.001011177,0.000539405,2.24E-05,0.00032603,0.000125559,0.000883481,0.01538359,0.00020689,0.000271624,0.990358174,5.19E-05,5.43E-05,4.00E-05,7.62E-05,0.000930262,1.18E-05,0,1,0,0,0,0,0,0,0,0,1,0,0,0,0,0,0,0,0,0,0,1,0,0,0,0,0,0
ast_early_fusion,536461_1,Bird sounds,Bird sounds,Bird sounds,0.996628821,-6.430475235,5.689123154,-6.952435493,-8.151865005,-5.864915848,-7.448876858,-7.436214924,-8.510867119,-6.340965271,-5.785344601,-5.940855026,-6.923182011,-6.563882351,-7.653349876,-7.688188076,-7.898781776,-8.419755936,-7.223976135,-6.939828873,-7.359714508,-7.062654495,-5.497321129,-7.314307213,-7.740199566,-7.173657417,-6.737965107,-6.121775627,-7.365706921,0.001609091,0.996628821,0.00095539,0.000288114,0.002829234,0.000581756,0.000589165,0.000201229,0.001759499,0.003062842,0.002622883,0.000983723,0.001408413,0.000474227,0.000457998,0.000371058,0.00022042,0.000728367,0.000967498,0.000635975,0.000855769,0.004081011,0.000665499,0.000434796,0.000765927,0.001183653,0.00218975,0.000632178,0,1,0,0,0,0,0,0,0,0,0,0,0,0,0,0,0,0,0,0,0,0,0,0,0,0,0,0
ast_early_fusion,536627_1,Bird sounds,Bird sounds,Bird sounds,0.997069955,-6.537040234,5.829809189,-5.542235851,-8.637845039,-6.302634716,-3.365622759,-2.037654638,-7.730426788,-7.591065407,-7.299165249,-5.315758228,-6.014309883,-1.161343932,-7.627447128,-7.010678768,-6.659153461,-7.792761803,-6.855584145,-6.369956017,-6.498619556,-6.92459631,-5.760899544,-6.930362701,-7.139248848,-7.433269024,-6.971733093,-4.043092251,-7.811948776,0.001446674,0.997069955,0.003902469,0.000177237,0.001828125,0.033387285,0.115305766,0.000439064,0.000504688,0.000675646,0.004889527,0.002437578,0.238423154,0.000486665,0.000901383,0.001280589,0.000412541,0.001052447,0.001709308,0.001503253,0.000982334,0.003138398,0.000976691,0.000792719,0.000590902,0.000937147,0.017240684,0.000404704,0,1,0,0,0,0,0,0,0,0,0,0,0,0,0,0,0,0,0,0,0,0,0,0,0,0,0,0
ast_early_fusion,537579_2,Speech,Speech,Speech,0.999497414,-5.978555679,-6.654143333,-7.427834034,-8.474133492,-2.895708799,-4.3020854,-7.323992729,-8.656683922,-8.538658142,-7.718136787,-6.797204494,-8.42972374,-7.199421406,-6.103894234,-6.406232357,-6.737475872,-6.730256081,-5.907725334,-7.041283131,-8.029159546,-6.910793781,7.595153809,-7.036894321,-8.302261353,-7.873687267,-6.948920727,-7.441922665,-9.817158699,0.002526084,0.001287013,0.000594121,0.000208756,0.0523661,0.013359403,0.000659089,0.00017393,0.000195714,0.000444491,0.001115647,0.000218234,0.00074646,0.00222917,0.001648512,0.001184232,0.001192803,0.002710994,0.000874238,0.000325716,0.000995973,0.999497414,0.00087808,0.000247894,0.000380483,0.00095875,0.000585814,5.45E-05,0,0,0,0,0,0,0,0,0,0,0,0,0,0,0,0,0,0,0,0,0,1,0,0,0,0,0,0
ast_early_fusion,537846_3,Speech,Speech,Speech,0.997858584,-7.168236256,-6.959533215,-7.599077225,-8.049963951,-6.84420681,-7.097703934,-6.9307127,-7.766998768,-7.50206089,-6.250139713,-6.682317734,-8.255238533,-7.280164242,-6.098944187,-8.188874245,-4.888516426,-7.205168724,-6.881900311,-6.496191502,-6.83782196,-7.171309471,6.144138336,-7.013767242,-8.629237175,-8.569054604,-7.531066418,-7.321949959,-7.71423912,0.000770087,0.000948639,0.000500663,0.000319012,0.001064477,0.000826318,0.00097635,0.000423303,0.000551641,0.001926466,0.001251303,0.000259826,0.000688598,0.002240207,0.000277649,0.007476274,0.000742186,0.00102514,0.001506902,0.001071288,0.000767726,0.997858584,0.000898606,0.000178769,0.000189856,0.000535879,0.000660436,0.000446226,0,0,0,0,0,0,0,0,0,0,0,0,0,0,0,0,0,0,0,0,0,1,0,0,0,0,0,0
ast_early_fusion,538261_2,Flowing water,Flowing water,Flowing water,0.997001946,-7.101973534,-7.055393219,-6.129555702,-8.86263752,-7.55817461,-7.115418434,-7.256729603,-9.037919044,-5.217283726,5.806782246,-7.488714218,-8.252132416,-7.812066078,-8.307467461,-7.599250317,-7.840520859,-8.726616859,-7.615520477,-7.621594429,-8.413678169,-8.148955345,-6.08647871,-8.556276321,-8.545461655,-8.352747917,-7.73463726,-6.33017683,-8.302102089,0.000822801,0.000862,0.002172817,0.000141561,0.000521555,0.000811821,0.000704914,0.000118804,0.005392796,0.997001946,0.000559049,0.000260634,0.000404657,0.000246607,0.000500576,0.000393309,0.000162184,0.000492501,0.000489521,0.000221763,0.000288954,0.002268243,0.000192297,0.000194388,0.000235692,0.00043722,0.00177855,0.000247933,0,0,0,0,0,0,0,0,0,1,0,0,0,0,0,0,0,0,0,0,0,0,0,0,0,0,0,0
ast_early_fusion,540626_3,"Bell,Speech",Bell,Bell,0.992550731,4.892169952,-6.566200733,-7.078490734,-8.072935104,-7.783903599,-8.57779026,-8.501260757,-7.552926064,-7.079131126,-6.50564146,-5.996273041,-7.812504292,-7.428473949,-7.557341576,-7.749599934,-7.333031178,-3.768384695,-7.605653763,-8.068687439,-7.533993721,-6.613925934,-2.348561049,-4.542172909,-7.044718266,-9.014306068,-8.624863625,-7.394611835,-8.96980381,0.992550731,0.001405156,0.000842334,0.000311769,0.00041621,0.000188205,0.000203171,0.000524298,0.000841796,0.00149275,0.002481833,0.00040448,0.000593741,0.000521989,0.000430729,0.000653162,0.022568243,0.000497382,0.000313096,0.000534313,0.001339758,0.087180212,0.010538006,0.000871243,0.000121642,0.000179552,0.000614178,0.000127177,1,0,0,0,0,0,0,0,0,0,0,0,0,0,0,0,0,0,0,0,0,0,0,0,0,0,0,0
ast_early_fusion,543989_3,Bus,Bus,Bus,0.987162292,-6.971108913,-5.525500298,-5.480864525,4.342446804,-5.494443417,-7.956451893,-7.737682819,-8.729084969,-6.096483231,-5.360817432,-6.33711195,-7.5941329,-6.938498497,-8.051631927,-8.286379814,-7.179596424,-7.58485651,-5.153520107,-7.992138863,-7.826720715,-7.490561485,-4.980845451,-7.877859116,-8.196643829,-8.083660126,-6.492726326,-6.046298981,-8.477975845,0.000937731,0.003968067,0.004148446,0.987162292,0.004092724,0.000350271,0.000435891,0.000161784,0.002245715,0.004675106,0.00176628,0.000503143,0.000968785,0.00031848,0.000251861,0.000761395,0.00050783,0.005745821,0.000337996,0.000398772,0.000558018,0.006821402,0.0003789,0.000275501,0.000308444,0.001512125,0.002361017,0.000207956,0,0,0,1,0,0,0,0,0,0,0,0,0,0,0,0,0,0,0,0,0,0,0,0,0,0,0,0
ast_early_fusion,543995_4,"Waves,Wind",,Waves,0.42965433,-7.790034771,-6.713685513,-6.017821312,-6.150396824,-1.47163856,-7.479898453,-5.343360424,-6.369632721,-6.957645416,-5.817605019,-4.993335724,-5.497831821,-6.75600481,-7.901780605,-6.00735569,-5.879682541,-7.387373924,-7.520093918,-7.685446739,-5.703081131,-6.389502525,-5.669604301,-7.227456093,-5.400103092,-7.691479206,-8.224811554,-0.283261657,-1.893417358,0.000413667,0.001212709,0.002429054,0.002128097,0.186693698,0.000563996,0.004757044,0.001709859,0.00095043,0.002965898,0.006737301,0.004078936,0.001162517,0.000369947,0.002454546,0.002787879,0.000618636,0.000541788,0.000459254,0.003324582,0.001676277,0.003437374,0.000725839,0.004495811,0.000456494,0.000267851,0.42965433,0.130855322,0,0,0,0,0,0,0,0,0,0,0,0,0,0,0,0,0,0,0,0,0,0,0,0,0,0,0,0
ast_early_fusion,545328_1,"Laughter,Speech",Speech,Speech,0.998972535,-6.47283268,-5.92069006,-6.832177162,-9.234676361,-10.30556107,-7.846410275,-1.167675018,-9.611639977,-7.624860764,-6.048048973,-5.692388535,-9.101597786,-9.58288002,-2.771761894,-8.410159111,-7.2562747,-8.221199989,-9.803127289,-5.587813854,-5.969991207,-7.562679768,6.879590511,-6.35458374,-7.835427284,-9.784219742,-10.50906372,-8.646728516,-10.64103222,0.001542461,0.002676167,0.001077345,9.76E-05,3.34E-05,0.000391001,0.237275481,6.69E-05,0.000487925,0.002356899,0.003360201,0.000111475,6.89E-05,0.058869321,0.000222545,0.000705235,0.00026882,5.53E-05,0.003729243,0.002547756,0.000519212,0.998972535,0.001735741,0.000395317,5.63E-05,2.73E-05,0.00017567,2.39E-05,0,0,0,0,0,0,0,0,0,0,0,0,0,0,0,0,0,0,0,0,0,1,0,0,0,0,0,0
ast_early_fusion,545750_0,Tram,Tram,Tram,0.986028254,-6.992734432,-5.747971058,-7.808691502,-7.285683155,-7.554338932,-7.405548096,-7.172674656,-6.609521866,-7.053761959,-7.533270836,-6.173031807,-8.532712936,-7.830500126,-8.723057747,-6.451896667,-8.375864029,-8.270812988,-6.569480419,-7.328670502,-7.443430424,-8.134407043,-5.856430531,-4.692062378,4.256653786,-8.663814545,-6.634944916,-7.198343754,-8.21731472,0.000917689,0.003179106,0.000406024,0.000684811,0.000523558,0.000607502,0.00076668,0.001345663,0.000863406,0.000534699,0.002080568,0.000196881,0.000397269,0.000162762,0.001575042,0.000230308,0.000255812,0.001400562,0.000656015,0.000584932,0.000293187,0.002853275,0.009084475,0.986028254,0.000172694,0.001311928,0.000747265,0.000269866,0,0,0,0,0,0,0,0,0,0,0,0,0,0,0,0,0,0,0,0,0,0,0,1,0,0,0,0
ast_early_fusion,546361_1,"Bird sounds,Dog","Bird sounds,Dog",Bird sounds,0.996316016,-7.326435566,5.600075722,-8.205924034,-10.38383865,-7.054412842,-7.101407528,5.374673843,-9.0284338,-7.042489052,-7.019096375,-5.873331547,-8.439839363,-6.797610283,-8.368551254,-9.615989685,-8.271004677,-8.682947159,-8.151198387,-7.644814014,-8.742124557,-8.055312157,-5.529754162,-7.260751724,-9.122605324,-9.111760139,-8.746154785,-7.239683628,-9.473999977,0.000657482,0.996316016,0.000272957,3.09E-05,0.000862844,0.000823266,0.995388865,0.000119936,0.000873185,0.000893834,0.002805591,0.000216038,0.001115195,0.000231998,6.66E-05,0.000255763,0.000169422,0.000288306,0.00047829,0.000159689,0.000317311,0.00395129,0.000702086,0.000109158,0.000110348,0.000159047,0.000717024,7.68E-05,0,1,0,0,0,0,1,0,0,0,0,0,0,0,0,0,0,0,0,0,0,0,0,0,0,0,0,0
ast_early_fusion,547379_1,Falling water/Rain,Falling water/Rain,Falling water/Rain,0.996630967,-7.23426199,-6.367316246,-6.923710823,-7.490526199,-6.465343475,-7.474095821,-7.57252264,-8.4214468,5.689757824,-0.925549388,-7.017931938,-7.752624989,-8.475293159,-7.433032513,-7.58117342,-7.354493618,-8.362649918,-7.344417572,-6.944242954,-8.224545479,-7.378543854,-5.705672741,-7.467670441,-7.125079155,-7.018415451,-7.615897179,-7.325789452,-8.502789497,0.000720919,0.001713818,0.000983203,0.000558037,0.001554038,0.000567277,0.000514129,0.000220048,0.996630967,0.283828527,0.000894874,0.000429429,0.000208515,0.000591042,0.000509703,0.000639302,0.00023337,0.000645772,0.000963241,0.000267922,0.00062412,0.003316006,0.000570931,0.000804022,0.000894442,0.000492316,0.000657907,0.00020286,0,0,0,0,0,0,0,0,1,0,0,0,0,0,0,0,0,0,0,0,0,0,0,0,0,0,0,0
ast_early_fusion,547379_2,Falling water/Rain,Falling water/Rain,Falling water/Rain,0.997243524,-7.248492718,-6.210497379,-7.264829636,-7.412504673,-6.344873428,-7.542920113,-7.831182957,-8.630696297,5.891031265,-1.877690554,-7.26053381,-7.830703735,-8.693712234,-7.602320194,-7.936357975,-7.547035694,-8.251587868,-7.390528679,-7.286754131,-8.288951874,-7.704063892,-5.941309929,-7.401740551,-7.435604572,-7.338617325,-7.783592224,-7.488894463,-8.805786133,0.00071074,0.002004213,0.000699231,0.000603293,0.001752648,0.000529568,0.000396998,0.000178508,0.997243524,0.132654354,0.000702239,0.000397188,0.000167608,0.000499043,0.000357378,0.000527394,0.000260776,0.000616689,0.000684078,0.000251215,0.000450787,0.002621693,0.000609818,0.000589525,0.000649526,0.00041634,0.000558948,0.000149841,0,0,0,0,0,0,0,0,1,0,0,0,0,0,0,0,0,0,0,0,0,0,0,0,0,0,0,0
ast_early_fusion,547926_2,"Falling water/Rain,Truck",Falling water/Rain,Falling water/Rain,0.994319558,-7.217189312,-6.568428516,-7.418205738,-7.625957966,-6.903363228,-7.661410809,-7.459906101,-8.28502655,5.165039063,-6.696455956,-5.458105087,-7.961126804,-7.618601322,-7.200281143,-7.3996768,-6.104527473,-7.981215954,-7.110380173,-7.139941692,-7.055286407,-7.547207355,-5.652240276,-6.732831001,-7.290516376,-5.591329575,-7.129768372,-6.499237537,-8.026593208,0.000733324,0.001402034,0.000599865,0.00048739,0.001003394,0.000470422,0.000575379,0.000252202,0.994319558,0.001233758,0.004243539,0.000348638,0.000490987,0.000745819,0.000611077,0.002227762,0.000341707,0.000815918,0.00079217,0.000862092,0.000527303,0.003497371,0.001189739,0.000681511,0.003716204,0.000800264,0.001502326,0.000326552,0,0,0,0,0,0,0,0,1,0,0,0,0,0,0,0,0,0,0,0,0,0,0,0,0,0,0,0
ast_early_fusion,552157_0,Crickets,Crickets,Crickets,0.997572005,-7.129086494,-4.164832115,-8.061397552,-8.66319561,-7.351362705,6.018256664,-6.715886593,-8.224666595,-6.672359467,-6.390126705,-5.989131927,-7.558083057,-5.185703278,-8.00515461,-7.832642078,-7.449204922,-7.532458782,-6.51667881,-6.819248199,-7.235870838,-8.323327065,-6.100938797,-7.777353287,-7.681023598,-8.82724762,-7.063071251,-6.684880257,-8.889730453,0.000800809,0.015294759,0.000315386,0.000172801,0.000641306,0.997572005,0.001210045,0.00026789,0.00126381,0.001675233,0.002499575,0.000521603,0.005564859,0.000333627,0.000396419,0.000581566,0.000535134,0.001476389,0.00109135,0.000719761,0.000242728,0.002235753,0.000418944,0.000461289,0.00014666,0.000855412,0.001248105,0.000137778,0,0,0,0,0,1,0,0,0,0,0,0,0,0,0,0,0,0,0,0,0,0,0,0,0,0,0,0
ast_early_fusion,553648_1,"Bell,Speech","Bell,Speech",Speech,0.997743964,5.375401974,-5.86851263,-9.230332375,-10.68854618,-5.84393692,-9.211735725,-8.67722702,-9.203122139,-8.798522949,-7.783109188,-5.577458858,-7.461057186,-7.045722961,-6.929088116,-9.102599144,-4.680131912,-2.932294607,-8.837844849,-8.459561348,-7.398519993,-6.710490227,6.091867924,-7.395906925,-8.518671036,-9.549836159,-9.863527298,-8.191449165,-10.76619911,0.995392323,0.002819105,9.80E-05,2.28E-05,0.002889042,9.99E-05,0.000170394,0.000100714,0.000150933,0.000416541,0.003767913,0.000574717,0.000870369,0.000977936,0.000111364,0.009192503,0.050580021,0.000145114,0.00021182,0.000611784,0.001216585,0.997743964,0.000613383,0.000199665,7.12E-05,5.20E-05,0.000276935,2.11E-05,1,0,0,0,0,0,0,0,0,0,0,0,0,0,0,0,0,0,0,0,0,1,0,0,0,0,0,0
ast_early_fusion,553661_4,Speech,Speech,Speech,0.998338461,-7.032376289,-7.338037968,-7.602116108,-8.888102531,-7.248384476,-7.427789688,-7.429441929,-7.663735867,-7.188506126,-7.714263439,-6.501107693,-7.887678146,-8.060983658,-7.276016712,-7.514266014,-7.402519703,-7.679489613,-7.494609833,-6.463224888,-7.721413612,-7.758860588,6.398349762,-7.400627613,-8.178515434,-8.968137741,-7.873502731,-7.098167896,-9.038686752,0.000882053,0.000649903,0.000499144,0.000138002,0.000710817,0.000594147,0.000593167,0.00046933,0.000754647,0.000446215,0.001499523,0.000375199,0.000315517,0.000691458,0.000544953,0.000609343,0.000461997,0.000555765,0.001557328,0.000443037,0.000426761,0.998338461,0.000610496,0.000280539,0.000127389,0.000380554,0.000825935,0.000118713,0,0,0,0,0,0,0,0,0,0,0,0,0,0,0,0,0,0,0,0,0,1,0,0,0,0,0,0
ast_early_fusion,553684_3,Speech,Speech,Speech,0.998230278,-6.888144016,-7.259732723,-7.607707977,-8.392086983,-6.977799892,-7.143933296,-7.565590858,-7.594631672,-7.564134598,-7.236474037,-6.76940918,-7.867036343,-7.757668495,-6.660768032,-8.11078167,-7.205237389,-7.622195721,-7.229703903,-7.054112911,-7.246870041,-7.504799366,6.335181713,-7.007330894,-8.140660286,-8.385177612,-7.641506672,-7.075220585,-8.588308334,0.001018766,0.000702802,0.000496362,0.000226602,0.000931484,0.000789017,0.000517703,0.000502892,0.000518457,0.000719328,0.001147056,0.000383021,0.000427269,0.001278526,0.000300194,0.000742135,0.000489226,0.000724211,0.000863103,0.000711894,0.000550134,0.998230278,0.000904403,0.00029136,0.000228173,0.000479874,0.000845091,0.000186236,0,0,0,0,0,0,0,0,0,0,0,0,0,0,0,0,0,0,0,0,0,1,0,0,0,0,0,0
ast_early_fusion,554300_5,"Car,Insects","Bird sounds,Car,Insects",Bird sounds,0.982087016,-5.771913052,4.004149914,-6.181609154,-7.519351006,2.630119324,-6.641396999,-7.328605175,-8.681432724,-5.447645187,-6.609843731,-2.928285599,-4.712859154,0.433235943,-8.167193413,-8.009388924,-7.272130013,-7.267300606,-5.082984447,-6.923670292,-7.170842171,-7.652468681,-6.082069397,-8.056711197,-8.442178726,-6.501164436,-7.677714825,-5.353960514,-8.134571075,0.003104129,0.982087016,0.002062835,0.00054219,0.932775021,0.001303501,0.000656058,0.000169679,0.004287968,0.00134523,0.050772887,0.008899162,0.606646121,0.000283733,0.000332217,0.000694149,0.000697507,0.006163154,0.000983243,0.000768085,0.000474645,0.002278244,0.000316867,0.000215533,0.001499438,0.000462817,0.004707121,0.000293139,0,1,0,0,1,0,0,0,0,0,0,0,1,0,0,0,0,0,0,0,0,0,0,0,0,0,0,0
ast_early_fusion,555131_2,"Falling water/Rain,Truck",Falling water/Rain,Falling water/Rain,0.983632743,-7.654850483,-5.555308819,-5.866848946,-6.187952995,-0.998787105,-7.747584343,-7.720430374,-9.104880333,4.095971584,-3.925649405,-6.951099396,-9.070269585,-7.919133186,-7.894254684,-7.747839451,-5.900186062,-8.001665115,-7.033105373,-7.618162155,-7.216389656,-7.84573555,-5.162578106,-9.495577812,-7.796678543,-0.149656489,-6.449882984,-7.699599743,-9.778676033,0.000473516,0.003851979,0.002823786,0.002049817,0.26917997,0.000431598,0.000443473,0.00011111,0.983632743,0.019347606,0.000956666,0.000115022,0.000363585,0.000372741,0.000431488,0.002731454,0.000334792,0.00088141,0.000491203,0.00073391,0.000391264,0.005694305,7.52E-05,0.000410929,0.462655574,0.001578212,0.000452803,5.66E-05,0,0,0,0,0,0,0,0,1,0,0,0,0,0,0,0,0,0,0,0,0,0,0,0,0,0,0,0
ast_early_fusion,556039_0,"Car,Speech",Car,Car,0.994968474,-6.71414566,-6.193348885,-7.159462929,-7.018599987,5.286996841,-6.956616879,-6.342673779,-7.775130749,-6.218278885,-6.066988468,-6.563271999,-7.235591888,-6.82102108,-7.583093166,-8.085816383,-7.104242802,-7.11399889,-6.294791222,-7.024435997,-7.638023853,-6.935341358,-5.233417511,-6.704959869,-7.253590107,-6.438699245,-6.726165295,-5.90771246,-8.038566589,0.001212151,0.002038808,0.000776868,0.000894277,0.994968474,0.000951407,0.0017565,0.000419876,0.001988709,0.002312782,0.001409272,0.000719962,0.001089419,0.000508725,0.00030778,0.000820937,0.000812973,0.001842494,0.000889078,0.000481548,0.000971846,0.005306947,0.001223324,0.000707129,0.001595933,0.001197686,0.002711028,0.000322667,0,0,0,0,1,0,0,0,0,0,0,0,0,0,0,0,0,0,0,0,0,0,0,0,0,0,0,0
ast_early_fusion,556221,"Bird sounds,Dog",Bird sounds,Bird sounds,0.994877577,-6.107007504,5.268995285,-4.735003471,-8.61563015,-6.253652096,-5.735655785,-1.531475306,-8.048746109,-6.602549553,-6.428166389,-4.811862469,-6.53094244,-5.692216396,-7.195017338,-7.083331585,-6.308341026,-7.585725784,-7.468894482,-6.300465107,-6.977279186,-7.098335266,-5.271556377,-7.433572292,-7.76635313,-8.24896431,-6.988499641,-6.390381336,-7.566945553,0.002222256,0.994877577,0.008705959,0.000181218,0.001919724,0.003218373,0.177777931,0.0003194,0.001355065,0.001612805,0.008067091,0.00145551,0.003360778,0.000749753,0.00083827,0.001817742,0.000507389,0.000570233,0.001832088,0.000931968,0.000825797,0.005109372,0.000590723,0.000423576,0.000261461,0.000921579,0.001674807,0.000517003,0,1,0,0,0,0,0,0,0,0,0,0,0,0,0,0,0,0,0,0,0,0,0,0,0,0,0,0
ast_early_fusion,557488_1,"Bird sounds,Footsteps",Footsteps,Footsteps,0.989772975,-6.867566586,-6.47922945,-6.938210487,-8.084143639,-7.410511971,-7.410591125,-8.036994934,-7.875564098,-2.277864218,-5.500816345,4.572435856,-6.649300575,-5.981788158,-8.165353775,-8.022926331,-8.014369011,-8.204221725,-7.255607605,-6.855532646,-7.887399673,-7.916316509,-4.20531559,-7.902112484,-7.664176941,-8.557219505,-7.750569344,-4.443622112,-9.307024002,0.001039925,0.00153264,0.000969064,0.000308295,0.000604495,0.000604448,0.000323174,0.00037977,0.092972904,0.00406683,0.989772975,0.001293253,0.002517952,0.000284255,0.000327752,0.000330568,0.000273422,0.000705705,0.001052501,0.000375304,0.00036461,0.01469686,0.000369824,0.000469123,0.000192116,0.000430312,0.011616755,9.08E-05,0,0,0,0,0,0,0,0,0,0,1,0,0,0,0,0,0,0,0,0,0,0,0,0,0,0,0,0
ast_early_fusion,558277_2,"Musical instrument,Train","Car,Train",Train,0.995523095,-7.71596384,-4.326732635,-8.612522125,-7.675869942,1.507080913,-7.999405861,-6.960870743,-9.305274963,-8.936590195,-9.344742775,-7.46750927,-11.13668537,-8.279993057,-8.534114838,-9.286364555,-8.146881104,-5.18864727,-4.018412113,-7.523019791,-7.011829853,-6.741730213,-5.494868755,5.404334068,-7.546624184,-5.547267914,-2.563800097,-8.311817169,-8.482651711,0.000445457,0.013038395,0.000181782,0.000463672,0.818628132,0.000335549,0.000947372,9.09E-05,0.000131471,8.74E-05,0.000571023,1.46E-05,0.000253475,0.000196605,9.27E-05,0.000289553,0.005548591,0.017663872,0.000540206,0.000900347,0.001179211,0.00409099,0.995523095,0.000527611,0.003882956,0.071504831,0.000245537,0.000206986,0,0,0,0,1,0,0,0,0,0,0,0,0,0,0,0,0,0,0,0,0,0,1,0,0,0,0,0
ast_early_fusion,558277_3,"Musical instrument,Train",Train,Train,0.993163764,-7.571099281,-6.234680176,-7.680208683,-7.261645317,-4.37414217,-7.536892891,-6.221096992,-8.462412834,-8.428836823,-7.187843323,-6.711435318,-9.210227013,-8.56532383,-7.346323013,-9.235286713,-6.903632641,-5.302344799,-3.496694565,-7.274775505,-6.949736118,-7.504574299,-5.539525509,4.978658199,-7.610700607,-7.173738956,-4.110998631,-7.219419956,-7.652595997,0.000514861,0.001956421,0.000461665,0.00070146,0.012442186,0.000532767,0.001983124,0.000211217,0.000218428,0.000755146,0.001215437,0.000100001,0.000190566,0.000644544,9.75E-05,0.001003124,0.004955227,0.029406426,0.000692316,0.00095797,0.000550257,0.003913018,0.993163764,0.00049488,0.000765865,0.016127052,0.000731691,0.000474585,0,0,0,0,0,0,0,0,0,0,0,0,0,0,0,0,0,0,0,0,0,0,1,0,0,0,0,0
ast_early_fusion,558277_4,"Musical instrument,Shout or scream,Train",Speech,Speech,0.999674082,-6.661119938,-6.080191135,-9.043174744,-10.09575272,-6.933884144,-8.071255684,-5.295374393,-9.064249992,-7.384761333,-7.708524704,-7.618422508,-10.15176392,-10.47376728,-8.549617767,-7.94288826,-1.608796835,-6.851383209,-8.305187225,-0.78330797,-7.45788002,-7.678302288,8.028612137,-1.433138967,-5.175832748,-8.976811409,-6.916141033,-8.140880585,-12.26090717,0.001278077,0.002282517,0.000118181,4.13E-05,0.000973261,0.000312293,0.004989714,0.000115717,0.000620254,0.000448782,0.000491075,3.90E-05,2.83E-05,0.000193582,0.000355053,0.166755721,0.001056873,0.00024717,0.313607395,0.000576545,0.000462546,0.999674082,0.19261007,0.005619748,0.000126289,0.000990667,0.000291296,4.73E-06,0,0,0,0,0,0,0,0,0,0,0,0,0,0,0,0,0,0,0,0,0,1,0,0,0,0,0,0
ast_early_fusion,558418_1,Train,,Train,0.476856738,-6.418824196,-6.478534698,-6.559601307,-7.817868233,-8.457737923,-6.248398304,-5.265930653,-7.134391785,-6.619001865,-6.933150768,-5.951777458,-7.801951885,-7.212039948,-7.788460255,-3.515869617,-6.921738148,-7.612265587,-7.117886543,-6.623224258,-6.739375591,-7.635380745,-5.378587246,-0.092639476,-1.216112375,-7.894787788,-6.243767262,-6.118166924,-7.037460327,0.001627918,0.001533704,0.001414447,0.000402317,0.000212207,0.001929817,0.005138048,0.000796575,0.001332983,0.000973975,0.002594464,0.000408769,0.000737107,0.000414319,0.02886405,0.000985143,0.000494106,0.000809821,0.001327374,0.001181987,0.000482821,0.004593142,0.476856738,0.228621319,0.000372542,0.001938758,0.002197649,0.000877584,0,0,0,0,0,0,0,0,0,0,0,0,0,0,0,0,0,0,0,0,0,0,0,0,0,0,0,0
ast_early_fusion,558418_2,Train,Train,Train,0.939026237,-5.768853664,-6.496395588,-6.751324654,-8.023409843,-8.401164055,-3.25751853,-5.461743832,-8.235906601,-7.606154442,-6.632756233,-5.620036125,-7.858304977,-7.44238615,-8.601966858,-4.761672497,-6.782134533,-6.98152256,-8.322548866,-6.593682289,-7.594155788,-8.170988083,-5.643803596,2.734400511,-3.355473995,-9.276542664,-6.020644665,-6.576378345,-9.34940815,0.003113611,0.001506595,0.001167964,0.000327593,0.000224555,0.037057657,0.004228191,0.000264896,0.000497134,0.001314798,0.003611421,0.000386379,0.000585542,0.00018371,0.008478791,0.001132568,0.000928026,0.000242917,0.001367118,0.000503131,0.000282659,0.003526898,0.939026237,0.033716366,9.36E-05,0.002422222,0.001390947,8.70E-05,0,0,0,0,0,0,0,0,0,0,0,0,0,0,0,0,0,0,0,0,0,0,1,0,0,0,0,0
ast_early_fusion,560293_3,"Car,Crickets","Car,Crickets",Crickets,0.994566917,-6.733096123,-6.119954586,-8.972281456,-8.453635216,4.955307484,5.209798813,-6.245419025,-8.344778061,-7.092671871,-7.208650589,-6.021634102,-7.727883339,-6.241826057,-8.316975594,-9.636470795,-8.458411217,-7.452330589,-6.820474625,-7.908587456,-8.047006607,-7.472827911,-5.522416115,-8.673830986,-7.751952171,-8.427829742,-6.473763466,-6.908093452,-9.598897934,0.001189424,0.002193733,0.000126862,0.000213079,0.993003428,0.994566917,0.001935564,0.000237578,0.000830483,0.000739608,0.002419833,0.000440181,0.001942517,0.000244274,6.53E-05,0.000212064,0.000579752,0.001090013,0.000367438,0.000319956,0.000567996,0.003980275,0.000170973,0.000429718,0.000218648,0.001541028,0.000998664,6.78E-05,0,0,0,0,1,1,0,0,0,0,0,0,0,0,0,0,0,0,0,0,0,0,0,0,0,0,0,0
ast_early_fusion,560364_2,"Flowing water,Footsteps,Waves","Flowing water,Footsteps,Waves",Waves,0.997417092,-7.768492222,-5.724667072,-1.856707573,-10.56138802,-2.988840818,-8.168613434,-9.818545341,-10.7524538,-9.323882103,2.828035593,0.72437948,-8.184231758,-7.983459949,-9.75255394,-8.798500061,-8.605240822,-9.534684181,-7.808571815,-8.854944229,-8.8005476,-9.8035326,-7.584841251,-10.67865753,-9.685688972,-9.532178879,-9.376571655,5.956260681,-11.91988468,0.000422672,0.003253818,0.135087281,2.59E-05,0.047932561,0.00028333,5.44E-05,2.14E-05,8.93E-05,0.944172144,0.673570693,0.000278941,0.000340941,5.81E-05,0.000150937,0.00018311,7.23E-05,0.000406073,0.000142654,0.000150628,5.53E-05,0.000507837,2.30E-05,6.22E-05,7.25E-05,8.47E-05,0.997417092,6.66E-06,0,0,0,0,0,0,0,0,0,1,1,0,0,0,0,0,0,0,0,0,0,0,0,0,0,0,1,0
ast_early_fusion,562108_2,Tram,Tram,Tram,0.990632534,-6.865815639,-5.535377502,-7.206726074,-7.346542835,-7.001711369,-6.661025524,-7.00001049,-5.866037369,-7.538363934,-7.289788246,-6.509790897,-7.950296879,-7.518421173,-8.405231476,-7.741470814,-8.215132713,-8.046455383,-7.019001961,-7.098429203,-7.253385067,-7.939278126,-5.836718559,-5.575253963,4.66109848,-8.655854225,-6.229132175,-6.861788273,-8.759992599,0.001041745,0.00392922,0.000741031,0.000644402,0.000909495,0.001278197,0.000911042,0.002826072,0.000531985,0.000682007,0.001486578,0.000352433,0.000542694,0.000223644,0.000434243,0.000270455,0.000320132,0.000893918,0.00082572,0.000707274,0.000356337,0.002909911,0.003776199,0.990632534,0.000174074,0.001967284,0.001045945,0.000156861,0,0,0,0,0,0,0,0,0,0,0,0,0,0,0,0,0,0,0,0,0,0,0,1,0,0,0,0
ast_early_fusion,562112_1,Helicopter,Helicopter,Helicopter,0.993621171,-8.176093102,-6.51283884,-6.555437565,-9.022276878,-7.983499527,-8.341389656,-7.869426727,-9.345072746,-8.820634842,-7.706833363,-4.543743134,5.048363686,-7.996688366,-7.991975784,-10.19271183,-6.574864864,-9.028643608,-4.026590347,-8.618585587,-9.037725449,-10.51633453,-6.026175022,-8.933133125,-10.16214657,-10.12115192,-8.347287178,-3.365805387,-8.491807938,0.00028122,0.00148206,0.00142034,0.000120676,0.000340928,0.000238384,0.000382107,8.74E-05,0.000147633,0.000449541,0.010521648,0.993621171,0.000336462,0.000338051,3.74E-05,0.001393051,0.000119911,0.017522523,0.000180683,0.000118827,2.71E-05,0.002408896,0.000131927,3.86E-05,4.02E-05,0.000236983,0.033381395,0.0002051,0,0,0,0,0,0,0,0,0,0,0,1,0,0,0,0,0,0,0,0,0,0,0,0,0,0,0,0
ast_early_fusion,563495_2,"Boat,Waves","Boat,Waves",Waves,0.998399675,-8.245346069,-6.824519157,4.977311134,-10.14053059,-6.235619545,-9.204629898,-9.427663803,-9.712566376,-9.069700241,-4.351500511,-6.093842506,-7.312614441,-9.406297684,-9.693414688,-9.332437515,-9.053666115,-9.386758804,-7.994142056,-8.408044815,-7.669966698,-9.852302551,-7.038392067,-10.48593521,-9.675624847,-9.699151993,-7.898468971,6.435926437,-10.31765175,0.000262408,0.001085619,0.993154645,3.94E-05,0.001954588,0.000100563,8.05E-05,6.05E-05,0.000115088,0.012723486,0.002251639,0.000666626,8.22E-05,6.17E-05,8.85E-05,0.000116948,8.38E-05,0.00033732,0.000223016,0.000466416,5.26E-05,0.000876767,2.79E-05,6.28E-05,6.13E-05,0.000371174,0.998399675,3.30E-05,0,0,1,0,0,0,0,0,0,0,0,0,0,0,0,0,0,0,0,0,0,0,0,0,0,0,1,0
ast_early_fusion,563758_1,"Bird sounds,Dog","Bird sounds,Dog",Dog,0.998628139,-7.144106388,2.048561335,-8.40555191,-9.836932182,-5.415526867,-8.041398048,6.59018755,-9.028737068,-7.716282368,-6.513138771,-8.066004753,-9.990302086,-7.494552135,-8.042237282,-10.27318382,-9.24141407,-9.153892517,-9.011347771,-8.304473877,-8.217722893,-9.151273727,-4.409734726,-7.144357681,-8.879839897,-8.120787621,-8.683555603,-7.162835121,-10.51002693,0.000788881,0.885802209,0.000223572,5.34E-05,0.004427306,0.000321755,0.998628139,0.000119899,0.000445315,0.001481617,0.000313937,4.58E-05,0.000555797,0.000321485,3.45E-05,9.69E-05,0.000105796,0.000122002,0.000247346,0.000269756,0.000106073,0.012012352,0.000788682,0.000139147,0.000297206,0.000169319,0.000774255,2.73E-05,0,1,0,0,0,0,1,0,0,0,0,0,0,0,0,0,0,0,0,0,0,0,0,0,0,0,0,0
ast_early_fusion,563758_2,"Bird sounds,Dog","Bird sounds,Dog",Dog,0.998264372,-7.261722565,4.338074207,-8.141098022,-10.19837189,-7.246402264,-7.788449287,6.354617596,-8.852581978,-8.314270973,-7.288418293,-7.220382214,-9.093398094,-6.912023067,-8.398118973,-10.460495,-8.438332558,-9.146356583,-7.884994507,-8.131396294,-8.979762077,-8.713722229,-5.154946327,-7.659117222,-9.316771507,-8.639874458,-8.778038025,-7.10862875,-9.916256905,0.000701406,0.98710674,0.000291232,3.72E-05,0.000712226,0.000414323,0.998264372,0.000142992,0.000244935,0.000682941,0.000730988,0.000112393,0.000994751,0.00022524,2.86E-05,0.000216364,0.000106596,0.000376207,0.000294071,0.000125917,0.000164288,0.005737679,0.000471501,8.99E-05,0.000176878,0.000154056,0.000817347,4.94E-05,0,1,0,0,0,0,1,0,0,0,0,0,0,0,0,0,0,0,0,0,0,0,0,0,0,0,0,0
ast_early_fusion,563758_3,"Bird sounds,Dog,Speech","Bird sounds,Dog",Dog,0.996435881,-6.729498863,4.86582756,-7.251740456,-10.06786919,-7.06512928,-7.222306252,5.63327837,-9.071014404,-7.633833885,-6.859390736,-7.232880592,-8.622723579,-7.934046745,-8.133705139,-9.461078644,-8.089614868,-8.58741951,-7.750049591,-7.737709522,-8.513254166,-8.105405807,-4.925662518,-6.836166382,-9.265593529,-9.106751442,-8.413401604,-6.794790268,-9.537065506,0.001193705,0.992353499,0.000708437,4.24E-05,0.000853655,0.000729584,0.996435881,0.000114937,0.000483568,0.001048453,0.000721915,0.000179937,0.000358205,0.000293393,7.78E-05,0.000306614,0.000186402,0.000430536,0.000435879,0.000200749,0.000301812,0.007205619,0.001073061,9.46E-05,0.000110902,0.000221825,0.001118341,7.21E-05,0,1,0,0,0,0,1,0,0,0,0,0,0,0,0,0,0,0,0,0,0,0,0,0,0,0,0,0
ast_early_fusion,563847_0,"Bird sounds,Dog","Bird sounds,Dog",Bird sounds,0.99304527,-6.697604656,4.961363792,-6.989967823,-9.237840652,-6.502705097,-6.469100475,4.332481384,-8.303393364,-7.146805763,-6.731286526,-5.991110802,-7.533774853,-7.697594166,-7.916084766,-8.155061722,-7.582926273,-8.318727493,-7.286621094,-6.831302166,-8.039898872,-7.370595932,-6.01381731,-6.325473785,-8.389902115,-8.128265381,-7.760113716,-6.00673008,-8.812340736,0.001232343,0.99304527,0.000920229,9.73E-05,0.001497133,0.001548219,0.987035334,0.000247614,0.000786756,0.001191576,0.002494646,0.00053443,0.000453712,0.000364695,0.000287195,0.00050881,0.000243847,0.000684169,0.001078288,0.000322238,0.000629097,0.002438776,0.001786919,0.000227098,0.000294993,0.000426226,0.002456079,0.000148862,0,1,0,0,0,0,1,0,0,0,0,0,0,0,0,0,0,0,0,0,0,0,0,0,0,0,0,0
ast_early_fusion,565004_1,"Car,Waves",Plane,Plane,0.988168538,-7.142363071,-6.491963387,-6.397350311,-6.478293419,-3.266093969,-5.639164448,-5.974042416,-7.547902107,-5.633507729,-6.577417374,-5.658158302,-7.230339527,-7.400415897,-7.142473221,-7.870620251,-7.819331646,-5.895430088,4.425091267,-7.050659657,-7.024453163,-7.93511343,-6.61659956,-7.267957687,-8.038391113,-6.969110012,-7.335379124,-5.213616848,-8.408479691,0.000790256,0.001513277,0.001663195,0.001534073,0.036752861,0.003543239,0.002537482,0.000526937,0.003563267,0.001389505,0.003476806,0.000723751,0.000610626,0.000790169,0.000381652,0.000401729,0.00274444,0.988168538,0.000866086,0.000889063,0.000357823,0.001336185,0.000697049,0.000322724,0.000939606,0.000651632,0.0054125,0.000222919,0,0,0,0,0,0,0,0,0,0,0,0,0,0,0,0,0,1,0,0,0,0,0,0,0,0,0,0
ast_early_fusion,567111_0,"Explosion,Laughter,Musical instrument,Speech","Explosion,Musical instrument,Speech",Speech,0.991230845,-6.110854149,-6.112662792,-9.184819221,-8.69482708,-7.485759735,-7.871013165,-8.728072166,2.104859591,-8.793453217,-8.644101143,-6.221298695,-8.424721718,-9.478018761,-7.293246269,-9.141858101,-6.396788597,1.859530449,-6.186059475,-2.803013325,-6.076780796,-6.349040508,4.727699757,-8.414348602,-7.061266899,-10.2428894,-7.921441555,-7.723519802,-10.47141552,0.002213743,0.002209752,0.000102574,0.000167422,0.000560702,0.000381502,0.000161948,0.891374648,0.0001517,0.000176132,0.001982725,0.000219328,7.65E-05,0.000679654,0.000107077,0.001664128,0.865242183,0.002053694,0.057161558,0.002290297,0.001745372,0.991230845,0.000221615,0.000856956,3.56E-05,0.000362747,0.000442105,2.83E-05,0,0,0,0,0,0,0,1,0,0,0,0,0,0,0,0,1,0,0,0,0,1,0,0,0,0,0,0
ast_early_fusion,568494_1,"Bird sounds,Car,Speech","Bird sounds,Car",Bird sounds,0.99584192,-6.303988934,5.478543758,-7.120900154,-8.291151047,1.389083982,-7.18402195,-4.782380104,-8.563933372,-7.413295269,-6.407149315,-3.576146603,-6.653508663,-5.9547019,-6.864257336,-8.084981918,-7.706470966,-6.809164524,-6.727611065,-6.835282326,-6.822251797,-7.065787792,-5.785263538,-6.57307148,-7.438038826,-6.517307758,-7.541879177,-8.12007618,-7.67734766,0.001825655,0.99584192,0.000807387,0.000250663,0.800445974,0.000758036,0.008306463,0.000190831,0.000602816,0.001647004,0.027221574,0.001287829,0.002586907,0.001043368,0.000308037,0.000449704,0.001102398,0.001195958,0.001074009,0.00108808,0.000853094,0.003063089,0.001395548,0.000588092,0.001475462,0.000530119,0.000297417,0.000462987,0,1,0,0,1,0,0,0,0,0,0,0,0,0,0,0,0,0,0,0,0,0,0,0,0,0,0,0
ast_early_fusion,569009_4,Waves,Waves,Waves,0.99786526,-7.678001881,-6.715194225,-5.998937607,-8.895359993,-6.850242138,-7.762956619,-7.770642281,-8.398825645,-7.480631351,-6.732882977,-7.513459682,-7.722444057,-8.254971504,-8.458659172,-8.363369942,-8.297097206,-8.625516891,-7.656861782,-7.047522068,-7.987165928,-8.331557274,-6.387598991,-8.984455109,-8.779895782,-9.072936058,-7.837618351,6.147246361,-8.189722061,0.000462685,0.001210883,0.002475245,0.000137004,0.001058078,0.000425017,0.000421764,0.000225081,0.000563583,0.001189677,0.000545392,0.000442581,0.000259895,0.000212011,0.000233203,0.000249177,0.000179435,0.000472565,0.000868806,0.00033968,0.000240739,0.001679465,0.000125327,0.00015377,0.000114716,0.000394452,0.99786526,0.000277414,0,0,0,0,0,0,0,0,0,0,0,0,0,0,0,0,0,0,0,0,0,0,0,0,0,0,1,0
ast_early_fusion,569975_2,"Bird sounds,Car,Plane,Waves",Plane,Plane,0.995038688,-7.127325535,-4.499114037,-7.298589706,-8.618416786,-3.419716835,-8.528705597,-7.410003662,-9.17480278,-8.553398132,-7.734119415,-6.520622253,-6.270020008,-8.249320984,-7.199549198,-9.066243172,-7.377067566,-7.804366112,5.301110268,-7.810228348,-7.233200073,-7.959713936,-6.415663719,-7.501049995,-8.999899864,-6.219705582,-7.371273518,-2.049467802,-8.063912392,0.00080222,0.010996574,0.000676035,0.000180714,0.031684913,0.000197672,0.000604802,0.000103607,0.000192851,0.000437446,0.001470587,0.001888617,0.000261368,0.000746365,0.000115486,0.000625041,0.000407784,0.995038688,0.000405401,0.000721685,0.000349131,0.001633063,0.000552199,0.000123407,0.001985879,0.000628671,0.114106171,0.000314594,0,0,0,0,0,0,0,0,0,0,0,0,0,0,0,0,0,1,0,0,0,0,0,0,0,0,0,0
ast_early_fusion,570360_0,Bird sounds,Bird sounds,Bird sounds,0.995299041,-6.332072735,5.355282307,-7.285749435,-7.842405796,-2.357124805,-6.56524992,-5.787938595,-8.000851631,-6.058519363,-5.648161888,-6.028806686,-7.221911907,-6.60194397,-6.84305191,-7.29321146,-7.503192425,-6.53925848,-7.072301388,-6.932562828,-6.494273663,-6.399988651,-4.998979092,-7.146017075,-7.729750156,-7.159077168,-6.170200825,-5.253456116,-7.105310917,0.001775187,0.995299041,0.000684765,0.000392569,0.086501122,0.001406491,0.003054931,0.000335065,0.002332407,0.003511613,0.00240258,0.000729871,0.001355885,0.001065706,0.000679678,0.000551018,0.001443473,0.00084756,0.000974547,0.00150979,0.00165882,0.006699641,0.000787376,0.000439361,0.000777168,0.002086454,0.005202209,0.000820061,0,1,0,0,0,0,0,0,0,0,0,0,0,0,0,0,0,0,0,0,0,0,0,0,0,0,0,0
ast_early_fusion,570360_1,Bird sounds,Bird sounds,Bird sounds,0.995263457,-5.480520725,5.347707748,-7.321691036,-7.763734341,-6.26991415,-6.548490047,-5.234064579,-7.708669186,-6.230772495,-5.443050385,-6.390748978,-7.633500576,-6.465941906,-7.502885818,-6.565526962,-6.629225254,-5.652761459,-6.784600735,-6.828324795,-6.45091486,-6.436101437,-4.717669964,-7.28119421,-7.553200245,-7.661301136,-6.27763176,-4.848908901,-7.432747364,0.004149866,0.995263457,0.000660607,0.000424687,0.001888817,0.001430228,0.005303532,0.000448717,0.001964066,0.00430763,0.001674192,0.00048373,0.001553109,0.000551187,0.001406102,0.001319443,0.003495555,0.001129781,0.001081499,0.001576587,0.001600078,0.008856831,0.00068789,0.000524154,0.000470473,0.001874323,0.007775983,0.00059121,0,1,0,0,0,0,0,0,0,0,0,0,0,0,0,0,0,0,0,0,0,0,0,0,0,0,0,0
ast_early_fusion,570906_3,"Bird sounds,Waves",Waves,Waves,0.998034775,-7.562906265,-4.190248966,-5.473478794,-9.642409325,-6.304033279,-7.8034482,-8.016705513,-8.966413498,-7.426576138,-3.08617115,-6.836919308,-8.526742935,-7.334035397,-8.113823891,-8.21719265,-7.664268017,-8.520394325,-8.031991005,-7.726671696,-7.564900875,-7.472673416,-7.062669754,-8.15515995,-9.506420135,-8.19426918,-7.087078571,6.230186939,-8.393320084,0.000519094,0.014916639,0.00417907,6.49E-05,0.001825575,0.000408158,0.000329796,0.000127609,0.000594868,0.043681297,0.001072254,0.00019806,0.000652507,0.000299282,0.000269899,0.00046908,0.000199321,0.000324795,0.000440715,0.00051806,0.000568084,0.000855755,0.000287167,7.44E-05,0.000276156,0.000835138,0.998034775,0.000226323,0,0,0,0,0,0,0,0,0,0,0,0,0,0,0,0,0,0,0,0,0,0,0,0,0,0,1,0
ast_early_fusion,571019_3,Waves,Waves,Waves,0.996841669,-7.665744781,-7.135098457,-6.254705906,-8.710889816,-6.905740738,-7.416325092,-7.80970335,-8.352666855,-7.482121944,-6.899376869,-6.849143982,-7.058222771,-8.078521729,-8.167311668,-8.280822754,-8.049107552,-8.207460403,-7.020345211,-6.922570229,-7.744847298,-7.968810558,-6.18054533,-8.566818237,-8.384684563,-9.070591927,-7.625451088,5.754543781,-7.570838451,0.000468388,0.000796013,0.001917706,0.000164754,0.001001014,0.000600994,0.000405614,0.000235711,0.000562745,0.001007398,0.00105924,0.000859566,0.000310033,0.000283699,0.000253265,0.000319285,0.000272538,0.000892719,0.000984324,0.00043278,0.000345971,0.002065026,0.000190281,0.000228286,0.000114985,0.000487637,0.996841669,0.000514995,0,0,0,0,0,0,0,0,0,0,0,0,0,0,0,0,0,0,0,0,0,0,0,0,0,0,1,0
ast_early_fusion,571023_4,Flowing water,Flowing water,Flowing water,0.99609679,-7.038035393,-6.91653204,-6.721130371,-8.695065498,-7.150331974,-7.122944355,-7.179498196,-8.709651947,-6.609941959,5.542051315,-7.098119259,-8.109024048,-7.281012535,-8.200287819,-7.869040966,-7.698630333,-8.430657387,-7.384881973,-7.711172104,-8.529397964,-8.020793915,-6.257826328,-8.482432365,-8.587961197,-8.466819763,-7.499806881,-6.699543953,-8.140833855,0.00087708,0.00099028,0.001203724,0.000167382,0.000783989,0.000805739,0.00076147,0.000164958,0.001345099,0.99609679,0.000825975,0.000300722,0.000688014,0.000274499,0.000382255,0.000453242,0.000218031,0.000620179,0.000447596,0.000197535,0.000328451,0.001911743,0.000207032,0.000186301,0.000210289,0.000552885,0.001229959,0.000291309,0,0,0,0,0,0,0,0,0,1,0,0,0,0,0,0,0,0,0,0,0,0,0,0,0,0,0,0
ast_early_fusion,571051_1,"Boat,Waves",Waves,Waves,0.997495592,-7.718487263,-6.876541615,-6.103211403,-8.681195259,-6.971150398,-7.304285526,-7.691799641,-8.716051102,-7.31277132,-6.826015472,-7.334632874,-7.352766514,-8.234461784,-8.358762741,-8.655285835,-8.177044868,-8.631411552,-7.236336231,-7.536931515,-7.862894058,-8.222189903,-6.365314484,-8.836966515,-8.878994942,-8.882510185,-7.689006805,5.987188816,-7.287976265,0.000444335,0.001030643,0.002230689,0.000169719,0.000937692,0.000672198,0.000456347,0.000163906,0.000666522,0.001083997,0.000652118,0.000640407,0.000265279,0.000234279,0.000174173,0.000280952,0.000178381,0.000719427,0.000532747,0.000384611,0.000268554,0.001717246,0.000145242,0.000139265,0.000138776,0.000457623,0.997495592,0.000683243,0,0,0,0,0,0,0,0,0,0,0,0,0,0,0,0,0,0,0,0,0,0,0,0,0,0,1,0
ast_early_fusion,571103_2,Waves,Waves,Waves,0.997220278,-7.719836712,-6.649718761,-6.52910471,-8.759272575,-6.95205307,-7.209009647,-7.628611088,-8.696308136,-7.328862667,-6.743723869,-6.872037888,-6.976484299,-8.15839386,-8.155168533,-8.311522484,-8.105709076,-8.440852165,-7.23648119,-7.61809063,-7.940732956,-8.174173355,-6.508458614,-8.457648277,-8.805846214,-8.640065193,-7.853473663,5.882624149,-7.525553703,0.000443736,0.001292713,0.001458183,0.000156974,0.000955755,0.000739343,0.000486099,0.000167174,0.000655889,0.001176865,0.00103529,0.000932709,0.00028624,0.000287164,0.000245609,0.00030172,0.00021582,0.000719322,0.000491238,0.000355819,0.00028176,0.001488557,0.000212226,0.000149832,0.000176844,0.00038825,0.997220278,0.00053884,0,0,0,0,0,0,0,0,0,0,0,0,0,0,0,0,0,0,0,0,0,0,0,0,0,0,1,0
ast_early_fusion,571105_0,Waves,Waves,Waves,0.847121,-6.828793049,-3.300787449,-7.129592896,-8.621844292,-5.015584946,-7.437907219,-6.357598782,-8.362322807,-7.48796463,-5.182140827,-6.48908186,-7.019906044,-7.426389694,-7.277431965,-5.101954937,-7.571111202,-8.110467911,-5.429269314,-7.388026714,-8.486670494,-7.776264668,-6.051870823,-1.21546948,-7.690055847,-7.426559925,-7.08317852,1.712196708,-6.886390686,0.001080994,0.035544187,0.000800404,0.000180095,0.006590034,0.000588169,0.001730524,0.000233447,0.000559468,0.005584608,0.001517637,0.000893111,0.000594979,0.000690481,0.006048038,0.000514855,0.000300288,0.004367144,0.000618233,0.000206156,0.000419401,0.002347929,0.228734717,0.000457144,0.000594878,0.000838398,0.847121,0.001020552,0,0,0,0,0,0,0,0,0,0,0,0,0,0,0,0,0,0,0,0,0,0,0,0,0,0,1,0
ast_early_fusion,571108_1,Waves,Waves,Waves,0.9970994,-7.642840862,-7.09670496,-5.625192165,-8.249664307,-6.528002739,-7.063472271,-7.219330311,-7.827376366,-7.301878929,-6.619267941,-6.457020283,-7.04609251,-8.008366585,-7.935099125,-8.212458611,-8.380329132,-8.078016281,-7.495278835,-7.108353138,-7.613669872,-7.880605698,-6.28262043,-8.575169563,-8.338652611,-8.700602531,-7.72003746,5.839911938,-6.919296741,0.000479235,0.000827143,0.003592914,0.000261278,0.001459789,0.00085507,0.000731757,0.000398511,0.000673816,0.001332629,0.001567006,0.000870047,0.000332557,0.000357828,0.000271179,0.000229282,0.00031019,0.000555393,0.000817572,0.000493413,0.000377861,0.001865013,0.000188699,0.000239037,0.000166458,0.000443647,0.9970994,0.000987549,0,0,0,0,0,0,0,0,0,0,0,0,0,0,0,0,0,0,0,0,0,0,0,0,0,0,1,0
ast_early_fusion,572170_0,"Bird sounds,Crickets",Insects,Insects,0.965645075,-6.923985004,-5.923247337,-7.775206566,-8.442298889,-3.021435499,-0.817844689,-7.932281971,-9.537043571,-7.455833912,-8.127102852,-6.636458397,-7.950377464,3.336052418,-7.934445858,-9.410481453,-9.166270256,-9.337298393,-7.226835728,-6.941613674,-6.29885149,-7.674663544,-6.933531284,-7.014976025,-8.583170891,-5.808892727,-6.090409279,-7.427557468,-7.339058876,0.000982934,0.00266935,0.000419844,0.000215508,0.046466827,0.306221366,0.000358838,7.21E-05,0.000577725,0.000295336,0.001309946,0.000352405,0.965645075,0.000358062,8.19E-05,0.000104495,8.81E-05,0.000726289,0.000965775,0.001835041,0.000464231,0.000973605,0.000897521,0.000187195,0.002991773,0.002259366,0.000594285,0.00064924,0,0,0,0,0,0,0,0,0,0,0,0,1,0,0,0,0,0,0,0,0,0,0,0,0,0,0,0
ast_early_fusion,572246_0,"Bird sounds,Speech","Bird sounds,Speech",Bird sounds,0.997470021,-6.898710251,5.977015018,-7.616004467,-9.583157539,-6.904699802,-7.914942741,-7.306964874,-9.762468338,-5.994421959,-7.097751141,-6.981370926,-8.175451279,-8.058476448,-7.70578289,-8.739078522,-8.411355972,-8.095590591,-7.311107635,-7.329683304,-7.675845146,-7.519083977,5.513792038,-5.762918949,-8.578509331,-8.71298027,-7.828303814,-6.750469685,-9.80791378,0.001008069,0.997470021,0.000492263,6.89E-05,0.001002055,0.000365111,0.0006704,5.76E-05,0.00248642,0.000826279,0.000928166,0.0002814,0.000316308,0.000450013,0.000160176,0.000222279,0.000304788,0.000667631,0.000655351,0.000463683,0.000542335,0.995985329,0.003132086,0.00018807,0.00016441,0.000398142,0.001168962,5.50E-05,0,1,0,0,0,0,0,0,0,0,0,0,0,0,0,0,0,0,0,0,0,1,0,0,0,0,0,0
ast_early_fusion,572246_4,"Bird sounds,Speech","Bird sounds,Speech",Bird sounds,0.993657053,-6.156463623,5.054050922,-7.242246151,-8.955943108,-6.659482479,-6.623839378,-7.685911179,-9.682275772,-3.28384757,-8.375260353,-6.757326126,-8.003709793,-7.544190884,-6.651895046,-9.089133263,-7.384460926,-7.219854355,-2.771145105,-6.678136349,-6.886834145,-7.054599285,2.219804525,-7.844517708,-8.333667755,-7.85530901,-7.247255325,-2.773114443,-9.627771378,0.002115252,0.993657053,0.00071519,0.000128952,0.001280169,0.001326559,0.000459041,6.24E-05,0.03612949,0.000230447,0.001160984,0.000334109,0.000528895,0.001289906,0.000112873,0.00062044,0.000731374,0.058903504,0.001256539,0.0010201,0.000862684,0.902013958,0.000391741,0.000240231,0.000387538,0.00071162,0.058794431,6.59E-05,0,1,0,0,0,0,0,0,0,0,0,0,0,0,0,0,0,0,0,0,0,1,0,0,0,0,0,0
ast_early_fusion,572249_0,"Bird sounds,Train","Bird sounds,Train",Bird sounds,0.995982051,-6.482368946,5.512946606,-7.737575531,-10.76285839,-6.399999619,-7.826385498,-6.873554707,-10.92856216,-6.872050762,-6.418609619,-6.994104862,-8.45608139,-7.423741341,-8.445619583,-10.02118587,-9.367801666,-9.509523392,-7.571317673,-8.579488754,-9.765766144,-7.627113342,-4.609442234,4.647591114,-6.810225487,-8.844994545,-5.885658741,-6.924109936,-9.461024284,0.001527844,0.995982051,0.000435938,2.12E-05,0.001658802,0.000398906,0.001033722,1.79E-05,0.001035277,0.001628267,0.000916433,0.000212558,0.000596556,0.000214793,4.44E-05,8.54E-05,7.41E-05,0.000514748,0.000187886,5.74E-05,0.000486828,0.0098592,0.990506351,0.00110123,0.00014408,0.002771314,0.000982811,7.78E-05,0,1,0,0,0,0,0,0,0,0,0,0,0,0,0,0,0,0,0,0,0,0,1,0,0,0,0,0
ast_early_fusion,572249_3,"Bird sounds,Train","Bird sounds,Train",Bird sounds,0.998304129,-6.946949005,6.377842426,-7.322317123,-11.07680988,-5.54597187,-8.670713425,-7.433743,-11.1856308,-7.780990124,-6.43299818,-6.736277103,-9.060882568,-8.357598305,-8.393823624,-10.1253767,-9.332434654,-9.559815407,-5.002732277,-8.564576149,-9.714099884,-7.406564713,-5.029625416,3.527442455,-7.101756096,-8.964593887,-6.058365822,-4.637915134,-9.875400543,0.000960641,0.998304129,0.000660194,1.55E-05,0.003887973,0.000171507,0.000590622,1.39E-05,0.000417424,0.001605043,0.001185651,0.000116107,0.000234552,0.000226209,4.00E-05,8.85E-05,7.05E-05,0.006674711,0.000190708,6.04E-05,0.000606885,0.006498751,0.971458554,0.000822979,0.000127841,0.002332764,0.009585091,5.14E-05,0,1,0,0,0,0,0,0,0,0,0,0,0,0,0,0,0,0,0,0,0,0,1,0,0,0,0,0
ast_early_fusion,572399,"Bird sounds,Vehicle horn","Bird sounds,Boat,Vehicle horn",Bird sounds,0.996145606,-6.583021641,5.554681778,4.04622221,-8.997935295,-8.386289597,-7.741200924,-8.868151665,-10.3199625,-9.404075623,-6.975871086,-7.937559128,-8.862929344,-8.103640556,-7.484116077,-10.13095665,-7.671206951,-8.590168953,-5.739459991,-8.197346687,-9.273193359,-7.195724964,-5.717316151,-7.43891573,-9.342629433,-8.570105553,2.462456465,-5.371326923,-8.135704041,0.00138175,0.996145606,0.982812226,0.00012365,0.00022792,0.000434361,0.000140783,3.30E-05,8.24E-05,0.00093328,0.00035695,0.00014152,0.000302345,0.000561624,3.98E-05,0.000465838,0.00018589,0.003206192,0.000275307,9.39E-05,0.000749223,0.003277746,0.000587577,8.76E-05,0.000189657,0.921467602,0.004626456,0.000292807,0,1,1,0,0,0,0,0,0,0,0,0,0,0,0,0,0,0,0,0,0,0,0,0,0,1,0,0
ast_early_fusion,574252_1,Metro,Speech,Speech,0.999423504,-5.214531422,-8.333088875,-6.86332798,-9.611519814,-7.037287235,-7.878530979,-6.960149765,-8.479011536,-7.505007267,-7.490831375,-6.045628071,-8.389517784,-8.034980774,-8.951272011,-1.150828481,-3.763670444,-7.369181156,-8.771637917,-6.253123283,-8.760614395,-7.959733486,7.457892418,-5.14492178,-4.991551876,-8.991653442,-6.879801273,-7.534913063,-10.90362835,0.005407579,0.00024037,0.001044337,6.69E-05,0.000877735,0.000378646,0.000948055,0.000207741,0.000550019,0.000557867,0.002362598,0.000227185,0.000323826,0.000129555,0.240337789,0.022672469,0.000629987,0.000155045,0.001920738,0.000156764,0.000349124,0.999423504,0.005795151,0.006749249,0.000124429,0.001027292,0.000533823,1.84E-05,0,0,0,0,0,0,0,0,0,0,0,0,0,0,0,0,0,0,0,0,0,1,0,0,0,0,0,0
ast_early_fusion,574637_3,Metro,,Metro,0.221434131,-5.801186085,-6.440836906,-6.581457615,-6.697854519,-7.186106205,-6.302399158,-6.035324097,-7.250163078,-6.807489395,-5.445158005,-5.051342487,-6.862716675,-6.331046581,-7.292248726,-1.257328391,-2.291594028,-5.850495815,-4.684213161,-6.217526436,-6.435683727,-7.070362091,-4.873669147,-1.333946586,-5.760079384,-7.894128799,-6.213899612,-6.188444138,-7.567761898,0.003014849,0.001592531,0.00138391,0.001232036,0.000756458,0.001828555,0.00238701,0.000709555,0.001104244,0.0042986,0.006360026,0.001044975,0.001777007,0.000680332,0.221434131,0.091821536,0.00287021,0.009155407,0.001990203,0.001600745,0.000849204,0.007587255,0.208507314,0.003140965,0.000372788,0.00199742,0.002048812,0.000516581,0,0,0,0,0,0,0,0,0,0,0,0,0,0,0,0,0,0,0,0,0,0,0,0,0,0,0,0
ast_early_fusion,574639_1,"Car,Train,Vehicle horn",Plane,Plane,0.663077414,-6.959826946,-6.018619061,-4.765849113,-5.21773386,-2.574518681,-5.762681007,-5.187235355,-7.268169403,-6.796663284,-5.042692184,-3.865617752,-6.44399786,-7.25672245,-7.494361401,-7.436116695,-5.239135265,-6.562011242,0.677038491,-6.897072315,-6.132441044,-8.173884392,-5.044596195,-2.934749842,-6.031471252,-7.194639683,-6.443768978,-5.151765347,-6.976239204,0.000948361,0.002427122,0.00844375,0.005390383,0.070796467,0.003132829,0.005556387,0.000696901,0.00111625,0.006414926,0.020520082,0.001587513,0.000704919,0.000555903,0.000589223,0.005276849,0.001411047,0.663077414,0.00100972,0.00216657,0.000281841,0.006402802,0.050462246,0.002396202,0.000750035,0.001587876,0.005755854,0.000932937,0,0,0,0,0,0,0,0,0,0,0,0,0,0,0,0,0,1,0,0,0,0,0,0,0,0,0,0
ast_early_fusion,574639_2,"Car,Train",Train,Train,0.95140326,-6.412155628,-6.53212595,-6.523839951,-7.422111034,-3.796630144,-6.397276878,-5.196296215,-6.911253929,-6.924228191,-5.766365528,-5.471068859,-7.545089722,-7.404727936,-6.681672573,-7.391158581,-5.310901165,-6.502338409,-5.262441635,-6.915782452,-6.573719025,-7.183294773,-4.903548717,2.97438097,-6.461237907,-7.039932251,-5.283987522,-6.556255817,-5.807935715,0.001638792,0.001453791,0.001465869,0.000597528,0.021953512,0.001663317,0.005506544,0.000995515,0.000982695,0.003121343,0.004189111,0.00052842,0.000608,0.00125211,0.000616301,0.004913216,0.001497681,0.005155914,0.000991022,0.001394646,0.000758587,0.00736555,0.95140326,0.001560421,0.000875419,0.005046568,0.00141918,0.002994629,0,0,0,0,0,0,0,0,0,0,0,0,0,0,0,0,0,0,0,0,0,0,1,0,0,0,0,0
ast_early_fusion,574640_1,"Car,Train",Plane,Plane,0.989225209,-7.139992237,-6.340132713,-6.140626907,-7.365274429,-5.153339386,-6.511843681,-7.131260872,-7.562650204,-6.216165066,-5.998941422,-6.747262955,-6.518927097,-7.786975861,-6.853398323,-7.659986496,-7.151801109,-7.117603302,4.51970768,-6.983017445,-6.784769058,-7.709211826,-5.594798565,-5.094749451,-7.620007038,-6.066155434,-6.292742252,-5.758060932,-6.909348965,0.00079213,0.001760962,0.002148945,0.000632451,0.005746853,0.001483534,0.000799071,0.000519227,0.001992909,0.002475235,0.001172712,0.001473078,0.000414934,0.001054748,0.000471092,0.000782838,0.000810051,0.989225209,0.000926641,0.001129591,0.000448474,0.003703382,0.006091509,0.000490298,0.002314706,0.001846266,0.003147291,0.000997412,0,0,0,0,0,0,0,0,0,0,0,0,0,0,0,0,0,1,0,0,0,0,0,0,0,0,0,0
ast_early_fusion,574645_2,Train,Train,Train,0.992450237,-6.338531017,-5.85828352,-7.886057854,-7.431927681,-5.755321503,-6.723641396,-6.850943089,-7.911776543,-6.617385387,-6.618629456,-6.492966652,-8.106497765,-7.050086975,-7.356034279,-6.836771011,-6.756146431,-7.32707119,-6.952292442,-7.395775318,-7.209572315,-7.073055744,-5.379058838,4.878652096,-6.912330627,-7.642332554,-5.653233528,-7.158882141,-8.133462906,0.00176378,0.002848008,0.000375807,0.000591695,0.003155897,0.001200709,0.001057338,0.000366269,0.001335137,0.001333479,0.001511762,0.000301482,0.000866582,0.000638319,0.001072413,0.001162352,0.000657064,0.000955526,0.000613464,0.000738927,0.000846921,0.004590986,0.992450237,0.000994445,0.000479478,0.003493911,0.000777319,0.000293464,0,0,0,0,0,0,0,0,0,0,0,0,0,0,0,0,0,0,0,0,0,0,1,0,0,0,0,0
ast_early_fusion,574645_4,Train,Car,Car,0.534020305,-5.860527992,-7.329264641,-5.986127377,-4.327378273,0.136291981,-6.016811371,-4.932277679,-6.497653484,-7.183033466,-6.069574356,-5.750174522,-7.044520855,-5.382521629,-6.809421062,-6.297284126,-5.849968433,-5.678256989,-4.367022038,-6.741088867,-5.396011829,-7.935556412,-5.309748173,-0.961082399,-6.222137928,-6.016308308,-5.296848774,-6.623733044,-6.639413834,0.002841641,0.000655626,0.002507077,0.013030089,0.534020305,0.002431503,0.00715845,0.001504704,0.000758785,0.002306823,0.003172131,0.000871415,0.004575189,0.001102115,0.001837915,0.00287172,0.00340786,0.012529979,0.001179966,0.00451416,0.000357665,0.004918857,0.276661545,0.001981064,0.002432723,0.0049824,0.0013267,0.001306085,0,0,0,0,1,0,0,0,0,0,0,0,0,0,0,0,0,0,0,0,0,0,0,0,0,0,0,0
ast_early_fusion,575434_0,"Bird sounds,Dog","Bird sounds,Dog",Bird sounds,0.994954646,-6.848347187,5.284240246,-7.838493824,-10.10722923,-7.123445511,-6.617344856,5.129101753,-8.892572403,-7.489953995,-7.59962225,-6.350240231,-8.066022873,-6.692698479,-8.257053375,-9.21279335,-7.933862686,-8.468427658,-7.40857172,-7.342544079,-7.991230965,-8.058663368,-5.890319347,-6.732738018,-8.344126701,-8.728350639,-8.365736008,-6.695658207,-9.302231789,0.001060083,0.994954646,0.000394107,4.08E-05,0.000805336,0.001335191,0.994113028,0.000137387,0.000558357,0.00050039,0.001743283,0.000313931,0.001238397,0.000259355,9.97E-05,0.000358271,0.000209951,0.000605669,0.000646983,0.000338303,0.000316249,0.002758463,0.001189849,0.000237733,0.000161903,0.000232652,0.001234741,9.12E-05,0,1,0,0,0,0,1,0,0,0,0,0,0,0,0,0,0,0,0,0,0,0,0,0,0,0,0,0
ast_early_fusion,575739_0,"Bird sounds,Plane",Bird sounds,Bird sounds,0.994612694,-6.877702713,5.21831274,-3.923878908,-7.585477829,-2.293232203,-6.74890852,-5.929599285,-7.400748253,-7.387980938,-5.810571671,-5.495582104,-5.894054413,-4.505999088,-7.249617577,-7.246839046,-6.395522594,-7.632474422,-4.65529108,-6.203482151,-6.344251156,-6.208658695,-5.988219738,-7.729784489,-7.194638252,-7.329571247,-6.045726776,-5.722594261,-7.617341518,0.001029448,0.994612694,0.019381227,0.000507514,0.091685012,0.001170786,0.002652493,0.000610423,0.000618261,0.002986769,0.004088085,0.002748207,0.010921946,0.000709942,0.000711916,0.001666233,0.000484226,0.009421535,0.002018294,0.001753737,0.002007894,0.00250185,0.000439346,0.000750037,0.000655425,0.002362365,0.003260548,0.000491606,0,1,0,0,0,0,0,0,0,0,0,0,0,0,0,0,0,0,0,0,0,0,0,0,0,0,0,0
ast_early_fusion,575739_2,"Bird sounds,Footsteps,Plane","Bird sounds,Footsteps,Plane",Bird sounds,0.994732618,-7.897250175,5.240944386,-9.621601105,-9.740395546,-7.598962307,-8.923380852,-7.728543282,-10.08968258,-9.349284172,-8.68200779,2.6229074,-8.023537636,-8.648919106,-6.754619598,-9.315882683,-0.626183093,-7.10412693,4.724949837,-4.986418247,-7.658206463,-6.314151764,-2.414005518,-9.260849953,-11.21270752,-10.08578777,-8.841235161,-5.885569096,-10.37673187,0.000371626,0.994732618,6.63E-05,5.89E-05,0.00050072,0.000133219,0.000439891,4.15E-05,8.70E-05,0.000169581,0.93232137,0.000327552,0.000175286,0.001164126,9.00E-05,0.348376513,0.000821032,0.991206825,0.006783751,0.000471931,0.001807229,0.082110919,9.51E-05,1.35E-05,4.17E-05,0.000144623,0.002771561,3.11E-05,0,1,0,0,0,0,0,0,0,0,1,0,0,0,0,0,0,1,0,0,0,0,0,0,0,0,0,0
ast_early_fusion,576082_3,Insects,Insects,Insects,0.98964709,-8.114173889,-7.133460999,-7.773951054,-9.692854881,-1.775489926,-1.422639132,-7.801789761,-8.583301544,-4.706035614,-5.414636135,-6.666396618,-8.86379528,4.560078621,-8.96321106,-9.04284668,-8.565520287,-8.437978745,-9.141501427,-8.224064827,-7.688161373,-7.22307539,-6.73835659,-10.26409245,-9.647453308,-7.001966953,-7.187527657,-8.132360458,-8.527121544,0.000299178,0.000797317,0.000420372,6.17E-05,0.144860923,0.194248185,0.000408835,0.000187171,0.008959547,0.004431234,0.001271359,0.000141397,0.98964709,0.000128018,0.00011822,0.000190528,0.00021644,0.000107115,0.000268051,0.00045801,0.000729023,0.001183191,3.49E-05,6.46E-05,0.000909263,0.000755385,0.000293787,0.000197985,0,0,0,0,0,0,0,0,0,0,0,0,1,0,0,0,0,0,0,0,0,0,0,0,0,0,0,0
ast_early_fusion,577783_2,Bird sounds,Bird sounds,Bird sounds,0.994044125,-5.830536842,5.117406845,-5.160150051,-7.352869511,-6.106241226,-6.881221294,-5.347969055,-8.594887733,-6.807480812,-6.801465988,-5.398127079,-6.531891823,-5.755084515,-7.096306324,-6.878724098,-6.2397089,-8.148440361,-7.675187111,-6.273223877,-6.37248373,-6.973228931,-5.141687393,-6.773593426,-8.110204697,-6.933409214,-5.677927494,-5.46686554,-7.741110802,0.002927902,0.994044125,0.005708069,0.000640341,0.002223956,0.001025836,0.004735275,0.000185015,0.001104254,0.001110908,0.004504664,0.001454131,0.003156643,0.000827473,0.001028398,0.001946626,0.000289102,0.000463988,0.001882587,0.001705,0.000935747,0.005813816,0.001142272,0.000300367,0.000973723,0.003408979,0.004206682,0.0004344,0,1,0,0,0,0,0,0,0,0,0,0,0,0,0,0,0,0,0,0,0,0,0,0,0,0,0,0
ast_early_fusion,579311_0,Boat,Boat,Boat,0.992595017,-7.7920928,-6.201580048,4.898164749,-7.057357311,-8.165194511,-8.251982689,-8.10990715,-8.78087616,-8.331838608,-4.225988865,-8.6733675,-8.762746811,-6.872475147,-8.396036148,-8.044570923,-8.258272171,-8.181830406,-8.140114784,-7.896103382,-9.031509399,-8.373109818,-6.929915428,-8.123865128,-5.86213398,-9.160778999,-5.104498386,-4.023167133,-6.707250595,0.000412817,0.002022129,0.992595017,0.00086031,0.0002843,0.000260673,0.000300456,0.00015362,0.000240671,0.014400477,0.000171053,0.00015643,0.001034838,0.000225709,0.000320736,0.000259039,0.000279611,0.000291519,0.000372053,0.000119568,0.000230943,0.000977128,0.000296293,0.002837094,0.00010507,0.006032768,0.017581552,0.001220528,0,0,1,0,0,0,0,0,0,0,0,0,0,0,0,0,0,0,0,0,0,0,0,0,0,0,0,0
ast_early_fusion,580750_0,Explosion,Explosion,Explosion,0.99682045,-8.304743767,-7.230520725,-8.42302227,-9.47766304,-6.896569729,-5.94431591,-8.383376122,5.747820854,-8.201443672,-7.953909397,-7.422162533,-9.802872658,-8.140761375,-8.207604408,-8.709301949,-9.324483871,-7.233430386,-7.883321762,-7.992231846,-8.442526817,-6.582333565,-5.389663219,-8.026584625,-8.001119614,-10.21059513,-7.958344936,-7.287543774,-7.727808952,0.00024728,0.00072362,0.000219701,7.65E-05,0.001010227,0.002613844,0.000228584,0.99682045,0.000274182,0.000351163,0.000597498,5.53E-05,0.00029133,0.000272499,0.000165016,8.92E-05,0.000721519,0.000376837,0.000337964,0.000215458,0.0013827,0.004542779,0.000326555,0.000334975,3.68E-05,0.000349609,0.000683538,0.000440214,0,0,0,0,0,0,0,1,0,0,0,0,0,0,0,0,0,0,0,0,0,0,0,0,0,0,0,0
ast_early_fusion,581442_1,Bird sounds,Bird sounds,Bird sounds,0.99584347,-4.767749786,5.478916645,-7.267995358,-9.038520813,-2.811299801,-7.057614803,-7.170461655,-8.317720413,-6.471613884,-4.428067684,-3.052512407,-8.339500427,-3.99910593,-5.780833244,-7.910167217,-4.892179012,-4.42605114,-6.083242416,-6.260732651,-6.098967552,-4.496394634,-4.582140446,-6.819061756,-8.153280258,-6.759607315,-6.082037926,-5.384543896,-7.684393406,0.008427851,0.99584347,0.000697023,0.000118732,0.056716602,0.000860089,0.000768377,0.000244092,0.001544339,0.011796712,0.045109127,0.000238835,0.018002009,0.003076648,0.000366859,0.007449144,0.011820242,0.002275579,0.001906205,0.002240155,0.011026189,0.010129317,0.001091553,0.000287707,0.001158341,0.002278316,0.004565988,0.000459738,0,1,0,0,0,0,0,0,0,0,0,0,0,0,0,0,0,0,0,0,0,0,0,0,0,0,0,0
ast_early_fusion,582127_1,"Crickets,Shout or scream,Speech","Crickets,Speech",Speech,0.99194473,-6.880602837,-4.495885372,-7.725361347,-9.572289467,-2.947145462,4.613516331,-0.870764077,-8.757884026,-10.25531864,-7.047246456,-6.606710911,-9.7595644,-8.451700211,-7.94214344,-9.862888336,-7.226771832,-9.324333191,-10.54969597,-2.991777897,-9.693127632,-8.980381012,4.813344479,-9.924390793,-7.913387299,-9.879126549,-7.540153027,-6.205019474,-11.03134727,0.00102647,0.011031743,0.000441292,6.96E-05,0.049871597,0.990180492,0.295095354,0.000157192,3.52E-05,0.000869045,0.001349446,5.77E-05,0.000213491,0.000355318,5.21E-05,0.000726336,8.92E-05,2.62E-05,0.047798708,6.17E-05,0.000125839,0.99194473,4.90E-05,0.00036568,5.12E-05,0.000531034,0.0020152,1.62E-05,0,0,0,0,0,1,0,0,0,0,0,0,0,0,0,0,0,0,0,0,0,1,0,0,0,0,0,0
ast_early_fusion,582127_3,"Crickets,Speech","Crickets,Speech",Speech,0.997151315,-4.808608055,-8.197640419,-6.073050499,-8.106193542,-2.143584967,1.181961656,-3.823952198,-7.3241992,-7.845499516,-6.949867249,-7.203355789,-8.226900101,-7.556925774,-6.611549377,-6.464563847,-7.003693104,-7.958209038,-6.658548355,-6.881830692,-7.502326488,-5.522591591,5.858032703,-7.180473328,-7.009687901,-6.89545393,-6.119451523,-6.757405281,-9.608799934,0.008093175,0.000275227,0.002298837,0.000301574,0.104932204,0.765300333,0.021374462,0.000658953,0.000391357,0.000957844,0.000743531,0.000267292,0.000522206,0.001342941,0.001555248,0.000907696,0.000349657,0.001281363,0.001025211,0.000551495,0.00397958,0.997151315,0.000760728,0.000902275,0.001011353,0.002194834,0.001160892,6.71E-05,0,0,0,0,0,1,0,0,0,0,0,0,0,0,0,0,0,0,0,0,0,1,0,0,0,0,0,0
ast_early_fusion,582360_0,"Bird sounds,Car,Insects","Bird sounds,Crickets,Insects",Bird sounds,0.994927764,-7.667050838,5.278886318,-8.54095459,-10.06939125,-6.258552074,2.258081198,-6.763994694,-8.50716877,-8.099149704,-6.271245003,-6.878081322,-7.241210938,4.710239887,-8.489013672,-8.690665245,-7.636023045,-9.452428818,-7.592421532,-7.388167381,-7.615671635,-8.807466507,-4.953478336,-8.53429985,-8.843398094,-7.976214886,-7.724916935,-6.352777958,-8.205444336,0.000467777,0.994927764,0.000195266,4.24E-05,0.001910359,0.905345261,0.001153276,0.000201974,0.000303705,0.001886309,0.001029059,0.000715931,0.991077781,0.000205674,0.00016812,0.000482512,7.85E-05,0.000504004,0.000618146,0.000492427,0.000149589,0.007009336,0.000196569,0.000144311,0.000343419,0.000441489,0.001738873,0.000273088,0,1,0,0,0,1,0,0,0,0,0,0,1,0,0,0,0,0,0,0,0,0,0,0,0,0,0,0
ast_early_fusion,582618_2,"Falling water/Rain,Flowing water","Falling water/Rain,Flowing water",Flowing water,0.995712519,-7.357869625,-6.703327179,-6.710175514,-8.86951828,-6.809043407,-7.192800045,-7.827264309,-9.501978874,4.775501251,5.447767258,-7.778707504,-8.048418999,-8.72178936,-8.19364357,-8.713190079,-8.292328835,-9.010790825,-7.605920792,-7.43770647,-8.014574051,-7.832745075,-6.249643326,-8.962521553,-8.48852253,-7.213665009,-8.672653198,-6.345008373,-9.000385284,0.000637149,0.00122532,0.001216967,0.000140591,0.001102531,0.000751416,0.000398556,7.47E-05,0.991636693,0.995712519,0.000418378,0.000319505,0.000162969,0.000276329,0.000164376,0.000250368,0.00012207,0.00049725,0.000588287,0.0003305,0.000396378,0.001927421,0.000128106,0.000205775,0.000735911,0.000171175,0.001752412,0.000123347,0,0,0,0,0,0,0,0,1,1,0,0,0,0,0,0,0,0,0,0,0,0,0,0,0,0,0,0
ast_early_fusion,583323,Singing,Speech,Speech,0.977751613,-6.26302433,-3.899892092,-6.187642097,-8.380846024,-8.567979813,-7.802388191,-5.493732929,-8.237886429,-7.798148632,-4.988582611,-3.778771162,-7.341227055,-6.514877796,-2.468688965,-7.019644737,-7.567823887,-8.941287041,-7.987353802,-4.704202652,-3.815340281,-8.174197197,3.782986403,-6.173373699,-7.99484396,-8.375889778,-7.986768723,-6.341154099,-9.793744087,0.00190185,0.019842405,0.002050453,0.000229163,0.00019006,0.000408591,0.004095621,0.000264373,0.000410326,0.006769184,0.02234026,0.000647835,0.001479046,0.078082561,0.000893344,0.000516549,0.000130855,0.000339617,0.008975837,0.021555347,0.000281753,0.977751613,0.002079858,0.000337083,0.000230302,0.000339815,0.001759167,5.58E-05,0,0,0,0,0,0,0,0,0,0,0,0,0,0,0,0,0,0,0,0,0,1,0,0,0,0,0,0
ast_early_fusion,583324,"Footsteps,Speech","Footsteps,Speech",Speech,0.997974694,-6.368382931,-5.404480457,-8.418616295,-8.018280983,-7.112151623,-7.681404114,-7.794287205,-7.905612946,-6.727536201,-7.016007423,2.631288052,-6.908016682,-7.159135818,-6.125072002,-7.958259106,-5.626766682,-6.979808807,-7.075866222,-5.808717251,-6.36392355,-7.427933693,6.199976921,-7.224215984,-7.634746552,-8.3503685,-8.343529701,-7.588613033,-10.03276157,0.001711994,0.004476263,0.000220671,0.000329277,0.000814475,0.000461114,0.000411913,0.000368533,0.001196047,0.000896597,0.932848275,0.00099874,0.000777122,0.002182559,0.000349639,0.003587282,0.000929616,0.000844546,0.002992297,0.001719633,0.000594061,0.997974694,0.000728193,0.000483128,0.000236254,0.000237874,0.000505927,4.39E-05,0,0,0,0,0,0,0,0,0,0,1,0,0,0,0,0,0,0,0,0,0,1,0,0,0,0,0,0
ast_early_fusion,583541_0,"Bird sounds,Boat,Musical instrument,Vehicle horn",Bird sounds,Bird sounds,0.99363035,-5.049204826,5.049824238,-5.982435226,-9.226707458,-0.84803158,-6.895123005,-6.737447262,-7.924248695,-7.182711124,-6.360432148,-7.350568295,-9.233714104,-1.311794162,-7.032082081,-8.989833832,-7.559314728,-2.134248972,-4.056821346,-6.437492371,-1.923039436,-6.49273634,-5.945077419,-5.447488308,-9.08460331,-5.353343487,-2.617848158,-6.113524914,-8.577057838,0.006373549,0.99363035,0.002516328,9.84E-05,0.299845934,0.001011688,0.001184266,0.000361731,0.000759029,0.001725637,0.000641815,9.77E-05,0.212186769,0.000882312,0.000124655,0.000520961,0.105812304,0.017009601,0.001597858,0.127523005,0.001512109,0.00261186,0.004288638,0.000113386,0.004710013,0.067998536,0.002207852,0.000188343,0,1,0,0,0,0,0,0,0,0,0,0,0,0,0,0,0,0,0,0,0,0,0,0,0,0,0,0
ast_early_fusion,583541_3,"Musical instrument,Speech",Musical instrument,Musical instrument,0.981285095,-5.672001362,-2.605001211,-6.842013836,-8.620902061,-2.926285028,-6.671088219,-6.316421032,-6.717393398,-7.927684307,-5.902009964,-4.65192318,-8.013641357,-7.098359585,-8.457716942,-6.340675831,-8.673351288,3.959541798,-5.750252724,-7.654967308,-6.835927963,-6.219597816,-5.948343277,-5.47461462,-8.510352135,-9.582434654,-4.310545921,-5.52933979,-10.14711761,0.003429172,0.068817243,0.001066811,0.000180265,0.05086939,0.001265416,0.00180314,0.001208226,0.000360491,0.00272649,0.009453018,0.000330808,0.000825777,0.000212211,0.001760007,0.000171056,0.981285095,0.003171884,0.000473461,0.001073316,0.001986093,0.002603366,0.004174346,0.000201332,6.89E-05,0.013248342,0.003952921,3.92E-05,0,0,0,0,0,0,0,0,0,0,0,0,0,0,0,0,1,0,0,0,0,0,0,0,0,0,0,0
ast_early_fusion,583811_2,"Crickets,Waves","Crickets,Waves",Crickets,0.990385175,-7.734978676,-6.340987682,-4.543593407,-7.875884056,-8.622304916,4.634792805,-5.069005489,-8.046725273,-7.889487267,-5.219419479,-7.046124458,-8.066623688,-6.314492226,-8.366958618,-8.109405518,-8.424375534,-8.270400047,-6.871222496,-6.251616478,-7.988315105,-8.890645981,-6.539215565,-8.056743622,-8.360653877,-8.474469185,-5.541007996,0.851134479,-6.44072485,0.000437071,0.001759459,0.010523206,0.000379649,0.000180012,0.990385175,0.006249371,0.000320046,0.000374521,0.005381353,0.00087002,0.000313743,0.001806615,0.000232367,0.000300607,0.000219404,0.000255917,0.001036134,0.001923629,0.00033929,0.000137652,0.001443535,0.000316857,0.000233837,0.000208686,0.003907245,0.700805068,0.001592709,0,0,0,0,0,1,0,0,0,0,0,0,0,0,0,0,0,0,0,0,0,0,0,0,0,0,1,0
ast_early_fusion,585480_0,Crickets,Crickets,Crickets,0.996991873,-7.57192564,-6.680078506,-7.8210392,-8.665950775,-7.18099308,5.803417206,-6.395344734,-8.014820099,-7.617160797,-6.678952217,-6.914971352,-8.26416111,-7.879468441,-8.320833206,-8.793448448,-8.219261169,-7.946069241,-7.351430416,-7.174070358,-7.635385036,-8.367313385,-6.355975151,-7.383956432,-8.294674873,-9.188480377,-7.354091644,-6.536657333,-9.40927887,0.000514436,0.001254105,0.000401044,0.000172326,0.000760333,0.996991873,0.001666528,0.000330418,0.000491695,0.001255516,0.000991825,0.000257519,0.000378291,0.000243334,0.000151701,0.000269341,0.000353926,0.000641262,0.000765611,0.000482819,0.000232285,0.001733331,0.000620753,0.000249781,0.0001022,0.000639559,0.001447227,8.20E-05,0,0,0,0,0,1,0,0,0,0,0,0,0,0,0,0,0,0,0,0,0,0,0,0,0,0,0,0
ast_early_fusion,585569_0,"Speech,Vehicle horn","Car,Speech",Speech,0.997478902,-6.718148708,-6.458643436,-6.431429386,-8.023588181,3.751776457,-6.362490654,-7.963769436,-8.785980225,-7.311459541,-6.37014389,-6.580760002,-9.861530304,-5.938979149,-8.6445961,-9.72823143,-5.76515007,-6.546483994,-8.911975861,-4.799922466,-8.039265633,-7.321617603,5.980521202,-6.738065243,-6.401797771,-6.730001926,-0.988792479,-7.829568386,-9.198186874,0.001207315,0.001564468,0.001607559,0.000327535,0.977062464,0.001722094,0.000347719,0.000152838,0.000667396,0.001708987,0.001384874,5.21E-05,0.002627794,0.000176045,5.96E-05,0.003125128,0.001433096,0.000134747,0.008163199,0.000322442,0.000660655,0.997478902,0.001183535,0.001655826,0.001193105,0.271150649,0.000397639,0.000101213,0,0,0,0,1,0,0,0,0,0,0,0,0,0,0,0,0,0,0,0,0,1,0,0,0,0,0,0
ast_early_fusion,585620_3,Waves,Waves,Waves,0.997458875,-7.738110065,-6.971795559,-6.331570625,-8.894566536,-6.889835835,-7.362847328,-7.611928463,-8.201359749,-7.574174881,-6.965574741,-6.639942646,-7.323674679,-8.005123138,-8.352570534,-8.422336578,-8.213755608,-8.548708916,-7.5577178,-7.730864048,-8.097446442,-8.150273323,-6.239713192,-8.531988144,-8.830874443,-9.061749458,-7.733023167,5.972605228,-7.444862366,0.000435705,0.000937088,0.001776077,0.000137113,0.001017045,0.000633987,0.000494273,0.000274205,0.00051328,0.00094293,0.001305396,0.000659299,0.000333637,0.000235734,0.000219852,0.000270828,0.000193758,0.000521793,0.000438872,0.000304223,0.000288573,0.001946618,0.000197024,0.000146129,0.000116006,0.000437926,0.997458875,0.000584095,0,0,0,0,0,0,0,0,0,0,0,0,0,0,0,0,0,0,0,0,0,0,0,0,0,0,1,0
ast_early_fusion,586849_0,"Bird sounds,Crickets","Bird sounds,Crickets",Bird sounds,0.996574521,-6.549635887,5.67307663,-7.245130539,-8.854594231,-6.210287571,3.598097801,-5.971289158,-7.418911457,-7.290924072,-6.460031033,-6.285807133,-6.679911137,-4.629672527,-7.141960144,-7.502810001,-6.953445911,-7.789683342,-6.871439934,-7.269998074,-7.083109379,-7.306590557,-5.433151722,-6.735682011,-7.393474579,-8.125216484,-6.622626781,-6.824372768,-8.245479584,0.001428593,0.996574521,0.000713132,0.000142704,0.002004633,0.973353744,0.00254446,0.000599442,0.000681233,0.001562302,0.00185909,0.001254314,0.009663656,0.000790574,0.000551228,0.000954426,0.000413813,0.001035909,0.000695629,0.000838456,0.000670651,0.004350295,0.001186356,0.000614876,0.000295893,0.001328167,0.001085777,0.000262373,0,1,0,0,0,1,0,0,0,0,0,0,0,0,0,0,0,0,0,0,0,0,0,0,0,0,0,0
ast_early_fusion,586849_5,"Bird sounds,Crickets","Bird sounds,Car",Bird sounds,0.995736122,-6.069194794,5.453298092,-7.875816345,-7.664741993,2.746181011,-6.055847645,-7.086772919,-8.587582588,-6.415140629,-5.984495163,-6.222864151,-7.196883202,-5.623576164,-7.150368214,-8.311844826,-6.71698904,-7.688858032,-3.745918512,-6.577375412,-6.791330814,-6.380283833,-5.758565426,-6.238105297,-7.085206032,-6.297037601,-6.866848469,-5.868890285,-7.021791935,0.002307697,0.995736122,0.000379675,0.000468858,0.939697266,0.002338632,0.000835393,0.000186371,0.001633916,0.002511162,0.001979629,0.000748356,0.003598704,0.00078396,0.00024553,0.001208714,0.000457691,0.023069177,0.001389563,0.001122212,0.001691775,0.003145708,0.001949745,0.000836702,0.001838367,0.001040671,0.002818044,0.00089143,0,1,0,0,1,0,0,0,0,0,0,0,0,0,0,0,0,0,0,0,0,0,0,0,0,0,0,0
ast_early_fusion,587932_0,"Flowing water,Waves","Flowing water,Waves",Waves,0.994186759,-6.483213425,-6.76172924,-5.759255409,-9.80900383,-6.239941597,-7.71509409,-7.738995075,-9.684909821,-7.392832279,3.289386034,-6.361226559,-8.583415985,-8.086901665,-9.220890045,-8.662557602,-6.962073326,-8.789745331,-8.278165817,-7.539418697,-8.585268021,-8.55817318,-6.643301487,-9.092722893,-8.354672432,-8.930113792,-8.887387276,5.14179945,-9.231194496,0.001526556,0.001155889,0.003143545,5.50E-05,0.001946174,0.000445845,0.000435319,6.22E-05,0.000615271,0.96406287,0.001724269,0.000187149,0.000307447,9.89E-05,0.000172912,0.000946235,0.000152264,0.000253938,0.000531424,0.000186803,0.000191933,0.001301024,0.000112469,0.000235239,0.000132325,0.000138101,0.994186759,9.79E-05,0,0,0,0,0,0,0,0,0,1,0,0,0,0,0,0,0,0,0,0,0,0,0,0,0,0,1,0
ast_early_fusion,591234_1,Speech,Speech,Speech,0.998322904,-7.024941921,-7.183189392,-7.680444241,-8.607240677,-7.152821541,-7.32797718,-7.639086723,-7.535458565,-7.052831173,-7.280148029,-6.656171322,-7.851325512,-7.864861488,-7.423808575,-7.744360447,-7.35699892,-8.035180092,-6.769796848,-6.380881786,-6.857954502,-7.674515247,6.389008999,-7.239275932,-7.959478378,-8.908724785,-7.82989645,-6.907981873,-8.660085678,0.000888629,0.000758666,0.000461557,0.000182744,0.000782041,0.00065647,0.000481036,0.000533532,0.000864209,0.000688609,0.001284409,0.000389084,0.000383855,0.000596516,0.000432991,0.000637704,0.000323761,0.001146612,0.001690765,0.001049958,0.0004643,0.998322904,0.000717316,0.000349213,0.000135186,0.000397509,0.000998775,0.000173339,0,0,0,0,0,0,0,0,0,0,0,0,0,0,0,0,0,0,0,0,0,1,0,0,0,0,0,0
ast_early_fusion,591234_4,Speech,Speech,Speech,0.998161376,-6.167091846,-7.530169964,-7.532613277,-8.109235764,-6.995398998,-7.524677753,-7.174741268,-7.668446064,-6.977874756,-7.523579597,-6.980549812,-7.851389408,-8.04398632,-7.587206364,-7.88815546,-6.697428226,-7.278868198,-7.521123409,-6.887209892,-6.621547222,-7.833849907,6.296923637,-7.07531786,-7.596457481,-8.917909622,-8.081446648,-7.092880726,-8.531333923,0.002092937,0.000536359,0.000535051,0.000300658,0.000915249,0.000539312,0.000765098,0.000467125,0.000931414,0.000539904,0.000928928,0.000389059,0.000320924,0.000506638,0.00037502,0.00123256,0.00068949,0.000541231,0.001019717,0.001329599,0.000395941,0.998161376,0.000845009,0.000501975,0.00013395,0.000309128,0.00083031,0.000197153,0,0,0,0,0,0,0,0,0,0,0,0,0,0,0,0,0,0,0,0,0,1,0,0,0,0,0,0
ast_early_fusion,592342_1,"Footsteps,Train",Speech,Speech,0.873489141,-6.352058887,-6.928843021,-7.073043823,-9.293112755,-10.19128609,-7.650495529,-4.606506348,-8.295822144,-6.440754414,-7.600078106,-6.059010983,-6.847039223,-8.58617115,-8.967738152,-2.337813139,-8.324512482,-9.546350479,-9.07817173,-7.195003033,-7.958420277,-9.142408371,1.932167292,-0.506025672,-3.100599527,-9.134183884,-8.651279449,-7.671365738,-10.87216282,0.001740121,0.000978175,0.000846931,9.20E-05,3.75E-05,0.000475582,0.009887901,0.000249495,0.001592662,0.000500162,0.002331263,0.001061469,0.000186635,0.00012744,0.088039339,0.00024244,7.15E-05,0.000114117,0.000749763,0.000349583,0.000107018,0.873489141,0.376125664,0.043082532,0.000107901,0.000174872,0.000465764,1.90E-05,0,0,0,0,0,0,0,0,0,0,0,0,0,0,0,0,0,0,0,0,0,1,0,0,0,0,0,0
ast_early_fusion,592342_2,"Footsteps,Speech,Train",Speech,Speech,0.988770485,-7.164504528,-6.186647892,-5.711939812,-8.641232491,-8.25428009,-8.817085266,-5.975709438,-6.101592064,-5.830600262,-8.21548748,-4.744945049,-10.0668211,-8.84288311,-8.190213203,-3.773210764,-6.785970211,-9.494750023,-7.990967751,-2.718479156,-6.575891018,-5.96916914,4.477911472,-7.741206169,-2.931840897,-10.14834213,-5.691941261,-5.779117107,-11.88941097,0.000772964,0.002052488,0.003295358,0.000176638,0.000260075,0.000148158,0.002533266,0.002234296,0.002927717,0.00027036,0.008620579,4.25E-05,0.000144385,0.000277278,0.022462031,0.001128237,7.52E-05,0.000338392,0.061891709,0.001391624,0.002549846,0.988770485,0.000434358,0.05060181,3.91E-05,0.003361699,0.003081916,6.86E-06,0,0,0,0,0,0,0,0,0,0,0,0,0,0,0,0,0,0,0,0,0,1,0,0,0,0,0,0
ast_early_fusion,594844_2,"Bird sounds,Car,Plane","Bird sounds,Car",Bird sounds,0.995288134,-6.4252038,5.352955341,-7.469876766,-8.185272217,0.619377315,-5.837794781,-3.943383932,-7.881212234,-7.129448414,-6.963864803,-5.157305717,-5.263005733,-4.82456398,-6.989523888,-7.857318401,-7.029950619,-7.374032497,-5.231752396,-7.210605145,-6.280220509,-7.749104023,-4.854758739,-6.191952229,-6.416872501,-6.887637615,-6.838512421,-7.837162018,-7.848476887,0.001617582,0.995288134,0.000569674,0.000278651,0.650076926,0.00290679,0.019013977,0.000377632,0.00080052,0.000944543,0.005724235,0.005153021,0.007966086,0.000920637,0.00038676,0.000884193,0.00062694,0.005315744,0.000738165,0.001869486,0.000430943,0.007730979,0.002041652,0.001631093,0.001019281,0.001070549,0.000394632,0.000390194,0,1,0,0,1,0,0,0,0,0,0,0,0,0,0,0,0,0,0,0,0,0,0,0,0,0,0,0
ast_early_fusion,594943_3,Speech,Speech,Speech,0.998078942,-7.227489948,-7.104502678,-7.747551441,-8.572014809,-7.035403728,-7.555847645,-7.66644001,-7.453482628,-7.808403492,-7.378746033,-6.837698936,-7.781517982,-7.900728226,-7.190582752,-7.351642132,-7.758895397,-8.019373894,-7.633923531,-6.895585537,-7.92560339,-7.429025173,6.252984047,-7.384859085,-8.278292656,-8.803160667,-7.556778431,-7.19383955,-8.727107048,0.000725815,0.000820724,0.000431612,0.000189295,0.000879389,0.000522769,0.000468063,0.000579085,0.000406141,0.000623994,0.001071419,0.000417204,0.000370336,0.000753082,0.000641127,0.000426746,0.000328918,0.000483525,0.001011221,0.000361241,0.000593414,0.998078942,0.000620193,0.000253906,0.000150235,0.000522283,0.000750635,0.000162105,0,0,0,0,0,0,0,0,0,0,0,0,0,0,0,0,0,0,0,0,0,1,0,0,0,0,0,0
ast_early_fusion,607061_1,Musical instrument,Musical instrument,Musical instrument,0.994187474,-5.718038559,-5.962749004,-7.23346138,-7.902356148,-6.478784084,-7.187330723,-7.402697086,-7.353314877,-6.845763206,-6.436633587,-6.199513912,-8.435723305,-7.089550972,-7.340983391,-6.33896637,-7.215619087,5.141921043,-6.550085545,-6.691736698,-6.192909718,-6.829659462,-5.120031357,-7.450146198,-8.846326828,-9.050863266,-6.733260632,-7.167895794,-8.747860909,0.003275387,0.002566227,0.000721496,0.000369734,0.001533322,0.000755533,0.000609235,0.000640056,0.001062823,0.001599228,0.002026303,0.000216929,0.000833077,0.000647992,0.001763013,0.000734476,0.994187474,0.001427951,0.001239587,0.002039702,0.001080059,0.005940337,0.000581019,0.000143889,0.000117276,0.001189228,0.000770349,0.000158775,0,0,0,0,0,0,0,0,0,0,0,0,0,0,0,0,1,0,0,0,0,0,0,0,0,0,0,0
ast_early_fusion,607176_1,Speech,Speech,Speech,0.998242855,-7.172391415,-7.104867458,-7.52245903,-8.72922802,-7.423918247,-7.472505569,-7.735383511,-7.615580559,-7.34924984,-7.309015274,-6.375051498,-7.68129921,-7.876196384,-7.62160635,-8.00398159,-7.36361742,-7.970159531,-7.246907234,-7.371654987,-7.032043934,-7.900287628,6.342312336,-7.016478062,-8.205162048,-8.761961937,-7.455311775,-7.063008785,-9.018850327,0.000766897,0.000820425,0.000540509,0.000161761,0.00059645,0.000568179,0.000436894,0.000492472,0.000642661,0.000669028,0.001700635,0.000461162,0.00037953,0.000489515,0.000334018,0.0006335,0.000345504,0.000711867,0.000628431,0.000882346,0.0003705,0.998242855,0.000896175,0.000273165,0.000156553,0.000578027,0.000855466,0.000121091,0,0,0,0,0,0,0,0,0,0,0,0,0,0,0,0,0,0,0,0,0,1,0,0,0,0,0,0
ast_early_fusion,607184_1,Speech,Speech,Speech,0.998128474,-6.80829668,-7.061071873,-7.331655979,-8.705137253,-6.93354702,-7.527505875,-7.396778584,-7.684414864,-7.209358692,-7.057786942,-6.834846497,-7.870243549,-7.92892313,-6.347385406,-7.879284859,-7.450265884,-7.456819057,-7.446530819,-6.823384285,-7.605885983,-7.745834351,6.279107571,-7.243477821,-8.404131889,-8.469015121,-7.639279842,-7.223156929,-8.806507111,0.001103354,0.000857123,0.000654061,0.000165705,0.000973589,0.000537789,0.000612849,0.000459728,0.000739085,0.000859941,0.001074477,0.000381796,0.000360044,0.001748258,0.00037836,0.000580949,0.000577157,0.000583122,0.00108685,0.000497267,0.000432354,0.998128474,0.000714311,0.00022389,0.000209827,0.000480943,0.000728964,0.000149733,0,0,0,0,0,0,0,0,0,0,0,0,0,0,0,0,0,0,0,0,0,1,0,0,0,0,0,0
ast_early_fusion,609040_1,Flowing water,Flowing water,Flowing water,0.993307829,-6.174118519,-6.758981705,-6.414652348,-8.266318321,-6.948810101,-6.140609264,-6.956979275,-7.938575268,-5.033987522,5.000112057,-5.509773731,-7.035174847,-7.292976856,-7.297486305,-7.594408989,-6.982106209,-7.702111244,-6.789906502,-6.786266327,-7.818919182,-7.55892992,-5.972231388,-8.369762421,-7.668174744,-7.778617382,-7.541723728,-5.105161667,-7.660232544,0.002078313,0.001159065,0.001634712,0.000256964,0.000958856,0.002148983,0.000951063,0.000356587,0.006470647,0.993307829,0.004030711,0.00087959,0.000679837,0.000676781,0.000503004,0.000927485,0.000451668,0.001123809,0.001127903,0.000401894,0.000521161,0.00254207,0.000231717,0.000467252,0.000418415,0.000530201,0.006028791,0.000470976,0,0,0,0,0,0,0,0,0,1,0,0,0,0,0,0,0,0,0,0,0,0,0,0,0,0,0,0
ast_early_fusion,610323_0,Falling water/Rain,Falling water/Rain,Falling water/Rain,0.994844913,-6.856667995,-6.567735195,-5.390130043,-7.518212318,-7.205272198,-6.780596733,-7.455670834,-8.430661201,5.262598515,-0.347454637,-6.966309071,-7.738845825,-8.724517822,-7.298160076,-7.278816223,-8.031869888,-7.068805695,-7.228692055,-6.163630962,-7.180772305,-7.061623573,-5.871609688,-7.650749683,-7.80903244,-6.804632664,-7.695212364,-5.066474915,-8.536175728,0.001051308,0.001403005,0.004540668,0.000542808,0.000742109,0.001134309,0.00057782,0.00021803,0.994844913,0.413999796,0.000942239,0.000435384,0.000162525,0.000676325,0.000689526,0.000324834,0.000850525,0.000724943,0.002100178,0.000760501,0.00085665,0.002810412,0.000475461,0.000405886,0.0011074,0.000454793,0.006265106,0.000196201,0,0,0,0,0,0,0,0,1,0,0,0,0,0,0,0,0,0,0,0,0,0,0,0,0,0,0,0
ast_early_fusion,610906_1,"Laughter,Speech",Speech,Speech,0.998230398,-6.40724802,-6.682458878,-7.29389143,-8.5962286,-7.978540897,-8.082018852,-7.448896885,-7.474324703,-7.195845127,-6.647769451,-7.124842644,-7.769937515,-7.827867508,-5.681593418,-7.799865246,-7.316588402,-7.378809929,-7.141654968,-6.679925919,-7.268192291,-7.865812302,6.335240364,-7.534269333,-8.0041399,-8.508623123,-7.95458746,-7.254165173,-8.402897835,0.001646841,0.001251127,0.000679216,0.000184767,0.000342622,0.000308951,0.000581745,0.000567147,0.000749133,0.001295232,0.000804212,0.000422061,0.000398316,0.003396548,0.000409622,0.000663984,0.000623954,0.000790815,0.001254296,0.000696886,0.00038349,0.998230398,0.000534166,0.000333965,0.000201681,0.000350925,0.000706723,0.000224166,0,0,0,0,0,0,0,0,0,0,0,0,0,0,0,0,0,0,0,0,0,1,0,0,0,0,0,0
ast_early_fusion,611277_2,Footsteps,Footsteps,Footsteps,0.996239424,-7.43316412,-6.908110142,-8.062680244,-8.350237846,-7.15842104,-7.462383747,-7.264799595,-8.185111046,-6.749758244,-6.739554405,5.579423904,-6.615303993,-7.877498627,-7.343017101,-7.991782188,-7.723816395,-8.098801613,-6.92929554,-7.489597797,-8.299938202,-8.352041245,-6.238711357,-7.576592445,-7.925790787,-9.112016678,-8.152770042,-6.777152538,-9.017855644,0.000590964,0.000998647,0.000314982,0.000236284,0.000777677,0.000573956,0.000699252,0.000278696,0.001169793,0.001181776,0.996239424,0.001337915,0.000379037,0.000646677,0.000338116,0.000441974,0.000303811,0.000977733,0.000558555,0.00024847,0.000235859,0.001948565,0.000512042,0.000361174,0.00011032,0.000287854,0.001138218,0.000121211,0,0,0,0,0,0,0,0,0,0,1,0,0,0,0,0,0,0,0,0,0,0,0,0,0,0,0,0
ast_early_fusion,611347_3,"Bird sounds,Car,Dog,Siren","Bird sounds,Car",Bird sounds,0.995398939,-7.373249054,5.37686348,-5.830132961,-8.180673599,1.646383405,-6.648501396,-1.399875998,-7.732013226,-7.605295658,-6.624929905,-5.247605801,-7.702923298,-5.401068211,-6.959020138,-7.935897827,-6.766077995,-7.33818388,-4.82586956,-5.885430336,-5.653192997,-3.725375175,-5.658328533,-7.739962578,-6.591448784,-7.053165436,-6.390890121,-5.923103333,-7.691418648,0.000627431,0.995398939,0.002929082,0.000279935,0.838401675,0.001294286,0.197835788,0.000438368,0.000497561,0.001325115,0.005232573,0.000451302,0.004491494,0.000949125,0.000357543,0.001150879,0.000649808,0.007955776,0.002771945,0.003494052,0.023536725,0.003476217,0.000434899,0.001370171,0.000863921,0.001673956,0.002669733,0.000456521,0,1,0,0,1,0,0,0,0,0,0,0,0,0,0,0,0,0,0,0,0,0,0,0,0,0,0,0
ast_early_fusion,611895_2,Flowing water,Flowing water,Flowing water,0.996096432,-6.966775894,-7.136405945,-6.751279831,-8.900570869,-7.443693161,-7.029247284,-7.236738682,-8.94426918,-6.637064457,5.541941643,-7.073197365,-8.087884903,-7.522856236,-8.035196304,-7.739889622,-7.737999916,-8.523421288,-7.124910831,-7.599797726,-8.35168457,-8.073994637,-6.115618229,-8.337347984,-8.750417709,-8.505152702,-7.63861084,-6.44427681,-8.152458191,0.000941799,0.000794974,0.001168016,0.000136293,0.000584778,0.000884815,0.000719137,0.000130466,0.001309154,0.996096432,0.000846801,0.000307145,0.000540294,0.000323756,0.00043493,0.000435753,0.000198719,0.000804158,0.000500302,0.000235943,0.000311439,0.002203245,0.000239349,0.00015837,0.000202382,0.000481265,0.001587071,0.000287944,0,0,0,0,0,0,0,0,0,1,0,0,0,0,0,0,0,0,0,0,0,0,0,0,0,0,0,0
ast_early_fusion,611904_2,Wind,Wind,Wind,0.916824639,-6.547984123,-5.640065193,-4.797142506,-6.141098022,-6.694041729,-6.489858627,-6.442106724,-7.001371384,-6.033422947,-4.600894451,-5.289339542,-6.64282465,-2.658263922,-6.563475132,-6.611231804,-7.32986021,-8.054934502,-6.327186108,-7.422088623,-7.309490681,-7.032115459,-5.984463215,-8.107014656,-7.63436079,-8.217617035,-6.894742966,-1.668976903,2.399965286,0.001430951,0.00354006,0.008185738,0.002147935,0.001236736,0.001516461,0.001590513,0.000909804,0.002391541,0.009942993,0.005019766,0.001301644,0.065481484,0.001408986,0.001343367,0.000655236,0.00031743,0.001783867,0.000597542,0.00066871,0.000882283,0.002511243,0.000301327,0.000483314,0.000269785,0.001012072,0.158560634,0.916824639,0,0,0,0,0,0,0,0,0,0,0,0,0,0,0,0,0,0,0,0,0,0,0,0,0,0,0,1
ast_early_fusion,611904_5,Wind,Wind,Wind,0.990253985,-7.643411636,-5.944306374,-6.005828381,-7.608746529,-6.853084564,-7.320471764,-7.472202301,-7.495526314,-6.20144558,-6.264354229,-6.737891197,-7.990427494,-4.834740639,-7.048242569,-7.455922127,-8.485038757,-8.641682625,-6.104495049,-8.555377007,-8.230989456,-7.391013145,-5.853812695,-8.083662987,-7.656105042,-8.788925171,-7.67775631,-4.205982685,4.62110281,0.000478961,0.002613869,0.002458289,0.000495847,0.001055078,0.000661412,0.000568351,0.000555256,0.0020224,0.001899328,0.001183741,0.000338575,0.007886065,0.00086818,0.000577675,0.000206493,0.000176558,0.002227834,0.00019247,0.000266202,0.000616391,0.002860733,0.000308444,0.000472923,0.000152388,0.000462798,0.014687202,0.990253985,0,0,0,0,0,0,0,0,0,0,0,0,0,0,0,0,0,0,0,0,0,0,0,0,0,0,0,1
ast_early_fusion,611905,Insects,Wind,Wind,0.848086774,-6.113810062,-5.834264755,-5.322767735,-6.974693775,-1.275218129,-6.511234283,-5.784610271,-7.212180614,-6.83014679,-4.05283165,-5.444224834,-5.372600555,-3.727265835,-6.314806938,-5.980722427,-6.512420654,-8.331256866,-6.006691456,-7.059491158,-6.812928677,-7.558507919,-5.039133072,-5.701683998,-6.586798668,-6.875797272,-6.254683495,-4.786937237,1.719673634,0.002207224,0.002917039,0.004855539,0.000934379,0.218365312,0.001484437,0.003065085,0.000737003,0.001079533,0.017076438,0.004302596,0.004620594,0.023493312,0.001806047,0.00252063,0.001482679,0.000240811,0.002456173,0.000858478,0.001098261,0.000521381,0.006437651,0.003329215,0.001376548,0.001031409,0.001917749,0.008269009,0.848086774,0,0,0,0,0,0,0,0,0,0,0,0,0,0,0,0,0,0,0,0,0,0,0,0,0,0,0,1
ast_early_fusion,612778_5,Bell,Bell,Bell,0.993155777,4.977483749,-6.434008121,-6.396863461,-8.987541199,-6.989976883,-7.776114464,-7.738426208,-8.779317856,-6.999620914,-6.607309341,-7.013828278,-8.001589775,-7.103258133,-8.389291763,-7.851564884,-7.764025688,-6.414850712,-7.449994564,-7.870237827,-8.191212654,-7.739966393,-6.062503338,-7.377225876,-7.399817467,-8.794573784,-6.943869114,-7.404797554,-9.710129738,0.993155777,0.001603426,0.001664003,0.000124941,0.00092022,0.000419464,0.000435567,0.000153859,0.000911396,0.001348639,0.000898551,0.000334818,0.000821745,0.000227237,0.000388991,0.000424563,0.001634389,0.000581107,0.000381798,0.000277001,0.000434897,0.002323155,0.000624942,0.000610991,0.00015153,0.000963601,0.000607957,6.07E-05,1,0,0,0,0,0,0,0,0,0,0,0,0,0,0,0,0,0,0,0,0,0,0,0,0,0,0,0
ast_early_fusion,613432_0,Train,"Dog,Train",Dog,0.958028436,-8.153104782,-6.50017786,-8.266788483,-8.388524055,-4.860837936,-7.556067944,3.127885103,-9.208733559,-8.856794357,-7.699379444,-6.472821236,-9.457680702,-7.747746944,-8.592126846,-7.146017075,-8.341461182,-8.352396965,-9.286905289,-8.137299538,-7.740284443,-10.00991821,-2.11726594,1.414398551,-6.009808064,-9.540704727,-8.640781403,-7.708367825,-9.812195778,0.000287757,0.001500916,0.000256843,0.000227411,0.007684483,0.000522654,0.958028436,0.000100151,0.000142391,0.000452903,0.001542478,7.81E-05,0.000431528,0.000185527,0.000787376,0.000238367,0.000235775,9.26E-05,0.00029234,0.000434759,4.49E-05,0.107429959,0.804458737,0.002448549,7.19E-05,0.000176717,0.000448852,5.48E-05,0,0,0,0,0,0,1,0,0,0,0,0,0,0,0,0,0,0,0,0,0,0,1,0,0,0,0,0
ast_early_fusion,613925_0,Bird sounds,Bird sounds,Bird sounds,0.997007668,-5.530972004,5.808684349,-7.001839638,-7.688160419,-2.210956097,-6.952798367,-7.482125282,-8.353902817,-6.842720032,-6.325493336,-6.031562328,-7.188640118,-7.213187218,-7.940199375,-7.497279644,-7.14898634,-7.377075672,-6.409003735,-6.512963772,-7.251501083,-7.484518051,-5.080834866,-7.174220085,-7.113875866,-7.46054554,-6.563130856,-6.35570097,-8.09533596,0.003946499,0.997007668,0.000909378,0.00045801,0.098770939,0.000955043,0.000562743,0.00023542,0.001066059,0.001786884,0.002395984,0.000754546,0.000736263,0.000356009,0.000554284,0.000785043,0.000625036,0.001643957,0.001481876,0.000708607,0.000561398,0.006176335,0.000765497,0.000813073,0.000575011,0.00140947,0.001733806,0.000304865,0,1,0,0,0,0,0,0,0,0,0,0,0,0,0,0,0,0,0,0,0,0,0,0,0,0,0,0
ast_early_fusion,614106_0,"Falling water/Rain,Flowing water",Falling water/Rain,Falling water/Rain,0.996118069,-7.555464745,-5.402480125,-7.79622221,-7.913734913,-5.788903713,-7.46511364,-7.782413483,-8.615983963,5.547541142,-3.677889347,-6.646880627,-7.66383028,-7.108126163,-7.937407494,-7.309885979,-7.977850914,-7.741075516,-7.352646828,-6.883731842,-8.19833374,-7.906552792,-4.991782188,-7.575016022,-7.810212612,-7.476061344,-8.228114128,-6.620202541,-8.973339081,0.000522969,0.004485185,0.000411117,0.000365553,0.003051993,0.000572392,0.000416831,0.000181154,0.996118069,0.024653127,0.001296382,0.000469285,0.000817758,0.000357004,0.000668446,0.000342858,0.000434415,0.000640483,0.001023266,0.000275036,0.000368186,0.006747705,0.000512849,0.000405407,0.000566164,0.000266968,0.001331386,0.000126728,0,0,0,0,0,0,0,0,1,0,0,0,0,0,0,0,0,0,0,0,0,0,0,0,0,0,0,0
ast_early_fusion,614106_1,"Falling water/Rain,Flowing water",Falling water/Rain,Falling water/Rain,0.996561348,-7.372558117,-5.762291908,-8.146014214,-8.002030373,-5.83791399,-7.43654871,-7.314662457,-8.266980171,5.669215202,-4.880885124,-6.695328712,-8.112785339,-7.842598438,-7.433054924,-7.5221591,-7.819865227,-7.577548981,-7.536384106,-6.819973469,-7.857238293,-7.855351925,-5.195853233,-7.292881489,-7.649563313,-7.570395947,-7.644193649,-7.078940868,-8.593798637,0.000627864,0.003134045,0.000289804,0.00033467,0.002906445,0.000588969,0.000665263,0.000256794,0.996561348,0.007533114,0.001235148,0.000299593,0.000392493,0.000591029,0.000540671,0.000401515,0.000511552,0.000533038,0.001090559,0.000386791,0.000387521,0.005508971,0.000679902,0.000476025,0.000515223,0.000478587,0.000841956,0.000185217,0,0,0,0,0,0,0,0,1,0,0,0,0,0,0,0,0,0,0,0,0,0,0,0,0,0,0,0
ast_early_fusion,614281_1,"Bird sounds,Crickets,Insects","Bird sounds,Insects",Bird sounds,0.997173548,-8.51257515,5.865927696,-9.086107254,-10.52099514,-7.601632118,-0.360144854,-7.0866189,-9.125734329,-8.559258461,-7.437674046,-7.576109409,-8.540113449,5.631385326,-9.981695175,-9.242012978,-7.522633076,-9.897496223,-7.337522984,-7.435593128,-7.318063259,-8.947806358,-7.108752728,-8.946212769,-9.992154121,-8.849787712,-8.323177338,-7.436046124,-8.316793442,0.000200885,0.997173548,0.000113215,2.70E-05,0.000499386,0.410924524,0.000835521,0.000108817,0.000191725,0.000588306,0.000512289,0.00019543,0.996429265,4.62E-05,9.69E-05,0.000540415,5.03E-05,0.000650237,0.000589531,0.000663006,0.000130005,0.000817246,0.000130212,4.58E-05,0.000143392,0.000242764,0.000589264,0.000244319,0,1,0,0,0,0,0,0,0,0,0,0,1,0,0,0,0,0,0,0,0,0,0,0,0,0,0,0
ast_early_fusion,615009_2,"Bird sounds,Flowing water,Vehicle horn",Bird sounds,Bird sounds,0.996494949,-4.147177219,5.650052071,-5.206851006,-8.696789742,-4.452800274,-6.747412682,-3.029794216,-7.920855522,-6.619194031,-4.420153618,-6.788284779,-6.307872295,-5.823533058,-7.208516121,-7.076843262,-7.035402298,-8.099920273,-8.176671982,-6.601206779,-6.824732304,-6.740653515,-5.430948257,-6.868842125,-7.7812953,-6.236028194,-7.637815952,-5.045778275,-7.130284309,0.015562946,0.996494949,0.005449045,0.000167094,0.011511844,0.001172537,0.046097875,0.00036296,0.001332727,0.011889326,0.001125632,0.001818592,0.00294842,0.000739707,0.000843722,0.00087939,0.000303471,0.000281057,0.001356884,0.001085387,0.001180479,0.00435985,0.0010386,0.000417297,0.00195379,0.000481648,0.006395286,0.000799851,0,1,0,0,0,0,0,0,0,0,0,0,0,0,0,0,0,0,0,0,0,0,0,0,0,0,0,0
ast_early_fusion,615561_4,Speech,Speech,Speech,0.998086572,-6.207418442,-6.23898077,-7.645035744,-7.597362041,-5.333037376,-7.102735519,-6.606939793,-8.350654602,-6.931628227,-5.412503242,-7.90080595,-7.794047832,-7.637244225,-6.008619308,-9.031042099,-5.864104748,-6.279415131,-7.671375751,-7.472253323,-6.84375,-7.230778217,6.256912231,-5.400766373,-6.792715073,-8.431556702,-7.707671165,-7.187647343,-8.65650177,0.002010381,0.001948042,0.000478184,0.000501522,0.004806168,0.000822174,0.001349137,0.000236186,0.000975457,0.004440653,0.000370308,0.000412011,0.000481923,0.002451455,0.000119623,0.002831524,0.001870989,0.000465759,0.000568322,0.001064963,0.000723433,0.998086572,0.004492844,0.001120661,0.000217835,0.000449165,0.000755294,0.000173962,0,0,0,0,0,0,0,0,0,0,0,0,0,0,0,0,0,0,0,0,0,1,0,0,0,0,0,0
ast_early_fusion,615708_0,Musical instrument,Musical instrument,Musical instrument,0.995148718,-7.134852886,-6.881392479,-7.711829185,-8.117806435,-6.782684326,-7.076366901,-7.486535072,-7.995948792,-7.46367979,-6.922478676,-6.559336185,-8.409170151,-7.863278866,-7.03322506,-7.124668121,-6.980086803,5.323642731,-6.373235226,-6.887196064,-6.780551434,-7.291639328,-4.990887642,-5.945416451,-8.308976173,-9.005670547,-6.133805752,-6.993334293,-8.565309525,0.000796209,0.00102566,0.000447302,0.000298093,0.001131946,0.000844124,0.000560268,0.000336711,0.000573213,0.000984414,0.001414821,0.000222765,0.000384463,0.000881305,0.000804353,0.000929358,0.995148718,0.001703721,0.001019731,0.00113436,0.000680747,0.006753704,0.002610977,0.000246235,0.000122697,0.002163622,0.000917139,0.000190568,0,0,0,0,0,0,0,0,0,0,0,0,0,0,0,0,1,0,0,0,0,0,0,0,0,0,0,0
ast_early_fusion,615740_2,Falling water/Rain,Falling water/Rain,Falling water/Rain,0.996775568,-7.302304745,-6.713887691,-7.375710964,-7.979256153,-6.4719491,-7.595343113,-7.76375103,-8.675396919,5.733763695,-6.167811394,-6.671566963,-8.384929657,-7.824874878,-7.639386177,-7.823078632,-7.862034321,-7.854237556,-7.432800293,-6.907352924,-7.812980175,-8.063661575,-5.85101223,-7.320652962,-7.780335426,-7.46557188,-7.240457058,-6.742580414,-8.386266708,0.00067353,0.001212464,0.000625889,0.000342377,0.001543822,0.000502535,0.000424679,0.000170706,0.996775568,0.002091435,0.001264811,0.00022823,0.000399509,0.000480892,0.000400227,0.000384941,0.000387953,0.000591179,0.000999403,0.000404287,0.000314673,0.002868732,0.000661292,0.000417697,0.00057213,0.00071647,0.00117821,0.000227925,0,0,0,0,0,0,0,0,1,0,0,0,0,0,0,0,0,0,0,0,0,0,0,0,0,0,0,0
ast_early_fusion,617253_1,"Falling water/Rain,Flowing water","Falling water/Rain,Flowing water",Flowing water,0.993579865,-7.54678154,-6.739029408,-6.620661259,-8.48799324,-6.501776218,-7.440427303,-7.739677906,-9.331992149,4.429766178,5.041869164,-8.205559731,-7.972550869,-8.691123962,-8.466534615,-7.970223904,-8.216164589,-9.079739571,-7.536352158,-7.110001564,-8.271175385,-7.811902523,-6.350536346,-8.677749634,-8.021511078,-7.212138653,-8.360307693,-6.186851025,-8.84835434,0.000527528,0.001182396,0.001330776,0.000205884,0.001498522,0.00058669,0.000435022,8.85E-05,0.988223135,0.993579865,0.000273056,0.000344679,0.000168043,0.000210348,0.000345482,0.000270177,0.000113938,0.000533055,0.000816227,0.000255719,0.000404723,0.001742768,0.000170305,0.000328216,0.000737034,0.000233918,0.002052072,0.000143597,0,0,0,0,0,0,0,0,1,1,0,0,0,0,0,0,0,0,0,0,0,0,0,0,0,0,0,0
ast_early_fusion,617253_3,"Falling water/Rain,Flowing water","Flowing water,Waves",Flowing water,0.975150228,-6.247442245,-6.361469269,-3.517115355,-8.436098099,-6.68401289,-7.343049526,-7.043866158,-8.486302376,-5.970097065,3.669745445,-6.067226887,-7.475883484,-7.256618977,-8.104373932,-7.328420162,-6.487344265,-8.207888603,-7.159011364,-6.940971851,-7.990564823,-7.605107784,-6.602387428,-7.888467312,-7.59442234,-8.248986244,-7.423404217,2.353030682,-7.60133791,0.00193166,0.001723851,0.028829152,0.000216848,0.001249186,0.000646656,0.000871985,0.000206232,0.002547487,0.975150228,0.002312233,0.000566264,0.000704992,0.000302123,0.000656179,0.001520272,0.000272421,0.000777219,0.000966394,0.000338528,0.000497654,0.001355285,0.000374903,0.000502997,0.000261455,0.000596757,0.913174808,0.000499533,0,0,0,0,0,0,0,0,0,1,0,0,0,0,0,0,0,0,0,0,0,0,0,0,0,0,1,0
ast_early_fusion,618496_0,"Bird sounds,Waves","Bird sounds,Waves",Bird sounds,0.996130586,-7.78519249,5.550769329,-4.268479824,-9.082892418,-3.706546068,-7.037096024,-5.50070858,-8.468761444,-7.700938225,-6.064270973,-3.472060919,-6.522560596,-6.708168507,-7.597402096,-8.983307838,-6.583981037,-9.066501617,-6.281464577,-6.63239336,-7.699496746,-7.614889622,-6.363425255,-7.745468616,-10.0191412,-8.139652252,-7.40485096,3.365797281,-8.730234146,0.000415674,0.996130586,0.013809676,0.00011358,0.023973374,0.000877903,0.004067266,0.000209881,0.000452198,0.002319061,0.030117724,0.001467743,0.001219409,0.000501502,0.000125471,0.001380427,0.000115456,0.001867166,0.001315275,0.00045285,0.000492812,0.001720488,0.000432512,4.45E-05,0.000291654,0.000607925,0.966618359,0.000161598,0,1,0,0,0,0,0,0,0,0,0,0,0,0,0,0,0,0,0,0,0,0,0,0,0,0,1,0
ast_early_fusion,618496_2,Waves,"Footsteps,Waves",Waves,0.940633357,-6.548740864,-1.854180932,-3.593061686,-7.692016125,-2.457047701,-6.269089699,-7.73652029,-9.306364059,-7.728569508,-3.365306854,0.266119719,-3.167134047,-4.646900177,-7.994748116,-8.022781372,-6.459436893,-8.642296791,-7.624456406,-8.419036865,-6.790264606,-8.752897263,-6.364478588,-9.390829086,-9.79629612,-7.864810944,-8.514328957,2.76282239,-7.824372768,0.00142987,0.135382757,0.026777213,0.000456249,0.078924693,0.001890372,0.000436398,9.08E-05,0.00043988,0.033397481,0.566140056,0.040421434,0.009500168,0.000337115,0.000327799,0.00156323,0.00017645,0.000488122,0.000220578,0.001123408,0.000157978,0.00171868,8.35E-05,5.57E-05,0.000383875,0.000200533,0.940633357,0.00039971,0,0,0,0,0,0,0,0,0,0,1,0,0,0,0,0,0,0,0,0,0,0,0,0,0,0,1,0
ast_early_fusion,618496_3,"Bird sounds,Waves","Car,Footsteps,Waves",Car,0.902430952,-7.227735043,-2.501123428,-6.177963257,-7.136917591,2.224531889,-5.472074986,-5.991248131,-7.387203217,-9.672444344,-5.057508469,1.774615765,-6.890228748,-6.09499073,-7.447377205,-7.14193964,-7.707409859,-8.240487099,-7.600281239,-7.249055862,-7.233329773,-6.871933937,-5.939771175,-7.735532761,-8.916455269,-8.117462158,-6.870919704,0.031716444,-7.61057806,0.000725637,0.07577946,0.002070354,0.000794568,0.902430952,0.004184916,0.002494304,0.000618742,6.30E-05,0.006321178,0.855030715,0.001016646,0.002249061,0.000582629,0.00079059,0.000449282,0.000263686,0.000500061,0.00071034,0.000721591,0.001035398,0.002625719,0.000436829,0.000134145,0.000298196,0.001036447,0.507928431,0.00049494,0,0,0,0,1,0,0,0,0,0,1,0,0,0,0,0,0,0,0,0,0,0,0,0,0,0,1,0
ast_early_fusion,618496_4,"Bird sounds,Waves","Flowing water,Waves",Flowing water,0.903239369,-5.97416687,-6.058158398,-2.958196878,-8.244145393,-4.611270905,-6.693184853,-6.584335804,-9.034020424,-7.085937023,2.233747005,-3.71523571,-5.663319111,-5.018939018,-7.636395454,-7.409584522,-5.884571552,-8.451706886,-6.142563343,-7.336801529,-7.047800541,-8.17394352,-6.655844688,-8.374369621,-7.839820385,-8.266176224,-7.375303745,1.33553648,-6.527829647,0.002537167,0.002333247,0.04935053,0.000262724,0.009841363,0.001237795,0.001379938,0.000119268,0.000836091,0.903239369,0.023770887,0.003458971,0.006568112,0.000482332,0.000605056,0.00277432,0.00021349,0.002144797,0.000650706,0.000868564,0.000281825,0.001284828,0.000230652,0.000393585,0.000257,0.000626144,0.791754961,0.001460041,0,0,0,0,0,0,0,0,0,1,0,0,0,0,0,0,0,0,0,0,0,0,0,0,0,0,1,0
ast_early_fusion,620314_2,"Flowing water,Waves","Flowing water,Waves",Waves,0.994786382,-6.59913063,-6.966370583,-5.513809681,-9.738981247,-6.656501293,-7.66312933,-7.634876728,-9.675030708,-7.492228508,2.908418417,-6.616504669,-8.346261978,-8.028276443,-8.875920296,-8.615815163,-7.178430557,-8.665991783,-8.218937874,-7.357848167,-8.464190483,-8.700613022,-6.428467751,-8.955051422,-8.507517815,-8.670799255,-8.643638611,5.251254082,-9.142735481,0.0013597,0.000942181,0.004014541,5.89E-05,0.001283986,0.000469614,0.000483065,6.28E-05,0.000557089,0.948261023,0.001336312,0.000237226,0.000326003,0.000139693,0.000181184,0.000762283,0.000172319,0.000269429,0.000637163,0.000210842,0.000166456,0.00161232,0.000129067,0.000201904,0.000171493,0.000176213,0.994786382,0.000106983,0,0,0,0,0,0,0,0,0,1,0,0,0,0,0,0,0,0,0,0,0,0,0,0,0,0,1,0
ast_early_fusion,620314_5,"Flowing water,Waves",Waves,Waves,0.998023391,-7.033592224,-6.320100307,-6.484580994,-9.875923157,-5.957867622,-7.419886112,-7.554897308,-9.284229279,-7.953629017,-1.8652246,-6.694653511,-8.588869095,-8.049356461,-8.651676178,-8.357198715,-7.97508955,-8.429739952,-8.26145649,-7.839254379,-8.356884956,-8.238907814,-6.816027641,-8.604759216,-9.130707741,-8.976860046,-8.228203773,6.224372864,-8.374209404,0.000880982,0.00179653,0.001524473,5.14E-05,0.002578752,0.000598859,0.000523266,9.29E-05,0.000351261,0.134095252,0.001235981,0.000186132,0.000319205,0.000174803,0.000234646,0.000343806,0.000218231,0.000258216,0.000393808,0.000234719,0.000264103,0.001094866,0.000183198,0.000108277,0.000126283,0.000266944,0.998023391,0.000230689,0,0,0,0,0,0,0,0,0,0,0,0,0,0,0,0,0,0,0,0,0,0,0,0,0,0,1,0
ast_early_fusion,620569_3,Bird sounds,Bird sounds,Bird sounds,0.996679544,-6.400702953,5.704307079,-6.513016701,-8.786055565,-2.938422918,-5.969192505,-0.217493162,-8.324011803,-7.072660446,-5.991751194,-5.557458401,-6.461328506,-5.243659019,-7.141272068,-7.579179764,-6.038009644,-7.860980511,-5.079643726,-6.353357792,-6.699491978,-6.75230217,-5.569686413,-6.084602356,-7.211705208,-5.966838837,-7.617164135,-6.561404705,-8.139622688,0.001657637,0.996679544,0.001481797,0.000152826,0.050286539,0.002549787,0.445840061,0.000242562,0.000847256,0.002493053,0.00384374,0.00156028,0.005253157,0.000791118,0.000510719,0.002380623,0.000385347,0.006183649,0.001737866,0.001230023,0.001166824,0.003797202,0.002272494,0.000737354,0.00255578,0.000491693,0.001411902,0.000291662,0,1,0,0,0,0,0,0,0,0,0,0,0,0,0,0,0,0,0,0,0,0,0,0,0,0,0,0
ast_early_fusion,620569_5,"Bird sounds,Dog",Bird sounds,Bird sounds,0.9968701,-5.962100506,5.763631821,-6.87862587,-8.242415428,-6.914967537,-5.245353222,-5.404060841,-8.049060822,-7.322039127,-5.848387718,-6.694526672,-6.79027319,-5.392565727,-7.114040852,-7.365485668,-6.834671021,-8.236999512,-6.51650095,-6.658025742,-7.013319969,-7.239068985,-5.44484663,-7.026612759,-7.454168797,-7.265244961,-6.758983612,-5.84836483,-7.305570126,0.002567888,0.9968701,0.001028499,0.000263178,0.000991829,0.005244311,0.004478133,0.0003193,0.000660377,0.002876249,0.001236138,0.001123398,0.004529672,0.000812939,0.000632318,0.001074665,0.000264607,0.001476651,0.001282032,0.000899007,0.000717465,0.004299933,0.000887147,0.000578688,0.000698941,0.001159063,0.002876315,0.000671335,0,1,0,0,0,0,0,0,0,0,0,0,0,0,0,0,0,0,0,0,0,0,0,0,0,0,0,0
ast_early_fusion,621191_0,"Bird sounds,Flowing water,Siren",Boat,Boat,0.541160703,-6.477136612,-5.683736324,0.165016383,-4.604976654,-6.584150791,-9.120934486,-9.028944969,-8.072731018,-6.856355667,-0.084872916,-7.283782482,-8.402074814,-6.219864845,-8.687810898,-6.241542816,-7.684288502,-9.398628235,-10.09713078,-7.516087055,-7.237273693,-3.467085361,-5.091884613,-9.780139923,-3.671709299,-7.486660957,-6.672030449,-0.932365537,-9.754990578,0.001535847,0.003389302,0.541160703,0.009902887,0.001380193,0.00010934,0.000119875,0.000311833,0.001051636,0.478794515,0.000686113,0.000224351,0.001985564,0.0001686,0.001943067,0.000459786,8.28E-05,4.12E-05,0.000543962,0.000718753,0.030263402,0.006108877,5.66E-05,0.024802169,0.000560197,0.001264226,0.282445043,5.80E-05,0,0,1,0,0,0,0,0,0,0,0,0,0,0,0,0,0,0,0,0,0,0,0,0,0,0,0,0
ast_early_fusion,623416_0,"Bell,Crickets","Bell,Crickets",Crickets,0.993878543,4.057452202,-6.262283325,-9.276963234,-10.10160732,-5.28414011,5.089802742,-7.210585594,-9.110279083,-7.58920145,-7.703175545,-7.480182648,-8.384025574,-7.097608566,-9.560407639,-9.09817028,-7.830036163,-8.997626305,-7.789996624,-8.705117226,-8.830913544,-9.428408623,-6.134865761,-7.864107132,-8.118412971,-9.847725868,-7.716225624,-8.005681038,-10.51197338,0.983000994,0.001903257,9.35E-05,4.10E-05,0.005045802,0.993878543,0.000738179,0.000110512,0.000505629,0.000451188,0.000563836,0.000228436,0.000826397,7.05E-05,0.000111858,0.000397453,0.000123688,0.000413683,0.000165708,0.000146123,8.04E-05,0.002161335,0.000384145,0.000297912,5.29E-05,0.000445341,0.000333451,2.72E-05,1,0,0,0,0,1,0,0,0,0,0,0,0,0,0,0,0,0,0,0,0,0,0,0,0,0,0,0
ast_early_fusion,623416_3,"Bell,Crickets",Crickets,Crickets,0.995329261,-6.536064625,-7.695203304,-8.230564117,-8.712285995,-4.228285789,5.361759186,-2.343654156,-6.830114365,-7.768175125,-6.461283684,-4.231585503,-7.346680164,-4.862430573,-7.75990057,-7.75633812,-8.561060905,-7.500745296,-6.915765285,-6.637993336,-8.014172554,-7.786484718,-6.236991405,-7.964343548,-7.833171368,-9.063013077,-8.283594131,-7.43157053,-8.025958061,0.001448084,0.000454798,0.000266315,0.000164525,0.014367913,0.995329261,0.087571502,0.001079568,0.000422806,0.00156035,0.014321257,0.000644314,0.007672349,0.000426317,0.000427838,0.000191379,0.000552367,0.000991039,0.00130794,0.000330632,0.000415138,0.001951913,0.000347519,0.000396209,0.00011586,0.000252564,0.000591906,0.00032676,0,0,0,0,0,1,0,0,0,0,0,0,0,0,0,0,0,0,0,0,0,0,0,0,0,0,0,0
ast_early_fusion,624709_2,Singing,Singing,Singing,0.995639443,-7.579024315,-6.652958393,-7.675477982,-8.69763279,-6.998804092,-7.016660213,-7.806070328,-8.027428627,-6.964165211,-7.713132858,-7.148242474,-9.381426811,-8.446804047,-7.711085796,-8.129425049,-7.629534245,-5.109620571,-6.990766048,-7.872963905,5.430791378,-8.967630386,-5.952795982,-8.335851669,-8.821404457,-8.141985893,-8.028899193,-6.955776215,-10.09434032,0.000510799,0.001288537,0.000463853,0.000166953,0.00091214,0.000896012,0.000407089,0.00032628,0.000944259,0.00044672,0.000785627,8.43E-05,0.000214539,0.000447635,0.000294651,0.000485651,0.00600213,0.000919495,0.000380759,0.995639443,0.000127454,0.00259183,0.000239707,0.000147519,0.000290974,0.000325801,0.000952206,4.13E-05,0,0,0,0,0,0,0,0,0,0,0,0,0,0,0,0,0,0,0,1,0,0,0,0,0,0,0,0
ast_early_fusion,625339_3,Plane,Plane,Plane,0.987671852,-7.402274132,-3.793025017,-5.593241215,-8.630654335,-1.3781178,-6.67309761,-6.902970314,-8.647139549,-5.022073269,-7.377909184,-7.680519104,-8.037624359,-7.789990425,-7.635848522,-8.138749123,-7.783542633,-7.047723293,4.383461475,-8.411429405,-7.689074039,-7.979088306,-6.660115242,-5.195891857,-9.039208412,-1.980502009,-7.022114277,-4.871938229,-8.033380508,0.000609493,0.022031052,0.003709132,0.000178516,0.201311454,0.001262879,0.001003788,0.000175598,0.006547693,0.000624516,0.000461522,0.000322971,0.000413686,0.000482596,0.000291917,0.00041636,0.000868631,0.987671852,0.000222262,0.000457592,0.000342434,0.00127936,0.00550876,0.000118651,0.121265329,0.000891143,0.0076003,0.000324344,0,0,0,0,0,0,0,0,0,0,0,0,0,0,0,0,0,1,0,0,0,0,0,0,0,0,0,0
ast_early_fusion,625644_0,"Bird sounds,Waves","Bird sounds,Waves",Waves,0.997774541,-8.257012367,5.470252037,-5.394582272,-9.83066082,-7.705399513,-8.465744019,-6.267482281,-9.449273109,-8.128442764,-6.236741543,-5.506350994,-7.821447849,-7.859326363,-7.936023235,-9.269747734,-7.623806,-9.994447708,-7.959544182,-6.882431507,-8.161190987,-8.29427433,-4.785583496,-8.145422935,-11.1384306,-8.242142677,-7.946435928,6.105589867,-9.769533157,0.000259366,0.995807528,0.004520589,5.38E-05,0.000450186,0.000210515,0.001893407,7.87E-05,0.00029494,0.0019524,0.004044475,0.00040088,0.000385985,0.000357498,9.42E-05,0.00048844,4.57E-05,0.00034919,0.001024596,0.000285441,0.000249881,0.008280117,0.000289976,1.45E-05,0.00026325,0.000353796,0.997774541,5.72E-05,0,1,0,0,0,0,0,0,0,0,0,0,0,0,0,0,0,0,0,0,0,0,0,0,0,0,1,0
ast_early_fusion,627060_0,Bird sounds,"Bird sounds,Insects",Bird sounds,0.994593799,-6.783856392,5.214785576,-6.433264256,-8.456689835,-5.155435085,-6.515564442,-1.987094164,-8.129302025,-7.647698402,-7.091263771,-5.812076092,-6.355158329,0.062102646,-6.213469505,-8.275858879,-5.321921825,-8.12069416,-4.8040452,-6.200811863,-6.677914619,-7.246230602,-5.683218002,-5.73788166,-5.868442059,-4.879986286,-6.989931107,-6.073169231,-7.732704639,0.001130622,0.994593799,0.001604617,0.000212429,0.005734892,0.001478032,0.12056461,0.000294687,0.000476914,0.000831653,0.002982293,0.001734745,0.515520692,0.001998277,0.000254524,0.004859628,0.000297234,0.008129886,0.00202368,0.001256818,0.000712349,0.003391053,0.00321124,0.002819304,0.007539837,0.000920262,0.002298564,0.000438065,0,1,0,0,0,0,0,0,0,0,0,0,1,0,0,0,0,0,0,0,0,0,0,0,0,0,0,0
ast_early_fusion,627060_5,Bird sounds,"Bird sounds,Car",Bird sounds,0.997189343,-6.253711224,5.871533394,-7.10071373,-7.825724602,1.493627906,-6.65953207,-6.984826565,-8.457303047,-7.03249979,-6.431407928,-4.888222694,-7.038554668,-3.499214649,-7.398319244,-8.511021614,-6.49298048,-7.772549629,-4.57761097,-6.398581982,-6.922367573,-6.652051449,-5.288049698,-7.05844593,-7.780042648,-6.821685314,-6.959722519,-5.895309925,-7.548569202,0.001919611,0.997189343,0.000823837,0.00039917,0.816622138,0.001280105,0.000924967,0.000212299,0.000881944,0.001607594,0.007478454,0.000876625,0.029334584,0.000611906,0.000201198,0.001511741,0.000420961,0.010174834,0.001661151,0.000984524,0.001289705,0.005026212,0.000859375,0.00041782,0.001088696,0.00094846,0.002744769,0.000526586,0,1,0,0,1,0,0,0,0,0,0,0,0,0,0,0,0,0,0,0,0,0,0,0,0,0,0,0
ast_early_fusion,627335_3,"Bird sounds,Car","Bird sounds,Car",Bird sounds,0.996456683,-6.893707275,5.639145374,-8.548376083,-8.6972332,4.420557499,-6.449657917,-3.781400204,-8.454715729,-7.07924366,-6.837981701,-5.390057564,-7.516869068,-6.333649158,-6.859288692,-8.925857544,-7.730585098,-7.588190079,-6.943329334,-7.158708572,-6.340178967,-7.805958748,-5.205900669,-6.255125999,-7.840459347,-6.548621178,-7.078921795,-6.594274044,-8.636494637,0.00101312,0.996456683,0.000193822,0.000167019,0.98811543,0.001578567,0.022282913,0.000212849,0.000841701,0.001071117,0.004540996,0.000543537,0.001772396,0.00104856,0.00013289,0.000438994,0.00050614,0.000964121,0.000777454,0.00176088,0.000407135,0.005454198,0.001916902,0.000393333,0.001430041,0.000841972,0.00136631,0.000177477,0,1,0,0,1,0,0,0,0,0,0,0,0,0,0,0,0,0,0,0,0,0,0,0,0,0,0,0
ast_early_fusion,628579_1,"Falling water/Rain,Flowing water","Falling water/Rain,Flowing water",Flowing water,0.995163441,-7.701227188,-6.460930347,-7.355532169,-8.745892525,-6.082937717,-7.38859272,-7.477674961,-9.119564056,4.689447403,5.326696873,-8.229103088,-8.299807549,-8.525742531,-8.197063446,-8.348358154,-8.205514908,-8.902999878,-7.629217625,-7.286449909,-8.32758522,-7.94998312,-6.242486,-8.992369652,-8.083751678,-7.470529556,-8.546104431,-7.630661964,-8.88353157,0.000452067,0.0015609,0.000638639,0.000159088,0.002276271,0.000617883,0.000565251,0.00010949,0.990891993,0.995163441,0.000266704,0.000248503,0.000198258,0.000275385,0.000236729,0.000273068,0.000135962,0.000485805,0.000684286,0.000241697,0.000352544,0.001941238,0.00012434,0.000308416,0.000569302,0.000194263,0.000485104,0.000138634,0,0,0,0,0,0,0,0,1,1,0,0,0,0,0,0,0,0,0,0,0,0,0,0,0,0,0,0
ast_early_fusion,628667_2,Train,Train,Train,0.994216144,-6.896473408,-5.271396637,-7.149869442,-8.052379608,-6.958571911,-7.079759598,-7.369547844,-8.178976059,-6.664103031,-6.596326351,-6.621890545,-7.767822266,-7.801698685,-7.849704266,-8.333979607,-7.683716297,-7.498720646,-7.257212639,-7.770254135,-8.290863037,-7.298120975,-5.90730381,5.146883965,-6.110763073,-8.415759087,-6.424535275,-6.99849081,-7.861662388,0.001010324,0.005110184,0.000784351,0.000318242,0.00094955,0.000841267,0.000629756,0.00028041,0.001274275,0.001363513,0.001329143,0.000422955,0.000408872,0.000389715,0.000240156,0.000460049,0.000553486,0.000704574,0.000421928,0.000250735,0.000676352,0.002712134,0.994216144,0.002213944,0.000221302,0.001618662,0.000912426,0.000385085,0,0,0,0,0,0,0,0,0,0,0,0,0,0,0,0,0,0,0,0,0,0,1,0,0,0,0,0
ast_early_fusion,628972_3,Speech,"Bell,Speech",Speech,0.997088373,0.538638413,-5.405525684,-6.828838348,-6.94370842,-5.209075451,-7.625572205,-8.200095177,-10.19249535,-7.953680038,-4.044641018,-5.215824604,-7.689627647,-7.647203922,-3.680167675,-10.56941223,-2.560670614,-0.205075711,-8.169428825,-6.448423386,-7.425429344,-6.752314568,5.836103439,-6.384690285,-6.179361343,-8.128458023,-4.836395741,-8.456362724,-9.324390411,0.631495655,0.004471607,0.001080945,0.000963756,0.005437003,0.000487578,0.000274552,3.74E-05,0.000351243,0.017214462,0.005400628,0.000457339,0.000477149,0.024598405,2.57E-05,0.071712889,0.448909968,0.0002831,0.001580514,0.00059555,0.00116681,0.997088373,0.001684349,0.002067467,0.000294936,0.007873126,0.000212499,8.92E-05,1,0,0,0,0,0,0,0,0,0,0,0,0,0,0,0,0,0,0,0,0,1,0,0,0,0,0,0
ast_early_fusion,631755_2,"Music,Speech",Speech,Speech,0.998164713,-2.214570522,-6.091027737,-8.113446236,-8.242646217,-8.5502491,-7.914262295,-7.090905666,-7.310988426,-7.883581161,-6.566966057,-4.902375221,-7.479780674,-7.517064571,-5.257224083,-8.583418846,-2.954813719,-2.083631992,-6.218637466,-7.377328873,-4.528935909,-6.160868168,6.298686504,-8.665344238,-8.993423462,-8.90495491,-8.978588104,-7.538166523,-8.252346039,0.098449662,0.002257972,0.000299395,0.000263118,0.000193459,0.00036536,0.00083195,0.00066771,0.000376739,0.001404083,0.007374136,0.000564063,0.000543431,0.005182746,0.000187149,0.049509492,0.11069791,0.001987997,0.000624878,0.010676927,0.002105976,0.998164713,0.00017243,0.000124209,0.000135696,0.000126065,0.00053209,0.000260578,0,0,0,0,0,0,0,0,0,0,0,0,0,0,0,0,0,0,0,0,0,1,0,0,0,0,0,0
ast_early_fusion,631989_3,Bird sounds,Bird sounds,Bird sounds,0.995166779,-2.071775913,5.327390194,-5.110920429,-8.193068504,-7.089746475,-7.819344997,-6.731815338,-8.433546066,-7.642222881,-5.114822388,-6.784721375,-7.926717758,-5.361669064,-7.817788601,-6.052678585,-5.509069443,-7.345941067,-7.221045971,-6.900568008,-7.773284912,-4.975838661,-6.001534939,-5.366691589,-7.403814793,-7.886852741,-5.841937542,-5.900823116,-7.400584221,0.111870468,0.995166779,0.00599438,0.000276487,0.000832914,0.000401723,0.001190946,0.000217402,0.000479531,0.005971176,0.001129645,0.000360839,0.004671145,0.000402349,0.002346038,0.004033539,0.00064479,0.000730503,0.0010062,0.000420652,0.006855406,0.00246884,0.004647851,0.000608555,0.000375509,0.002894808,0.002729719,0.000610523,0,1,0,0,0,0,0,0,0,0,0,0,0,0,0,0,0,0,0,0,0,0,0,0,0,0,0,0
ast_early_fusion,632384_0,"Bird sounds,Insects","Bird sounds,Insects",Bird sounds,0.997535944,-7.30988884,6.003495216,-7.59363842,-10.1982708,-7.160841942,-7.49107933,-5.288422108,-9.383989334,-8.985718727,-6.765625,-7.619822502,-7.170847893,5.894789696,-10.08146954,-9.165874481,-8.124368668,-9.061247826,-6.684591293,-7.800488472,-8.262587547,-8.722491264,-6.017175674,-8.560540199,-9.095528603,-8.36205864,-8.181401253,-7.232055187,-9.52793026,0.000668444,0.997535944,0.000503392,3.72E-05,0.000775798,0.000557729,0.00502435,8.41E-05,0.000125169,0.0011514,0.000490388,0.00076808,0.997253835,4.18E-05,0.000104536,0.000296144,0.000116065,0.001248465,0.000409367,0.000257924,0.000162854,0.002430619,0.000191479,0.000112154,0.000233508,0.000279731,0.000722511,7.28E-05,0,1,0,0,0,0,0,0,0,0,0,0,1,0,0,0,0,0,0,0,0,0,0,0,0,0,0,0
ast_early_fusion,633793_0,"Car,Singing",Singing,Singing,0.966548085,-8.349842072,-5.274488449,-6.172569275,-8.77978611,-0.227190763,-7.231987,-7.57598114,-8.58660984,-7.128543377,-8.161241531,-4.723381042,-9.832094193,-7.040835857,-9.328968048,-8.160907745,-2.685983181,-6.829454422,-6.413659573,-6.446302891,3.363623619,-7.172637463,-5.126307964,-9.392763138,-9.810527802,-7.735773563,-8.972453117,-6.899330616,-10.64947796,0.000236378,0.005094489,0.002081528,0.000153787,0.443445355,0.00072256,0.000512355,0.000186553,0.000801244,0.000285426,0.008806837,5.37E-05,0.000874629,8.88E-05,0.000285521,0.063805535,0.00108028,0.001636334,0.001583864,0.966548085,0.000766708,0.005903388,8.33E-05,5.49E-05,0.000436723,0.000126841,0.001007444,2.37E-05,0,0,0,0,0,0,0,0,0,0,0,0,0,0,0,0,0,0,0,1,0,0,0,0,0,0,0,0
ast_early_fusion,634522_0,"Bird sounds,Boat,Waves","Boat,Waves",Waves,0.999388814,-8.381433487,-1.583680511,2.107714176,-9.537072182,-8.640897751,-8.101334572,-8.726075172,-10.3074789,-8.234870911,-5.614978313,-8.113687515,-7.523910046,-8.543706894,-8.948616982,-9.299712181,-8.478076935,-9.871228218,-7.827045918,-7.23551321,-7.861640453,-9.599673271,-7.388719559,-9.448760986,-10.53489876,-9.321387291,-7.772494316,7.399511814,-9.744352341,0.000229029,0.170274854,0.891650736,7.21E-05,0.000176697,0.000303042,0.000162272,3.34E-05,0.000265171,0.003629666,0.000299323,0.000539725,0.000194729,0.0001299,9.14E-05,0.000207935,5.16E-05,0.000398643,0.000720019,0.000385093,6.77E-05,0.000617805,7.88E-05,2.66E-05,8.95E-05,0.000420984,0.999388814,5.86E-05,0,0,1,0,0,0,0,0,0,0,0,0,0,0,0,0,0,0,0,0,0,0,0,0,0,0,1,0
ast_early_fusion,634522_2,"Bird sounds,Boat,Waves","Bird sounds,Boat,Waves",Waves,0.998103023,-8.623793602,4.860535622,1.686479807,-9.655753136,-7.692837238,-9.848898888,-8.890893936,-10.18904686,-8.167779922,-6.431052685,-6.862821102,-8.120126724,-7.972545147,-8.09719944,-9.293585777,-7.568036556,-9.907247543,-7.105168819,-6.088008404,-7.764651775,-8.357625961,-6.090382099,-8.964588165,-10.90271568,-8.031413078,-7.375880241,6.265590191,-10.36019611,0.000179745,0.992313206,0.843760669,6.41E-05,0.000455874,5.28E-05,0.000137618,3.76E-05,0.000283567,0.001608164,0.001044866,0.000297402,0.000344681,0.000304298,9.20E-05,0.000516439,4.98E-05,0.000820178,0.002264784,0.000424297,0.000234546,0.002259427,0.000127842,1.84E-05,0.000324983,0.000625783,0.998103023,3.17E-05,0,1,1,0,0,0,0,0,0,0,0,0,0,0,0,0,0,0,0,0,0,0,0,0,0,0,1,0
ast_early_fusion,634719,"Bird sounds,Car","Bird sounds,Dog,Speech",Bird sounds,0.995839953,-6.97169733,5.478066444,-9.046078682,-9.522311211,-5.51011467,-7.329878807,3.510288,-8.034796715,-7.488556862,-7.470124245,-9.209350586,-9.499955177,-5.349421501,-6.163957119,-9.855994225,-5.931072235,-8.963352203,-8.777194023,-7.44360733,-6.777486801,-6.628993034,2.388355494,-6.000300884,-9.034375191,-6.794199467,-8.697821617,-6.528028488,-10.00715923,0.00093718,0.995839953,0.000117838,7.32E-05,0.004029342,0.000655223,0.970979095,0.000323885,0.000559137,0.000569533,0.000100089,7.48E-05,0.004728434,0.002099494,5.24E-05,0.002648599,0.000128,0.000154186,0.000584828,0.001137838,0.001319749,0.91593498,0.002471881,0.000119225,0.001119001,0.000166921,0.001459751,4.51E-05,0,1,0,0,0,0,1,0,0,0,0,0,0,0,0,0,0,0,0,0,0,1,0,0,0,0,0,0
ast_early_fusion,634793_4,"Bird sounds,Speech","Bird sounds,Speech",Bird sounds,0.99551338,-6.664155006,5.40215683,-7.774250507,-9.971561432,-8.606668472,-7.256750584,-8.151988029,-9.666543961,-7.347521305,-6.013420105,-6.38547945,-7.976035595,-5.03447628,-7.804659843,-6.990006924,-4.681355953,-8.995371819,-6.695451736,-4.585146904,-7.496684074,-8.123241425,5.298447609,-6.207208157,-7.981734753,-7.285351753,-8.46942997,-4.211189747,-10.18201447,0.001274209,0.99551338,0.000420246,4.67E-05,0.000182849,0.000704899,0.000288079,6.34E-05,0.000643772,0.002439742,0.001683023,0.000343481,0.006467506,0.000407664,0.000920193,0.009181362,0.000123967,0.001234996,0.010099216,0.000554614,0.000296478,0.995025456,0.002010803,0.00034153,0.000685037,0.00020974,0.014612039,3.78E-05,0,1,0,0,0,0,0,0,0,0,0,0,0,0,0,0,0,0,0,0,0,1,0,0,0,0,0,0
ast_early_fusion,635126_1,"Bird sounds,Car,Dog","Bird sounds,Dog",Bird sounds,0.996773899,-6.356481552,5.7332654,-7.684153557,-9.194940567,-5.341814995,-6.449940205,1.977428913,-8.164723396,-6.656483173,-5.498924255,-6.872030735,-7.516309738,-6.690241337,-6.405064106,-8.540560722,-7.238087177,-8.009203911,-7.705188751,-6.841211796,-7.762060642,-7.212854385,-5.468121052,-6.628968239,-7.686614513,-6.431652546,-8.002838135,-5.59984684,-8.638485909,0.001732456,0.996773899,0.000459848,0.000101542,0.004764366,0.001578122,0.878406823,0.000284434,0.001284009,0.004074501,0.001035297,0.000543841,0.00124144,0.001650436,0.000195342,0.000718169,0.000332279,0.000450281,0.001067666,0.000425398,0.000736507,0.004201426,0.001319782,0.000458719,0.001607201,0.0003344,0.003684802,0.000177124,0,1,0,0,0,0,1,0,0,0,0,0,0,0,0,0,0,0,0,0,0,0,0,0,0,0,0,0
ast_early_fusion,635126_2,"Bird sounds,Car","Bird sounds,Car,Dog",Bird sounds,0.997711182,-7.018945694,6.077450275,-9.751581192,-9.795559883,2.508113384,-4.92703104,0.577235758,-8.783617973,-8.083438873,-7.635365009,-3.618674517,-8.275682449,-6.161587238,-8.017799377,-9.511394501,-7.867664337,-7.219371319,-4.446067333,-7.084178448,-7.153487682,-6.757650852,-6.277592659,-7.226277828,-6.469233036,-6.841469288,-9.345579147,-6.576424599,-10.06012249,0.000893969,0.997711182,5.82E-05,5.57E-05,0.924708605,0.007195835,0.640431106,0.000153199,0.000308513,0.000482829,0.026117766,0.000254569,0.002104465,0.000329436,7.40E-05,0.000382781,0.000731727,0.011588712,0.000837561,0.00078152,0.001160607,0.001874396,0.000726694,0.001548014,0.001067392,8.73E-05,0.001390883,4.27E-05,0,1,0,0,1,0,1,0,0,0,0,0,0,0,0,0,0,0,0,0,0,0,0,0,0,0,0,0
ast_early_fusion,635808_2,Bird sounds,"Bird sounds,Footsteps",Bird sounds,0.996647418,-7.114740849,5.694684505,-7.290150642,-9.393275261,-5.876783848,-7.031956673,-4.630907536,-8.497436523,-8.785999298,-7.094558239,4.478364944,-6.492053032,-7.879003048,-6.698046207,-8.86427784,-7.979153156,-7.372905731,-6.663832188,-6.79920578,-8.03955555,-7.367538452,-5.448232174,-8.397269249,-7.866541386,-9.017831802,-8.401022911,-7.901806831,-9.284096718,0.000812371,0.996647418,0.00068176,8.33E-05,0.002795949,0.000882423,0.009651844,0.000203949,0.000152835,0.000828919,0.988775492,0.001513142,0.000378467,0.0012318,0.000141329,0.000342412,0.000627646,0.001274619,0.001113419,0.000322348,0.000631022,0.004285462,0.000225431,0.000383211,0.000121214,0.000224587,0.000369937,9.29E-05,0,1,0,0,0,0,0,0,0,0,1,0,0,0,0,0,0,0,0,0,0,0,0,0,0,0,0,0
ast_early_fusion,636080_0,"Bird sounds,Footsteps,Speech",Bird sounds,Bird sounds,0.9886204,-6.276575089,4.464481831,-6.571576595,-6.101447582,-2.831863165,-3.213829756,-7.006427765,-7.995315552,-7.435925961,-5.25430727,-1.261337876,-6.091762543,-3.171660423,-7.652105808,-7.388803959,-4.517390251,-7.520617962,-5.039978981,-6.087756157,-5.540132999,-6.071813583,-4.82695961,-6.708717346,-7.899542332,-7.039284229,-6.193549633,-3.779800653,-6.964099407,0.001876301,0.9886204,0.001397633,0.002234619,0.055626441,0.038648587,0.000905219,0.000336924,0.000589335,0.005197806,0.220743686,0.002256317,0.040246226,0.000474817,0.000617753,0.010799574,0.000541504,0.006432243,0.002265354,0.003910651,0.002301676,0.007947177,0.001218741,0.000370776,0.000875986,0.0020384,0.022317788,0.000944321,0,1,0,0,0,0,0,0,0,0,0,0,0,0,0,0,0,0,0,0,0,0,0,0,0,0,0,0
ast_early_fusion,636544_3,Dog,"Bird sounds,Dog,Speech",Speech,0.996994615,-6.978701591,1.39390409,-7.051024914,-8.204999924,-5.003856659,-8.015769958,1.220914602,-8.192464828,-7.285796165,-3.30003047,-8.488052368,-10.01488209,-6.573887825,-5.318046093,-9.298886299,-7.050419807,-8.360178947,-9.197288513,-6.611002445,-8.357303619,-6.765757084,5.804335594,-6.516180038,-9.067827225,-6.998124599,-9.275650024,-3.919038296,-10.80200291,0.000930645,0.801214755,0.00086577,0.000273209,0.00666726,0.000330105,0.772224486,0.000276654,0.000684733,0.035570141,0.000205872,4.47E-05,0.001394411,0.004878407,9.15E-05,0.000866294,0.000233948,0.000101303,0.001343675,0.000234621,0.001151248,0.996994615,0.001477124,0.000115304,0.00091276,9.37E-05,0.019473439,2.04E-05,0,1,0,0,0,0,1,0,0,0,0,0,0,0,0,0,0,0,0,0,0,1,0,0,0,0,0,0
ast_early_fusion,636575_2,"Bird sounds,Train",Train,Train,0.996954083,-6.919363499,-4.803827286,-7.97577095,-9.010667801,-6.63015461,-7.61408186,-7.31527853,-8.557336807,-7.05475235,-7.008568764,-7.352734089,-8.241067886,-7.67146492,-8.077912331,-8.839122772,-8.16601944,-7.262292385,-7.6939044,-8.280200005,-8.31370163,-7.573587894,-6.033341885,5.790921688,-7.329429626,-8.17210865,-6.477804184,-7.278543472,-8.799422264,0.000987483,0.008131644,0.000343572,0.000122085,0.001318219,0.00049321,0.000664854,0.000192093,0.000862552,0.000903285,0.000640427,0.000263533,0.000465718,0.000310222,0.000144929,0.000284066,0.000701006,0.000455388,0.000253422,0.000245075,0.000513582,0.002391734,0.996954083,0.000655518,0.000282342,0.001534823,0.000689714,0.000150797,0,0,0,0,0,0,0,0,0,0,0,0,0,0,0,0,0,0,0,0,0,0,1,0,0,0,0,0
ast_early_fusion,638071_1,"Bird sounds,Dog","Bird sounds,Dog",Bird sounds,0.995463789,-6.910133839,5.39111948,-6.722576141,-8.800452232,-5.134448051,-5.786112309,0.987224996,-7.305194855,-7.154682636,-5.580343723,-4.072135925,-6.430077553,-4.621404171,-5.97076416,-8.017713547,-6.790561199,-7.485399246,-7.264355659,-6.682273388,-7.302853584,-7.024218082,-4.856836796,-6.738380909,-7.73268795,-7.176220417,-6.9793787,-6.266839027,-8.166877747,0.00099663,0.995463789,0.001201987,0.000150642,0.005855809,0.003060498,0.728539467,0.000671587,0.000780588,0.0037571,0.016755424,0.00160973,0.009743108,0.002545793,0.000329464,0.001123075,0.000560904,0.000699562,0.001251358,0.00067316,0.000889272,0.007715054,0.001183162,0.000438073,0.000763968,0.000930016,0.001894623,0.000283822,0,1,0,0,0,0,1,0,0,0,0,0,0,0,0,0,0,0,0,0,0,0,0,0,0,0,0,0
ast_early_fusion,638071_4,"Bird sounds,Dog",Bird sounds,Bird sounds,0.99665904,-6.664639473,5.698150635,-6.81167984,-8.462734222,-5.415897369,-6.276257038,-5.268032074,-7.785661697,-6.908154488,-6.572205544,-6.292359352,-6.54009676,-5.827692032,-6.833288193,-7.596559048,-6.828337669,-8.187560081,-7.603208542,-6.971101284,-7.32487154,-7.203177929,-5.659444332,-7.231100559,-7.641325951,-6.365453243,-7.008287907,-6.111032963,-7.88344574,0.001273592,0.99665904,0.001099632,0.000211149,0.004425673,0.001876896,0.005127318,0.00041548,0.000998603,0.001396756,0.001846971,0.001442266,0.002936219,0.001076151,0.000501924,0.001081486,0.000278014,0.0004986,0.000937738,0.00065851,0.000743664,0.003472353,0.000723201,0.000479961,0.001717009,0.000903538,0.002213348,0.00037679,0,1,0,0,0,0,0,0,0,0,0,0,0,0,0,0,0,0,0,0,0,0,0,0,0,0,0,0
ast_early_fusion,638911_2,"Musical instrument,Singing","Musical instrument,Singing,Speech",Singing,0.99478513,-7.206637383,-7.580635548,-8.380170822,-10.50187969,-8.018076897,-8.612446785,-9.962743759,-8.054178238,-7.054744244,-8.79314518,-8.041467667,-9.813995361,-9.566763878,-5.75937748,-9.154932022,-6.859583378,5.190813065,-8.138457298,-6.099180222,5.251019001,-9.598901749,0.316794902,-9.527568817,-10.05260849,-10.62218857,-8.177754402,-7.776934624,-11.36153126,0.000741097,0.000509977,0.000229318,2.75E-05,0.000329344,0.000181795,4.71E-05,0.00031767,0.000862559,0.000151747,0.000321733,5.47E-05,7.00E-05,0.003143163,0.000105686,0.001048251,0.994463384,0.000292002,0.00223968,0.99478513,6.78E-05,0.578542948,7.28E-05,4.31E-05,2.44E-05,0.000280753,0.00041912,1.16E-05,0,0,0,0,0,0,0,0,0,0,0,0,0,0,0,0,1,0,0,1,0,1,0,0,0,0,0,0
ast_early_fusion,640057_2,"Car,Crickets,Vehicle horn","Car,Crickets",Car,0.997114539,-7.151886463,-6.11235857,-8.214891434,-7.630755901,5.84518528,5.102021217,-2.267606258,-7.764371872,-8.115931511,-6.773342609,-5.054990768,-7.920649052,-6.157102108,-8.997431755,-9.709586143,-8.367368698,-7.434491158,-7.525326729,-7.694871426,-8.334879875,-7.873328686,-1.491456509,-8.502985954,-8.182852745,-8.301137924,-2.902393341,-7.071880817,-9.844248772,0.000782772,0.002210423,0.000270521,0.000485058,0.997114539,0.993952334,0.093841568,0.000424416,0.000298652,0.001142558,0.006337012,0.000363035,0.002113905,0.000123712,6.07E-05,0.000232272,0.000590181,0.000538962,0.000454948,0.00023994,0.00038062,0.183703214,0.000202821,0.000279326,0.000248173,0.05203538,0.000847916,5.30E-05,0,0,0,0,1,1,0,0,0,0,0,0,0,0,0,0,0,0,0,0,0,0,0,0,0,0,0,0
ast_early_fusion,640057_3,"Car,Crickets","Car,Crickets",Car,0.995066881,-7.460353374,-6.619368076,-8.149637222,-7.680743217,5.306849003,4.614422321,-0.794862032,-8.079566002,-8.945134163,-7.026324272,-7.229913712,-8.846718788,-6.482535839,-9.844148636,-8.907203674,-8.950091362,-7.607311249,-7.2123909,-7.843951702,-8.085855484,-7.699194431,-6.716279984,-6.826354027,-7.889817238,-8.432628632,-3.090448856,-7.038396835,-9.490397453,0.000575122,0.001332496,0.000288757,0.000461419,0.995066881,0.990189254,0.311125666,0.000309709,0.000130353,0.000887402,0.000724059,0.000143832,0.001527589,5.31E-05,0.000135392,0.000129708,0.000496559,0.000736849,0.000391963,0.000307768,0.000452987,0.00120957,0.001083631,0.000374398,0.000217601,0.043502953,0.000876763,7.56E-05,0,0,0,0,1,1,0,0,0,0,0,0,0,0,0,0,0,0,0,0,0,0,0,0,0,0,0,0
ast_early_fusion,640102_1,"Falling water/Rain,Flowing water","Falling water/Rain,Flowing water",Flowing water,0.994669259,-7.545228481,-6.788065434,-7.331869602,-8.961141586,-6.407307625,-7.892472744,-8.167057037,-9.464363098,5.001995564,5.228923798,-7.991930962,-8.00998497,-8.972345352,-7.978327751,-8.558066368,-8.185702324,-8.637781143,-7.924044132,-7.180747986,-8.202112198,-7.861938953,-5.883683205,-9.049899101,-7.983760834,-7.240728378,-8.948177338,-7.179320335,-9.078801155,0.000528347,0.001125878,0.000653921,0.000128283,0.001646743,0.000373405,0.000283772,7.76E-05,0.993320465,0.994669259,0.000338066,0.000332019,0.000126854,0.000342695,0.000191953,0.000278531,0.000177248,0.000361805,0.000760519,0.000273999,0.000384978,0.002776779,0.000117389,0.000340838,0.000716276,0.000129957,0.000761605,0.000114045,0,0,0,0,0,0,0,0,1,1,0,0,0,0,0,0,0,0,0,0,0,0,0,0,0,0,0,0
ast_early_fusion,640102_2,"Falling water/Rain,Flowing water","Falling water/Rain,Flowing water",Falling water/Rain,0.994546056,-6.786702156,-6.531798363,-6.70083046,-7.232338428,-6.688354969,-7.069717884,-7.206227303,-8.153522491,5.205953598,0.59693706,-6.481003284,-7.445486069,-7.962640285,-7.501346588,-7.626274109,-7.420218945,-7.768370628,-6.719995499,-6.703063011,-7.549074173,-7.426642418,-6.109769821,-7.276250362,-7.517448425,-6.591078758,-7.460323811,-6.309084892,-7.812495708,0.001127412,0.001454266,0.001228379,0.000722306,0.001243781,0.00084975,0.000741401,0.000287637,0.994546056,0.644955277,0.001529928,0.000583731,0.000348111,0.000552035,0.000487236,0.000598659,0.000422723,0.00120509,0.001225643,0.00052632,0.000594829,0.00221614,0.000691296,0.000543222,0.001370677,0.000575139,0.001816392,0.000404483,0,0,0,0,0,0,0,0,1,1,0,0,0,0,0,0,0,0,0,0,0,0,0,0,0,0,0,0
ast_early_fusion,640900_1,"Shout or scream,Speech","Shout or scream,Speech",Speech,0.998943746,-7.410710812,-4.603241444,-8.174710274,-10.05417061,-7.319823265,-7.972331047,-8.160891533,-8.165394783,-8.434555054,-7.739627361,-6.232563019,-8.792085648,-8.402721405,-5.679479122,-7.070044518,-6.144097805,-7.861294746,-7.210384846,3.497476101,-8.839853287,-7.928613663,6.851925373,-8.964518547,-6.79884243,-10.08384323,-8.409971237,-7.377110004,-9.741259575,0.000604375,0.009919915,0.000281609,4.30E-05,0.000661841,0.000344755,0.000285526,0.000284244,0.000217183,0.000435044,0.001960559,0.000151908,0.000224206,0.003403712,0.000849473,0.002141515,0.000385226,0.000738327,0.970615864,0.000144823,0.000360156,0.998943746,0.000127851,0.001113823,4.17E-05,0.000222587,0.000625015,5.88E-05,0,0,0,0,0,0,0,0,0,0,0,0,0,0,0,0,0,0,1,0,0,1,0,0,0,0,0,0
ast_early_fusion,640900_2,"Shout or scream,Speech","Shout or scream,Speech",Speech,0.998549402,-6.569455147,-6.001820564,-8.558010101,-8.483983994,-7.868713379,-8.201913834,-8.236479759,-7.241319656,-8.403800011,-8.278432846,-6.831262589,-8.178354263,-8.222537994,-5.595341206,-7.272337914,-2.397148132,-5.616699219,-7.593506813,1.047173023,-4.405544281,-8.505670547,6.534377098,-7.989787579,-5.402211189,-10.06311417,-8.854619026,-8.332433701,-10.01951599,0.001400597,0.002468137,0.000191964,0.000206711,0.00038238,0.000274053,0.000264745,0.000715853,0.000223964,0.00025387,0.00107833,0.000280585,0.000268461,0.00370138,0.000694004,0.08339043,0.003623448,0.000503458,0.740231693,0.012062185,0.000202277,0.998549402,0.000338791,0.004486387,4.26E-05,0.000142701,0.000240528,4.45E-05,0,0,0,0,0,0,0,0,0,0,0,0,0,0,0,0,0,0,1,0,0,1,0,0,0,0,0,0
ast_early_fusion,641524_0,"Bird sounds,Laughter,Speech",Speech,Speech,0.997963786,-6.954827309,-6.985675335,-7.9673419,-8.524168015,-7.528607368,-7.725542545,-7.739171028,-8.088233948,-7.597266197,-7.37984705,-6.655314922,-7.86545229,-8.02580452,-5.675949097,-8.096813202,-8.037196159,-8.11950016,-7.250901699,-6.422774792,-7.311309338,-7.640617371,6.194603443,-7.619587421,-8.514562607,-8.532603264,-7.743226528,-7.448655605,-8.412115097,0.000953109,0.000924183,0.000346479,0.00019857,0.000537198,0.000441213,0.000435243,0.000307037,0.00050157,0.000623308,0.001285508,0.000383628,0.00032681,0.003415707,0.000304415,0.000323109,0.000297589,0.000709031,0.00162151,0.000667496,0.000480301,0.997963786,0.000490504,0.000200487,0.000196903,0.000433482,0.000581885,0.00022211,0,0,0,0,0,0,0,0,0,0,0,0,0,0,0,0,0,0,0,0,0,1,0,0,0,0,0,0
ast_early_fusion,641525_0,"Bird sounds,Shout or scream,Speech","Bird sounds,Speech",Speech,0.998463392,-4.382912636,1.362504125,-7.450550556,-7.486077785,-5.84127903,-8.575954437,-7.961718559,-7.715539455,-7.911164284,-8.079117775,-5.340182781,-8.052368164,-7.675880909,-4.764861107,-8.272754669,-4.520656109,-6.452291012,-7.250184059,-2.001436472,-7.261118412,-1.168475866,6.476608753,-10.32599831,-6.785885334,-6.877235889,-9.747792244,-4.451900005,-9.123708725,0.012334879,0.79616636,0.000580784,0.000560524,0.002896709,0.000188551,0.000348432,0.000445646,0.000366493,0.000309848,0.004772112,0.000318246,0.000463667,0.008452026,0.000255316,0.01076474,0.001574423,0.00070954,0.119052179,0.000701829,0.237130582,0.998463392,3.28E-05,0.001128333,0.001029928,5.84E-05,0.011522092,0.000109038,0,1,0,0,0,0,0,0,0,0,0,0,0,0,0,0,0,0,0,0,0,1,0,0,0,0,0,0
ast_early_fusion,641525_1,"Bird sounds,Speech","Bird sounds,Speech",Speech,0.997289538,-6.676622391,5.841956139,-7.867168427,-8.415050507,-6.021194458,-7.3433671,-7.440770149,-8.913314819,-7.302541256,-7.441153526,-5.540898323,-7.819172382,-7.008745193,-6.229507923,-9.238500595,-7.945322037,-7.979619026,-6.726368427,-6.483113289,-6.975667477,-7.648617268,5.907902241,-8.30609417,-9.339884758,-7.966957569,-7.96949625,-7.325426102,-9.457674026,0.001258441,0.9971053,0.000382971,0.000221459,0.002420894,0.000646451,0.000586489,0.000134567,0.00067337,0.000586264,0.003907671,0.000401793,0.000903126,0.001966546,9.72E-05,0.00035419,0.000342253,0.001197443,0.001526708,0.00093347,0.000476476,0.997289538,0.000246946,8.78E-05,0.000346612,0.000345734,0.000658146,7.81E-05,0,1,0,0,0,0,0,0,0,0,0,0,0,0,0,0,0,0,0,0,0,1,0,0,0,0,0,0
ast_early_fusion,641525_3,Car,Speech,Speech,0.998366058,-6.835828304,-5.725307465,-7.962989807,-9.000537872,-7.191177845,-7.706208229,-7.174818516,-8.188607216,-7.842226028,-6.167263031,-6.32178688,-7.765131474,-7.643982887,-4.331525803,-8.537804604,-7.799259186,-6.822223663,-7.338979244,-6.860669136,-6.553245068,-6.95800066,6.415090561,-7.886981964,-9.022246361,-8.445516586,-7.916022301,-7.177735329,-7.763866425,0.001073423,0.003251742,0.00034799,0.000123328,0.000752635,0.000449822,0.000765039,0.000277723,0.000392639,0.002092579,0.001793508,0.000424094,0.000478688,0.012976858,0.000195882,0.000409871,0.001088111,0.000649292,0.001047115,0.001423453,0.000950093,0.998366058,0.00037546,0.00012068,0.000214815,0.000364718,0.000762812,0.000424631,0,0,0,0,0,0,0,0,0,0,0,0,0,0,0,0,0,0,0,0,0,1,0,0,0,0,0,0
ast_early_fusion,641528_1,"Footsteps,Speech",Speech,Speech,0.998869479,-6.514956951,-6.371514797,-8.728161812,-8.760240555,-5.463622093,-7.608640671,-7.349486351,-8.400157928,-8.895189285,-6.43321085,-1.51412499,-7.151379585,-7.142534256,-2.63070941,-8.925070763,-8.154652596,-7.998157501,-7.707735538,-5.016156673,-6.806022644,-7.270977497,6.78397131,-8.669079781,-8.819750786,-8.78597641,-8.542097092,-7.036797047,-9.343637466,0.001478929,0.00170665,0.000161934,0.000156822,0.004220291,0.0004959,0.000642509,0.000224781,0.000137028,0.001604703,0.18032828,0.000783168,0.000790121,0.067187972,0.000132994,0.000287313,0.000335968,0.000449136,0.006586292,0.001105863,0.000694949,0.998869479,0.000171788,0.000147763,0.000152838,0.000195043,0.000878165,8.75E-05,0,0,0,0,0,0,0,0,0,0,0,0,0,0,0,0,0,0,0,0,0,1,0,0,0,0,0,0
ast_early_fusion,641528_2,"Footsteps,Speech","Footsteps,Laughter,Speech",Speech,0.997997224,-5.86540556,-6.956239223,-9.838644981,-9.746632576,-7.775330067,-7.403466702,-7.103758335,-8.597997665,-8.54461956,-7.658633232,1.600384355,-6.378325462,-8.865962982,0.35340488,-9.23167038,-8.907075882,-7.344985485,-6.277952194,-5.922770023,-6.589215755,-7.229479313,6.211232185,-9.402204514,-8.952228546,-9.14043045,-9.735216141,-7.879641056,-9.083770752,0.002827853,0.000951766,5.33E-05,5.85E-05,0.000419793,0.000608767,0.000821335,0.000184441,0.000194551,0.000471729,0.832072079,0.001695086,0.000141091,0.587442994,9.79E-05,0.000135409,0.000645406,0.001873724,0.002670621,0.00137323,0.000724373,0.997997224,8.25E-05,0.000129432,0.00010723,5.92E-05,0.000378226,0.00011348,0,0,0,0,0,0,0,0,0,0,1,0,0,1,0,0,0,0,0,0,0,1,0,0,0,0,0,0
ast_early_fusion,641779_1,"Bird sounds,Insects,Wind",Bird sounds,Bird sounds,0.993249774,-5.614471912,4.991398811,-6.321317673,-7.824445248,-7.676270008,-7.753575325,-7.037491322,-7.457503319,-7.586753845,-1.633080721,-5.947483063,-7.892457485,-0.191958472,-8.410110474,-7.126383781,-6.524949551,-8.264226913,-5.937380791,-7.368597031,-7.933303356,-7.275866985,-5.945595741,-7.244677544,-8.216477394,-6.34665966,-6.792370796,-5.772146702,-2.309597492,0.003631498,0.993249774,0.001794348,0.000399681,0.000463486,0.000429021,0.000877556,0.000576762,0.000506868,0.163408771,0.002605601,0.000373411,0.45215717,0.000222556,0.000802975,0.001464246,0.000257502,0.002631987,0.000630355,0.000358471,0.000691561,0.00261051,0.000713455,0.000270092,0.001749525,0.001121047,0.003103406,0.090331212,0,1,0,0,0,0,0,0,0,0,0,0,0,0,0,0,0,0,0,0,0,0,0,0,0,0,0,0
ast_early_fusion,645862_1,"Bell,Car,Crickets","Bell,Car,Crickets",Bell,0.991822422,4.798148632,-5.515055656,-8.984359741,-11.17938995,3.83130765,4.39221096,-7.440773487,-10.11393356,-7.95948267,-7.460968494,-6.93387413,-8.472940445,-6.692354202,-11.27835655,-10.35668564,-7.913746834,-7.696354866,-8.987220764,-9.695652962,-9.576223373,-9.69489193,-5.166833878,-8.365334511,-9.531352043,-9.211874962,-7.754460335,-8.810727119,-11.31674862,0.991822422,0.004009562,0.000125339,1.40E-05,0.978778899,0.987777889,0.000586487,4.05E-05,0.000349212,0.000574768,0.000973271,0.000209006,0.001238823,1.26E-05,3.18E-05,0.000365548,0.000454274,0.000124981,6.15E-05,6.94E-05,6.16E-05,0.00567026,0.000232745,7.25E-05,9.98E-05,0.000428642,0.000149103,1.22E-05,1,0,0,0,1,1,0,0,0,0,0,0,0,0,0,0,0,0,0,0,0,0,0,0,0,0,0,0
ast_early_fusion,645862_2,"Bell,Car,Crickets","Bell,Car,Crickets",Bell,0.996613443,5.684563637,-4.180713654,-8.917722702,-11.21979427,3.828999996,2.224899054,-7.355838299,-9.871861458,-8.527050972,-7.350342274,-7.713432312,-8.609358788,-6.689502716,-11.06196117,-10.2436552,-7.545095444,-7.680104733,-9.007240295,-9.217447281,-9.319477081,-8.260665894,-6.425029278,-7.693322182,-9.103422165,-8.944160461,-7.784301758,-8.495757103,-10.67486477,0.996613443,0.015057402,0.000133975,1.34E-05,0.978730857,0.902463257,0.000638444,5.16E-05,0.000197999,0.00064196,0.000446586,0.000182358,0.001242356,1.57E-05,3.56E-05,0.000528417,0.000461713,0.000122504,9.93E-05,8.97E-05,0.00025842,0.001617864,0.000455653,0.000111272,0.00013048,0.000416045,0.000204292,2.31E-05,1,0,0,0,1,1,0,0,0,0,0,0,0,0,0,0,0,0,0,0,0,0,0,0,0,0,0,0
ast_early_fusion,646456_0,Crickets,Crickets,Crickets,0.997919619,-7.413005829,-6.573851109,-7.976562023,-9.296872139,-6.300526142,6.173098087,-6.091821671,-8.174320221,-7.969909191,-7.572270393,-6.560913086,-8.092963219,-7.452719212,-8.411525726,-9.028559685,-8.573004723,-8.050951958,-7.164754391,-7.097510815,-7.72446537,-8.296759605,-6.119922638,-7.456989288,-7.758311749,-9.378860474,-6.995480061,-6.322016716,-9.13796711,0.000602991,0.001394462,0.0003433,9.17E-05,0.001831977,0.997919619,0.002256184,0.000281719,0.000345591,0.000514258,0.001412595,0.000305589,0.000579527,0.000222241,0.000119921,0.000189108,0.000318697,0.000772771,0.000826478,0.000441688,0.000249261,0.002193803,0.000577059,0.000426995,8.45E-05,0.000915175,0.001793096,0.000107494,0,0,0,0,0,1,0,0,0,0,0,0,0,0,0,0,0,0,0,0,0,0,0,0,0,0,0,0
ast_early_fusion,646786_1,"Plane,Speech","Plane,Speech",Speech,0.999363601,-6.919725895,-4.73068428,-7.778525352,-7.97222805,-3.720491648,-7.386791706,-9.539289474,-11.91776752,-9.537899971,-10.05840778,-1.13094902,-7.795529366,-10.19385529,-4.022635937,-12.24138355,-9.278170586,-4.215172768,2.455595493,-4.038330555,-6.589418411,-9.197244644,7.359026432,-8.180786133,-10.70219231,-8.545244217,-2.584960699,-6.311653614,-10.93473911,0.000987125,0.008743313,0.000418454,0.000344791,0.023649223,0.000618997,7.20E-05,6.67E-06,7.21E-05,4.28E-05,0.243986011,0.000411402,3.74E-05,0.01759073,4.83E-06,9.34E-05,0.014554799,0.920969665,0.017321551,0.001372952,0.000101308,0.999363601,0.000279903,2.25E-05,0.00019443,0.070112616,0.001811741,1.78E-05,0,0,0,0,0,0,0,0,0,0,0,0,0,0,0,0,0,1,0,0,0,1,0,0,0,0,0,0
ast_early_fusion,647825_4,Bird sounds,"Bird sounds,Car",Bird sounds,0.997971952,-5.179699421,6.198670387,-7.769892693,-8.734381676,3.773837805,-3.122717381,-6.455861092,-8.592321396,-7.210444927,-5.144883633,-5.535245419,-7.962491989,-5.540419579,-7.7827034,-7.907258987,-7.68474102,-7.770841122,-7.564317226,-7.044692993,-6.881089687,-6.257664204,-5.351386547,-7.803855896,-8.135336876,-5.944223881,-8.308691025,-5.471458912,-8.657863617,0.005598182,0.997971952,0.00042208,0.00016093,0.977551758,0.042179853,0.001568821,0.00018549,0.000738283,0.00579537,0.003929737,0.000348163,0.003909535,0.00041671,0.000367927,0.000459579,0.00042168,0.000518363,0.000871265,0.001025971,0.001912052,0.004719196,0.000407992,0.000292914,0.002614084,0.000246306,0.004187484,0.000173725,0,1,0,0,1,0,0,0,0,0,0,0,0,0,0,0,0,0,0,0,0,0,0,0,0,0,0,0
ast_early_fusion,650625_3,"Car,Crickets","Car,Crickets",Car,0.995619237,-7.231026173,-6.342009068,-9.085987091,-8.271393776,5.426159859,5.188848495,-5.911180973,-8.915843964,-7.906862736,-7.004884243,-7.055193901,-8.147576332,-6.926981449,-8.655435562,-9.27485466,-8.591308594,-8.263554573,-7.448676109,-8.258890152,-8.50567627,-7.520392418,-5.894855499,-8.2620821,-8.067543983,-8.086069107,-6.59412241,-7.478699207,-9.779694557,0.000723254,0.001757666,0.000113229,0.000255663,0.995619237,0.994452536,0.002701667,0.000134227,0.000368072,0.000906616,0.000862171,0.000289352,0.000979996,0.000174147,9.37E-05,0.000185678,0.000257675,0.000581873,0.000258879,0.000202276,0.000541626,0.002746013,0.000258054,0.000313454,0.000307703,0.001366517,0.000564673,5.66E-05,0,0,0,0,1,1,0,0,0,0,0,0,0,0,0,0,0,0,0,0,0,0,0,0,0,0,0,0
ast_early_fusion,650625_4,"Car,Crickets","Car,Crickets",Crickets,0.995845258,-6.698488235,-6.368474007,-8.141813278,-8.516206741,1.616407514,5.479328632,-6.406421185,-8.079259872,-7.937322617,-5.989868164,-6.206181049,-7.514556408,-6.812602043,-7.841533661,-8.514941216,-8.302132607,-7.591151714,-7.102180958,-7.34576273,-7.971009731,-7.605116367,-5.810900688,-7.854260445,-7.546973705,-7.726903915,-6.739867687,-6.649610519,-8.798975945,0.001231256,0.001711839,0.000291024,0.000200157,0.834299088,0.995845258,0.001648201,0.000309804,0.000357034,0.00249774,0.002012865,0.000544795,0.001098619,0.000392911,0.000200411,0.000247926,0.000504644,0.00082263,0.000644905,0.000345211,0.00049765,0.00298579,0.000387944,0.000527426,0.000440613,0.001181406,0.001292853,0.000150865,0,0,0,0,1,1,0,0,0,0,0,0,0,0,0,0,0,0,0,0,0,0,0,0,0,0,0,0
ast_early_fusion,650626_2,"Bird sounds,Plane","Bird sounds,Plane",Bird sounds,0.997841716,-7.134061337,6.136316299,-9.942167282,-9.40362072,-6.804950237,-7.637466908,-8.121688843,-9.545063972,-6.520113945,-5.867153168,-2.147181511,-4.17737627,-0.797950208,-8.258276939,-7.864655018,-6.56814003,-8.217974663,0.272682548,-6.671020508,-9.169633865,-7.938349724,-4.710464954,-7.400469303,-9.236901283,-7.905294418,-7.159154415,-4.300942898,-7.424607754,0.000796839,0.997841716,4.81E-05,8.24E-05,0.001107048,0.000481816,0.000296938,7.15E-05,0.001471333,0.00282293,0.104594901,0.015106977,0.310464144,0.000259038,0.000383934,0.001402437,0.000269688,0.567751348,0.001265501,0.000104144,0.000356668,0.008920304,0.000610593,9.74E-05,0.00036865,0.000777107,0.01337447,0.000596039,0,1,0,0,0,0,0,0,0,0,0,0,0,0,0,0,0,1,0,0,0,0,0,0,0,0,0,0
ast_early_fusion,658067_0,"Bird sounds,Car,Vehicle horn","Bird sounds,Car",Bird sounds,0.996400714,-5.642728329,5.623425961,-6.774185181,-7.516620159,2.975206852,-6.838871956,-6.846604347,-7.829757214,-6.224944115,-4.72114706,-5.558973312,-7.410707474,-6.846243858,-7.68185997,-7.835868835,-7.487342358,-7.525483131,-7.647741318,-6.89353466,-7.415466309,-7.00668335,-5.493782043,-6.457725525,-8.000156403,-7.245233059,-6.750686169,-6.672274113,-7.930176258,0.003530678,0.996400714,0.001141597,0.000543672,0.951441467,0.001070165,0.001061931,0.000397564,0.001975524,0.008826359,0.003837943,0.000604377,0.001062313,0.000460904,0.000395143,0.000559816,0.000538878,0.000476893,0.001013294,0.00060151,0.000904988,0.004095421,0.001565903,0.000335298,0.000713059,0.001168709,0.001263918,0.000359594,0,1,0,0,1,0,0,0,0,0,0,0,0,0,0,0,0,0,0,0,0,0,0,0,0,0,0,0
ast_early_fusion,661882,Tram,Bus,Bus,0.779843807,-6.89651823,-6.084211349,-6.111219883,1.264756441,-7.603437424,-6.759693146,-7.053641319,-7.266851902,-6.869069576,-6.0860672,-5.934938908,-7.36839962,-7.376734734,-7.446202755,-6.982192039,-6.472477913,-7.407420635,-7.276031017,-6.580068111,-6.881589413,-7.233886242,-5.751132965,-7.002343655,-0.917159259,-8.208426476,-6.021368027,-5.416177273,-7.804341793,0.001010279,0.002273381,0.002212936,0.779843807,0.000498486,0.001158242,0.00086351,0.00069782,0.001038364,0.002269175,0.002638405,0.000630479,0.000625249,0.000583313,0.000927405,0.001543007,0.000606366,0.000691448,0.001385832,0.001025459,0.00072119,0.003169102,0.00090892,0.285537064,0.000272275,0.002420475,0.00442444,0.000407793,0,0,0,1,0,0,0,0,0,0,0,0,0,0,0,0,0,0,0,0,0,0,0,0,0,0,0,0
ast_early_fusion,661887,Tram,Tram,Tram,0.979891121,-7.043475151,-6.012619495,-7.036548138,-4.181978703,-6.275608063,-6.901936531,-7.030895233,-6.496426582,-6.942941666,-6.825304508,-6.773666382,-7.552234173,-7.063152313,-7.909967899,-7.278420925,-6.510782242,-7.894500256,-6.642371655,-6.740204811,-6.390292645,-7.504353523,-5.527196884,-6.935429096,3.886283398,-8.084300995,-6.120087624,-6.20618391,-7.922837257,0.000872326,0.002441692,0.000878384,0.015038653,0.001878113,0.001004825,0.000883359,0.001506548,0.000964494,0.001084767,0.001142188,0.000524661,0.000855343,0.000366932,0.000689799,0.001485107,0.000372649,0.001302233,0.001181009,0.001674955,0.000550379,0.003961367,0.00097176,0.979891121,0.000308247,0.002193441,0.00201286,0.000362241,0,0,0,0,0,0,0,0,0,0,0,0,0,0,0,0,0,0,0,0,0,0,0,1,0,0,0,0
ast_early_fusion,661889,"Footsteps,Tram",Tram,Tram,0.993944228,-7.594091892,-6.629250526,-7.615791798,-7.27148819,-7.154545307,-7.179912567,-7.663755894,-7.314692974,-7.12063694,-7.233432293,-6.818760395,-8.321102142,-7.794013023,-8.527276993,-7.608632565,-7.484169483,-8.028441429,-7.383533478,-7.43012476,-7.87676096,-7.856755733,-5.908420086,-7.525999069,5.100676537,-8.86664772,-6.765978336,-6.924551487,-8.261814117,0.000503164,0.00131941,0.000492368,0.000694594,0.000780695,0.000761155,0.00046932,0.000665243,0.000807599,0.000721517,0.001091882,0.000243268,0.000412026,0.000197954,0.000495904,0.000561594,0.00032595,0.000621015,0.000592762,0.000379316,0.000386978,0.002709116,0.0005386,0.993944228,0.000140995,0.001150993,0.000982378,0.000258124,0,0,0,0,0,0,0,0,0,0,0,0,0,0,0,0,0,0,0,0,0,0,0,1,0,0,0,0
ast_early_fusion,661892,Bus,Bus,Bus,0.991871238,-7.492171764,-6.675116062,-7.581577301,4.804175377,-5.291369438,-7.346173286,-7.476554394,-8.396287918,-7.386580944,-6.451847076,-6.579400539,-7.774852276,-7.8022089,-8.242202759,-7.995137691,-7.197769165,-7.935275078,-7.238382816,-8.04948616,-7.71091032,-7.481235027,-5.546143532,-7.386148453,-7.877741814,-8.342187881,-7.258718491,-6.571923256,-8.566792488,0.00055712,0.001260336,0.000509497,0.991871238,0.005009638,0.00064464,0.000565885,0.000225653,0.000619127,0.00157512,0.001386756,0.000419993,0.000408664,0.000263234,0.000336984,0.000747694,0.000357765,0.000717957,0.000319164,0.000447713,0.000563244,0.003887308,0.000619395,0.000378945,0.000238194,0.000703514,0.001397149,0.000190286,0,0,0,1,0,0,0,0,0,0,0,0,0,0,0,0,0,0,0,0,0,0,0,0,0,0,0,0
ast_early_fusion,662103_2,"Bird sounds,Dog","Bird sounds,Dog",Bird sounds,0.995557606,-7.284387112,5.412113667,-7.481113911,-9.829180717,-6.899791718,-7.128491879,5.019022465,-8.408993721,-7.157999516,-6.986029625,-7.379041195,-8.058814049,-2.637168884,-7.860019684,-8.867098808,-7.692891598,-8.062315941,-7.658530712,-7.351012707,-7.905409336,-7.611596584,-5.358877182,-7.154170513,-8.206853867,-7.807971478,-7.936561584,-7.12873745,-9.322340965,0.000685698,0.995557606,0.000563312,5.39E-05,0.00100698,0.000801285,0.993432403,0.000222804,0.000778005,0.000923856,0.00062381,0.000316202,0.066784263,0.000385717,0.000140931,0.00045585,0.000315097,0.000471778,0.00064153,0.000368608,0.000494437,0.004684143,0.000780987,0.000272703,0.000406317,0.000357306,0.000801089,8.94E-05,0,1,0,0,0,0,1,0,0,0,0,0,0,0,0,0,0,0,0,0,0,0,0,0,0,0,0,0
ast_early_fusion,663542,Tram,Tram,Tram,0.994546652,-7.811505795,-6.420511246,-7.67600441,-8.177529335,-6.769046783,-6.944923401,-7.375040531,-7.282916546,-7.355458736,-7.300949097,-6.599740505,-8.286700249,-7.886703968,-8.665996552,-7.776484013,-7.67027998,-7.974427223,-7.198768139,-7.235171318,-8.016168594,-7.98347044,-6.093755245,-6.936013222,5.206046104,-8.9823246,-6.869235992,-6.822902679,-8.164517403,0.000404884,0.001625178,0.000463609,0.000280816,0.001147471,0.000962587,0.000626309,0.000686707,0.000638686,0.000674443,0.001358872,0.000251781,0.000375565,0.000172318,0.000419309,0.00046627,0.000344034,0.000746948,0.000720265,0.000329973,0.000340937,0.002251836,0.000971193,0.994546652,0.000125595,0.001038192,0.001087373,0.000284493,0,0,0,0,0,0,0,0,0,0,0,0,0,0,0,0,0,0,0,0,0,0,0,1,0,0,0,0
ast_early_fusion,663997_0,"Bird sounds,Flowing water","Bird sounds,Flowing water,Insects",Bird sounds,0.995487869,-5.717535496,5.396475315,-4.230340481,-8.28054142,-6.951286316,-7.910609245,-7.654203892,-8.952904701,-7.707422733,1.102453828,-4.603682518,-6.709849834,2.69389987,-8.566516876,-7.682983875,-8.008640289,-8.434270859,-7.76180172,-7.672852039,-7.627238274,-6.796451569,-4.302517414,-7.865681171,-7.774038315,-7.031951427,-7.274540901,-4.121387482,-8.984061241,0.003277029,0.995487869,0.014338844,0.000253336,0.000956487,0.000366697,0.000473822,0.000129344,0.000449276,0.750719547,0.009915585,0.001217363,0.936665773,0.000190338,0.000460386,0.000332466,0.000217244,0.000425508,0.000465072,0.000486767,0.001116486,0.013353709,0.000383541,0.000420335,0.000882427,0.000692478,0.015963038,0.000125377,0,1,0,0,0,0,0,0,0,1,0,0,1,0,0,0,0,0,0,0,0,0,0,0,0,0,0,0
ast_early_fusion,664120,Tram,Tram,Tram,0.996464849,-7.974346161,-6.604134083,-8.551469803,-8.670492172,-6.941283226,-7.303463936,-7.622260571,-7.288756371,-7.78486681,-7.565675259,-7.219717979,-8.751933098,-8.644794464,-9.021461487,-8.294636726,-7.718726635,-8.230164528,-7.266308308,-7.268208027,-7.505458832,-8.343402863,-5.743579388,-8.0094347,5.641459465,-9.350437164,-7.481441021,-7.285431385,-8.715863228,0.000344061,0.001352923,0.000193223,0.000171545,0.000966094,0.00067275,0.000489195,0.000682711,0.00041581,0.000517659,0.000731473,0.00015813,0.00017601,0.000120775,0.000249791,0.000444229,0.000266421,0.000698199,0.000696875,0.000549771,0.000237905,0.003193054,0.000332202,0.996464849,8.69E-05,0.000563128,0.000684983,0.000163937,0,0,0,0,0,0,0,0,0,0,0,0,0,0,0,0,0,0,0,0,0,0,0,1,0,0,0,0
ast_early_fusion,665077_1,Flowing water,Flowing water,Flowing water,0.998283029,-7.133520126,-6.710669518,-3.595952511,-9.639625549,-5.832869053,-7.322389126,-8.472376823,-10.49769878,-6.734108448,6.365474701,-6.686253071,-8.141853333,-8.028298378,-8.537014008,-8.506373405,-7.865432739,-9.409141541,-7.624854565,-7.529438496,-8.972623825,-8.556669235,-6.678661346,-9.899970055,-8.533900261,-6.413385391,-7.65967226,-3.16613698,-9.737540245,0.00079727,0.001216367,0.026701983,6.51E-05,0.002921102,0.000660146,0.000209123,2.76E-05,0.001188222,0.998283029,0.001246395,0.000291012,0.000325996,0.000196036,0.000202135,0.000383636,8.20E-05,0.000487928,0.000536751,0.000126819,0.000192222,0.001255881,5.02E-05,0.000196648,0.001636781,0.00047124,0.040460121,5.90E-05,0,0,0,0,0,0,0,0,0,1,0,0,0,0,0,0,0,0,0,0,0,0,0,0,0,0,0,0
ast_early_fusion,665937_0,"Boat,Waves","Boat,Waves",Boat,0.99815768,-8.137674332,-5.845525742,6.294903755,-9.062673569,-8.528575897,-8.929109573,-9.386077881,-9.48607254,-7.841865063,-2.721231937,-8.554993629,-8.383808136,-10.09101391,-10.09051895,-9.675024033,-8.066231728,-9.957789421,-7.981637001,-7.262480736,-7.631245136,-9.662713051,-7.088013649,-10.16224575,-9.819259644,-9.311271667,-7.800621986,4.051642895,-10.75966167,0.000292231,0.002884469,0.99815768,0.000115899,0.000197697,0.000132458,8.39E-05,7.59E-05,0.000392781,0.061732069,0.000192544,0.000228486,4.14E-05,4.15E-05,6.28E-05,0.000313866,4.74E-05,0.000341563,0.000700874,0.000484821,6.36E-05,0.000834358,3.86E-05,5.44E-05,9.04E-05,0.000409313,0.98290354,2.12E-05,0,0,1,0,0,0,0,0,0,0,0,0,0,0,0,0,0,0,0,0,0,0,0,0,0,0,1,0
ast_early_fusion,665937_4,"Boat,Waves","Speech,Waves",Speech,0.960191131,-7.489357471,-0.679614902,-4.570575237,-8.772812843,-8.741199493,-7.510251522,-6.737501144,-8.728583336,-8.505231857,-4.971788883,-5.72817421,-3.265836239,-5.127923012,-7.365452766,-6.419233799,-6.401580811,-10.19411945,-7.133790016,-3.985460758,-8.945736885,-7.563357353,3.183043957,-8.104210854,-7.886893749,-9.829705238,-7.50377512,0.811085641,-7.706851959,0.00055869,0.336347252,0.010245937,0.000154863,0.000159836,0.000547144,0.001184202,0.000161865,0.000202366,0.006883034,0.003242463,0.036761984,0.005893917,0.000632339,0.001627252,0.001656185,3.74E-05,0.000797055,0.018244822,0.000130274,0.00051886,0.960191131,0.000302172,0.000375494,5.38E-05,0.000550697,0.692340791,0.000449533,0,0,0,0,0,0,0,0,0,0,0,0,0,0,0,0,0,0,0,0,0,1,0,0,0,0,1,0
ast_early_fusion,666214,Laughter,,Musical instrument,0.058125056,-6.347891331,-5.452375889,-5.768289089,-7.272589207,-6.65837431,-5.87898016,-6.806573391,-6.179121971,-5.90831852,-4.514387131,-3.736934185,-7.349251747,-6.278180599,-2.990679502,-4.921164989,-5.368039608,-2.785275698,-7.912161827,-5.536770821,-3.762283802,-6.11988163,-4.622039318,-3.084129333,-6.899365902,-7.129742622,-2.82889843,-4.295148849,-8.369439125,0.001747376,0.004267817,0.003115364,0.00069383,0.001281586,0.002789832,0.001105255,0.002067961,0.00270939,0.010831703,0.023272527,0.00064266,0.001873296,0.04784872,0.007237864,0.004641619,0.058125056,0.000366128,0.00392377,0.022703215,0.002193892,0.009736983,0.043766674,0.001007409,0.000800285,0.055782393,0.013451141,0.000231792,0,0,0,0,0,0,0,0,0,0,0,0,0,0,0,0,0,0,0,0,0,0,0,0,0,0,0,0
ast_early_fusion,666726_0,"Car,Speech,Vehicle horn","Car,Speech",Speech,0.997560859,-7.927942753,-4.518473625,-7.406497478,-6.782933235,4.191189766,-5.951712132,-6.135373116,-8.915201187,-8.493369102,-8.187232971,-8.116123199,-9.455189705,-7.179105282,-7.898741245,-10.35938644,-6.008586884,-7.333783627,-9.420988083,-5.901000023,-8.047787666,-7.765295506,6.01364851,-7.898899078,-7.758719921,-6.475523472,-1.699825525,-8.364398003,-10.32788372,0.000360397,0.010788007,0.000606925,0.001131665,0.98509717,0.002594633,0.00216024,0.000134313,0.00020478,0.000278105,0.000298595,7.83E-05,0.000761769,0.000371073,3.17E-05,0.002451534,0.000652672,8.10E-05,0.002729238,0.000319706,0.000424024,0.997560859,0.000371014,0.000426821,0.001538322,0.154488057,0.000232963,3.27E-05,0,0,0,0,1,0,0,0,0,0,0,0,0,0,0,0,0,0,0,0,0,1,0,0,0,0,0,0
ast_early_fusion,666726_1,"Car,Speech,Vehicle horn","Bird sounds,Car,Speech",Bird sounds,0.992649496,-6.3614254,4.905603886,-5.977424145,-7.621621132,3.288359642,-6.80870533,-9.267759323,-9.420538902,-7.414562702,-7.573892117,-6.843211651,-8.876926422,-7.687754631,-7.053749561,-9.766801834,-6.848344326,-7.14005661,-7.86288166,-5.262241364,-6.805316925,-6.221293926,4.60817194,-7.93949604,-8.439281464,-6.957448483,-3.932373524,-5.935409069,-9.35262394,0.001723926,0.992649496,0.002528937,0.000489508,0.964027286,0.001102904,9.44E-05,8.10E-05,0.000602053,0.000513425,0.001065536,0.000139553,0.000458196,0.000863417,5.73E-05,0.001060086,0.000792079,0.000384616,0.005156941,0.001106643,0.001982734,0.990128338,0.000356259,0.000216159,0.000950617,0.019220438,0.002637168,8.67E-05,0,1,0,0,1,0,0,0,0,0,0,0,0,0,0,0,0,0,0,0,0,1,0,0,0,0,0,0
ast_early_fusion,668672_2,"Bird sounds,Crickets",Bird sounds,Bird sounds,0.996614993,-5.432146549,5.685003281,-6.857610703,-8.213227272,-5.714186192,-1.213684082,-6.843472958,-7.308783054,-7.311282635,-5.521560669,-6.971124649,-6.750279903,-1.240686893,-7.490353107,-7.395429134,-6.932193756,-7.595043182,-6.933775425,-6.832924366,-6.964910984,-7.010531902,-5.641530991,-7.332794189,-7.350365162,-7.158493519,-6.687367439,-6.267548084,-7.26276207,0.004354652,0.996614993,0.001050319,0.000270971,0.003287987,0.229049847,0.001065257,0.000669183,0.000667514,0.003983668,0.000937717,0.001169183,0.224316448,0.000558134,0.000613676,0.000974906,0.000502685,0.000973367,0.001076542,0.000943556,0.000901515,0.003534893,0.000653317,0.000641945,0.000777621,0.001245008,0.001893282,0.000700677,0,1,0,0,0,0,0,0,0,0,0,0,0,0,0,0,0,0,0,0,0,0,0,0,0,0,0,0
ast_early_fusion,668672_4,"Bird sounds,Crickets",Bird sounds,Bird sounds,0.996992111,-6.092073441,5.803511143,-6.561657429,-8.211953163,-5.783670425,-0.524884701,-6.129484177,-7.342802525,-7.373715878,-5.434954643,-6.607580185,-6.77597332,-1.896464825,-7.568184853,-7.364017963,-6.211592674,-7.551952362,-6.361632824,-6.541697979,-6.85457468,-7.111105442,-5.248198032,-7.153678417,-7.373912334,-7.15480423,-6.429777145,-6.248192787,-7.010810852,0.002255617,0.996992111,0.001411546,0.000271317,0.003067958,0.371710747,0.002172972,0.000646815,0.000627138,0.004342493,0.001348275,0.00113956,0.130509108,0.000516363,0.000633246,0.002002024,0.000524808,0.001723569,0.001439961,0.001053509,0.000815327,0.005229491,0.000781371,0.000627015,0.000780493,0.001610213,0.001930213,0.000901264,0,1,0,0,0,0,0,0,0,0,0,0,0,0,0,0,0,0,0,0,0,0,0,0,0,0,0,0
ast_early_fusion,669487_3,Falling water/Rain,"Falling water/Rain,Flowing water",Falling water/Rain,0.994410336,-7.164672852,-6.43295908,-5.939494133,-7.244112492,-6.497591496,-7.061421871,-7.366836071,-8.346186638,5.181231022,0.935487926,-6.941048622,-7.335734844,-8.290712357,-7.533687115,-7.557210445,-7.601747036,-7.874174595,-6.976949692,-6.80373764,-7.789569378,-7.222447872,-5.881198406,-7.291993618,-7.380206108,-6.799561501,-7.466988087,-6.630663395,-8.415418625,0.000772834,0.001605106,0.002626445,0.000713858,0.001504797,0.000856823,0.000631465,0.000237243,0.994410336,0.718187392,0.00096632,0.0006514,0.000250773,0.000534477,0.000522058,0.000499328,0.000380298,0.000932275,0.00110839,0.00041386,0.000729481,0.002783668,0.000680506,0.000623084,0.001113023,0.000571321,0.001317549,0.000221378,0,0,0,0,0,0,0,0,1,1,0,0,0,0,0,0,0,0,0,0,0,0,0,0,0,0,0,0
ast_early_fusion,669487_4,Falling water/Rain,Falling water/Rain,Falling water/Rain,0.994802237,-7.1735425,-6.633721352,-6.277507782,-7.185549736,-6.65879631,-7.033951283,-7.503568649,-8.054965019,5.254314899,-2.03775835,-6.157628059,-6.981709003,-7.785982609,-7.428909779,-7.447807312,-7.569924355,-7.705851555,-6.785802841,-6.801995754,-7.680366993,-7.077324867,-5.733263493,-6.968794823,-7.647039413,-7.006703854,-7.231769085,-6.395617008,-8.382993698,0.000766015,0.001313532,0.001874555,0.000756879,0.001281046,0.000880666,0.000550811,0.000317421,0.994802237,0.115295179,0.002112796,0.000927853,0.000415346,0.000593482,0.000582379,0.000515466,0.000449983,0.001128426,0.00111032,0.000461592,0.000843316,0.003226057,0.000939902,0.000477228,0.00090497,0.000722718,0.001666076,0.000228672,0,0,0,0,0,0,0,0,1,0,0,0,0,0,0,0,0,0,0,0,0,0,0,0,0,0,0,0
ast_early_fusion,670047_2,Waves,Waves,Waves,0.998331964,-8.164830208,-6.081885815,-5.451929092,-8.373732567,-7.439604759,-7.833452225,-8.236945152,-8.874066353,-6.027365208,-5.831746578,-7.61755085,-7.620567799,-8.579572678,-7.837322712,-8.727416992,-8.593377113,-8.303987503,-8.063997269,-7.168854237,-7.395280838,-8.839339256,-6.558541298,-8.112956047,-9.610520363,-8.770000458,-7.673676491,6.394414902,-8.209340096,0.000284404,0.002278661,0.004269716,0.000230799,0.000587172,0.000396098,0.000264622,0.000139953,0.002406037,0.002924373,0.000491503,0.000490023,0.00018787,0.000394569,0.000162054,0.000185295,0.000247467,0.000314568,0.000769612,0.000613767,0.000144897,0.001415945,0.000299542,6.70E-05,0.000155299,0.000464689,0.998331964,0.000272026,0,0,0,0,0,0,0,0,0,0,0,0,0,0,0,0,0,0,0,0,0,0,0,0,0,0,1,0
ast_early_fusion,670051_3,Bird sounds,Bird sounds,Bird sounds,0.996392787,-6.798140049,5.621200562,-6.316744328,-8.111086845,-6.756937981,-3.553329706,-5.846639633,-7.25463438,-7.543987751,-5.969990253,-6.392824173,-7.296645641,-6.880304813,-6.808947086,-7.324140549,-7.188823223,-8.055278778,-7.682853699,-6.866457939,-7.185285091,-7.504890919,-5.913968086,-7.936160564,-6.99157238,-8.132322311,-6.73741436,-6.627581596,-7.887023449,0.001114605,0.996392787,0.001802558,0.000300102,0.001161434,0.027832335,0.002881267,0.000706391,0.000529003,0.002547759,0.001670727,0.000677349,0.001026775,0.001102637,0.000658992,0.000754407,0.000317321,0.000460446,0.001041077,0.000757079,0.000550083,0.002694168,0.000357449,0.000918754,0.000293799,0.001184305,0.001321611,0.000375445,0,1,0,0,0,0,0,0,0,0,0,0,0,0,0,0,0,0,0,0,0,0,0,0,0,0,0,0
ast_early_fusion,670311_0,Bird sounds,"Bird sounds,Flowing water",Bird sounds,0.992315173,-5.410194397,4.860798836,-2.556500435,-8.738538742,-7.251233101,-3.545481682,-4.251808167,-8.38617897,-8.209723473,2.277055502,-7.279810429,-9.010798454,-6.149579048,-7.138164997,-7.798037529,-7.955120087,-8.00053978,-6.206625938,-6.941903591,-7.828095436,-6.750971317,-5.762210846,-7.431985378,-8.804078102,-7.81701088,-6.512823105,-3.688294172,-8.624388695,0.004450872,0.992315173,0.071990997,0.000160262,0.000708796,0.028045475,0.014038577,0.000227945,0.000271922,0.906958878,0.000688841,0.000122069,0.002129834,0.000793578,0.000410371,0.000350738,0.000335169,0.002011972,0.000965495,0.000398225,0.001168376,0.003134298,0.000591661,0.000150097,0.000402662,0.001482084,0.024404174,0.000179638,0,1,0,0,0,0,0,0,0,1,0,0,0,0,0,0,0,0,0,0,0,0,0,0,0,0,0,0
ast_early_fusion,671068_0,Musical instrument,Musical instrument,Musical instrument,0.996334195,-6.018152237,-6.242795467,-7.04900074,-8.721295357,-6.967751026,-7.451111794,-7.923221588,-7.735333443,-7.018074036,-6.598122597,-6.358064175,-8.538667679,-8.055579185,-5.931706429,-7.79175806,-7.623608112,5.605042934,-6.803799629,-7.113298416,-5.541118145,-7.306141376,-5.675448418,-6.874835968,-8.910017014,-9.029074669,-6.202525616,-6.998641491,-9.096282005,0.002428252,0.001940639,0.000867523,0.000163049,0.000940882,0.000580458,0.000362102,0.000436916,0.000894747,0.001361069,0.001729721,0.000195713,0.000317226,0.002646924,0.000412955,0.000488536,0.996334195,0.001108321,0.000813543,0.003906816,0.000670952,0.003417412,0.0010324,0.000135011,0.000119859,0.002020222,0.000912289,0.000112069,0,0,0,0,0,0,0,0,0,0,0,0,0,0,0,0,1,0,0,0,0,0,0,0,0,0,0,0
ast_early_fusion,671840_0,Waves,"Boat,Waves",Waves,0.997412741,-6.817079067,-5.733465672,1.032561421,-8.530170441,-9.177956581,-8.293274879,-9.401194572,-9.109483719,-6.91848135,-2.408552647,-6.891228199,-8.400237083,-8.198277473,-8.672146797,-7.795864105,-7.68088007,-8.756570816,-8.836968422,-5.120788097,-6.730042934,-7.599787712,-6.604452133,-9.805827141,-9.199325562,-8.847490311,-8.008176804,5.954568863,-9.64712429,0.001093717,0.003225407,0.737412214,0.000197382,0.000103281,0.000250131,8.26E-05,0.0001106,0.000988354,0.082522839,0.001015632,0.000224763,0.000275051,0.000171262,0.000411264,0.000461356,0.000157399,0.000145241,0.005935871,0.001193057,0.000500307,0.001352493,5.51E-05,0.000101097,0.000143721,0.00033262,0.997412741,6.46E-05,0,0,1,0,0,0,0,0,0,0,0,0,0,0,0,0,0,0,0,0,0,0,0,0,0,0,1,0
ast_early_fusion,671840_3,Waves,Waves,Waves,0.996365309,-7.389400959,-7.176417828,-4.701501846,-8.127303123,-7.156641483,-7.40094471,-7.868499756,-8.273893356,-6.588792801,-5.140497684,-6.69539547,-7.552000999,-8.26436615,-8.189558983,-8.148637772,-8.034197807,-8.25266552,-7.503218651,-6.430787563,-7.701020241,-8.114377022,-6.801781178,-8.708686829,-8.647868156,-8.954476357,-7.747113228,5.61358881,-8.142155647,0.000617385,0.000763817,0.008999894,0.000295276,0.000779061,0.000610303,0.000382462,0.000255025,0.00137381,0.005820696,0.001235065,0.000524783,0.000257466,0.000277459,0.000289045,0.000324079,0.000260495,0.000551003,0.00160859,0.000452161,0.000299117,0.001110558,0.000165118,0.00017547,0.000129141,0.000431801,0.996365309,0.000290925,0,0,0,0,0,0,0,0,0,0,0,0,0,0,0,0,0,0,0,0,0,0,0,0,0,0,1,0
ast_early_fusion,671840_4,Waves,Waves,Waves,0.998081684,-7.851291656,-6.763041973,-4.876437187,-8.392726898,-7.004954815,-7.704490662,-8.183587074,-8.449554443,-7.141880512,-6.4799757,-7.003911972,-7.815229893,-8.24601841,-8.283889771,-8.576822281,-8.46967411,-8.882658958,-7.425483227,-6.30779314,-8.232262611,-8.167812347,-6.79726553,-9.061500549,-8.660486221,-9.175479889,-7.751925468,6.254410267,-8.196195602,0.000389097,0.001154374,0.007566442,0.000226457,0.000906552,0.000450595,0.000279121,0.00021395,0.000790637,0.001531499,0.000907497,0.000403379,0.000262232,0.000252489,0.000188387,0.000209689,0.000138755,0.000595518,0.001818736,0.000265863,0.000283557,0.001115579,0.000116035,0.00017327,0.000103537,0.000429729,0.998081684,0.000275624,0,0,0,0,0,0,0,0,0,0,0,0,0,0,0,0,0,0,0,0,0,0,0,0,0,0,1,0
ast_early_fusion,672711_0,"Bird sounds,Train","Bird sounds,Car",Bird sounds,0.997394323,-5.929402351,5.947440147,-8.176326752,-8.245606422,5.209452629,-6.282330513,-6.455979824,-8.898784637,-7.102902412,-6.827665806,-6.127922058,-8.097396851,-7.037312031,-8.089962006,-9.355696678,-7.330979824,-7.781246662,-5.330900192,-7.390937805,-6.96214056,-7.352289677,-5.88047123,-6.801458836,-8.212565422,-7.009969711,-7.217308521,-6.221431255,-8.963411331,0.002653014,0.997394323,0.000281154,0.00026234,0.99456501,0.001865553,0.001568635,0.000136536,0.000822037,0.001082212,0.002176362,0.000304238,0.000877714,0.000306507,8.65E-05,0.000654503,0.000417317,0.004816401,0.000616437,0.000946171,0.000640712,0.002785687,0.001110916,0.00027115,0.000902022,0.000733237,0.001982462,0.000127992,0,1,0,0,1,0,0,0,0,0,0,0,0,0,0,0,0,0,0,0,0,0,0,0,0,0,0,0
ast_early_fusion,672711_5,Bird sounds,"Bird sounds,Car",Bird sounds,0.994855046,-5.156927586,5.264575958,-6.73911953,-8.331544876,3.206805468,-6.196990967,-6.006708145,-7.443141937,-6.805604935,-6.65694809,-6.177545071,-7.004587173,-5.828877449,-7.516502857,-7.128684998,-7.192374229,-8.021123886,-6.367620468,-6.723453522,-5.642753601,-5.419702053,-6.017795086,-4.41210556,-7.012168407,-5.254102707,-7.261663437,-6.983911037,-7.393340111,0.005726387,0.994855046,0.001182289,0.000240742,0.961089551,0.002031412,0.002456133,0.0005851,0.001106325,0.001283413,0.002071218,0.000906885,0.002932751,0.000543736,0.000801131,0.000751735,0.000328343,0.001713298,0.001200935,0.003530589,0.004408941,0.002429118,0.011984248,0.000900042,0.005198864,0.000701447,0.000925814,0.000614959,0,1,0,0,1,0,0,0,0,0,0,0,0,0,0,0,0,0,0,0,0,0,0,0,0,0,0,0
ast_early_fusion,677102_1,Speech,Speech,Speech,0.998167992,-7.076305866,-7.268967628,-7.971211433,-8.424552917,-7.057663918,-7.582691193,-7.559025764,-7.804685593,-7.626322746,-7.526669025,-7.099232197,-7.754297256,-7.943083763,-6.618430138,-8.403262138,-7.190318108,-8.303348541,-7.672848225,-6.9386096,-7.64025116,-7.757324696,6.300493717,-7.101386547,-8.590819359,-8.831851959,-7.855964184,-7.899996281,-8.648046494,0.000844175,0.000696346,0.000345141,0.000219365,0.000860046,0.00050893,0.000521111,0.000407653,0.000487213,0.000538239,0.000825057,0.000428712,0.000354984,0.001333745,0.000224085,0.000753281,0.000247625,0.000465074,0.000968678,0.000480477,0.000427416,0.998167992,0.000823283,0.000185769,0.000145986,0.000387284,0.000370608,0.000175439,0,0,0,0,0,0,0,0,0,0,0,0,0,0,0,0,0,0,0,0,0,1,0,0,0,0,0,0
ast_early_fusion,678017_2,"Crickets,Dog,Footsteps,Shout or scream,Speech","Crickets,Dog,Footsteps",Dog,0.99829644,-9.265281677,-3.651758671,-9.067280769,-10.17391205,-8.267271996,3.590410233,6.373287678,-7.972642422,-10.79742622,-8.122396469,0.248903722,-10.37152576,-8.054991722,-9.908644676,-8.253210068,-7.710173607,-8.546530724,-8.264076233,-2.081855536,-8.449601173,-9.510730743,-1.700946927,-9.364778519,-7.456867218,-11.26230049,-9.148486137,-7.309103966,-11.36234379,9.46E-05,0.025289318,0.000115367,3.82E-05,0.000256719,0.973153532,0.99829644,0.000344648,2.05E-05,0.000296728,0.561906695,3.13E-05,0.000317412,4.97E-05,0.000260353,0.000448043,0.00019418,0.00025754,0.110872924,0.00021394,7.40E-05,0.154341638,8.57E-05,0.000577129,1.28E-05,0.000106369,0.000668969,1.16E-05,0,0,0,0,0,1,1,0,0,0,1,0,0,0,0,0,0,0,0,0,0,0,0,0,0,0,0,0
ast_early_fusion,678595_1,"Speech,Train","Metro,Speech",Speech,0.996786714,-6.494650841,-7.61858511,-8.280901909,-9.787236214,-5.438808441,-7.60394907,-7.199235439,-7.14771843,-7.762447357,-7.657435417,-7.639925003,-10.07866192,-7.831196785,-7.800822735,1.85659337,-7.730256081,-9.073297501,-8.109544754,-7.358704567,-8.666455269,-2.842041969,5.737242222,-6.665507317,-7.337152958,-9.355579376,-9.503136635,-7.546996117,-9.948145866,0.001509222,0.000490995,0.000253244,5.62E-05,0.004325863,0.000498231,0.000746599,0.000786038,0.000425233,0.000472294,0.000480633,4.20E-05,0.000396992,0.00040923,0.864899397,0.000439139,0.000114675,0.000300565,0.000636618,0.000172239,0.055094138,0.996786714,0.001272489,0.000650478,8.65E-05,7.46E-05,0.000527415,4.78E-05,0,0,0,0,0,0,0,0,0,0,0,0,0,0,1,0,0,0,0,0,0,1,0,0,0,0,0,0
ast_early_fusion,678595_2,Train,Tram,Tram,0.713528156,-7.95911932,-4.9629426,-7.593146324,-9.937135696,-7.614822388,-1.821358919,-3.769474506,-6.212865353,-9.792876244,-7.695827007,-3.408679247,-9.012581825,-8.307452202,-9.917437553,-3.292082787,-8.175139427,-8.679167747,-7.485649109,-6.341143131,-8.58804512,-5.92908144,-6.004045486,-7.052591324,0.912581682,-11.26946735,-8.282600403,-8.26433754,-9.049160957,0.000349339,0.006943769,0.000503639,4.83E-05,0.000492845,0.139270887,0.022544216,0.001999483,5.58E-05,0.000454514,0.032025315,0.000121852,0.000246611,4.93E-05,0.035843801,0.000281488,0.000170064,0.000560764,0.001759186,0.000186285,0.002653863,0.002462665,0.000864416,0.713528156,1.28E-05,0.000252815,0.000257473,0.000117476,0,0,0,0,0,0,0,0,0,0,0,0,0,0,0,0,0,0,0,0,0,0,0,1,0,0,0,0
ast_early_fusion,680725_4,"Bus,Speech","Bus,Speech",Speech,0.996269345,-7.44938755,-6.881803989,-7.979101181,2.952616692,-6.744875431,-7.90953207,-8.057900429,-8.92743206,-8.868730545,-7.290653706,-7.34258461,-7.804395199,-7.785926819,-5.710896969,-9.34056282,-6.828891754,-6.458193779,-7.928236961,-6.957854748,-7.550051212,-8.435008049,5.587453365,-5.518720627,-7.019617558,-8.150074959,-7.624873638,-6.956295967,-9.421341896,0.00058146,0.001025239,0.00034243,0.950387001,0.001175512,0.000367092,0.000316491,0.000132681,0.000140701,0.000681418,0.000646956,0.000407772,0.000415369,0.003298784,8.78E-05,0.001080887,0.001565171,0.000360291,0.000950231,0.000525807,0.000217084,0.996269345,0.003994953,0.000893369,0.00028863,0.000487919,0.000951712,8.10E-05,0,0,0,1,0,0,0,0,0,0,0,0,0,0,0,0,0,0,0,0,0,1,0,0,0,0,0,0
ast_early_fusion,682483_0,Waves,Waves,Waves,0.9939726,-7.482582569,-6.990109921,-6.327611446,-8.242237091,-6.694670677,-6.682815552,-7.278768063,-8.052550316,-6.995042324,-5.94257021,-5.048704147,-7.24358511,-7.380353451,-8.065006256,-7.925915241,-7.724601269,-7.892819405,-7.017803669,-7.167741776,-7.461811543,-7.393292904,-6.40985918,-8.132943153,-8.003687859,-8.937767029,-7.686935425,5.105391979,-6.535206318,0.000562485,0.000920098,0.00178311,0.000263225,0.00123596,0.001250681,0.000689559,0.000318188,0.000915575,0.002618399,0.00637672,0.000714234,0.000622992,0.00031425,0.000361129,0.000441628,0.000373276,0.000894989,0.000770468,0.000574284,0.000614988,0.001642554,0.000293616,0.000334116,0.000131317,0.000458572,0.9939726,0.001449326,0,0,0,0,0,0,0,0,0,0,0,0,0,0,0,0,0,0,0,0,0,0,0,0,0,0,1,0
ast_early_fusion,682483_3,Waves,Footsteps,Footsteps,0.948183417,-7.202735901,-7.592630863,-6.742060184,-8.159067154,-7.33589077,-6.236001968,-5.2126894,-7.299612045,-7.043453693,-4.06560421,2.90683794,-6.867865562,-7.153155327,-6.90102911,-6.689774036,-6.774403572,-8.727766991,-6.382891655,-7.388282299,-6.53798914,-7.680322647,-6.259917259,-8.589359283,-6.199789524,-8.642068863,-8.797906876,-1.664073467,-5.205787659,0.000743992,0.000503899,0.001178822,0.000286047,0.000651299,0.001953842,0.005417496,0.000675345,0.000872344,0.01686337,0.948183417,0.001039614,0.00078178,0.001005736,0.001242019,0.001141348,0.000161998,0.001687376,0.000618075,0.001445304,0.000461613,0.001907757,0.000186041,0.002025746,0.00017649,0.000151026,0.159215927,0.00545481,0,0,0,0,0,0,0,0,0,0,1,0,0,0,0,0,0,0,0,0,0,0,0,0,0,0,0,0
ast_early_fusion,682495_1,"Car,Crickets","Car,Crickets",Crickets,0.995897055,-6.968867779,-5.692202091,-7.491280556,-8.478189468,2.709606647,5.491922855,-5.73693943,-8.315425873,-8.19213295,-5.737191677,-6.465295792,-7.817987442,-7.06478548,-8.165550232,-8.206824303,-8.064393997,-7.531700134,-7.170758247,-7.35106039,-7.809521198,-7.59875536,-5.984485149,-8.095979691,-7.518285751,-8.065197945,-5.848310947,-6.935854435,-8.633940697,0.000939833,0.003360826,0.000557617,0.000207912,0.937591136,0.995897055,0.003214258,0.000244653,0.000276746,0.003213449,0.001554112,0.000402269,0.000853948,0.000284199,0.000272711,0.000314443,0.00053554,0.000768149,0.0006415,0.000405688,0.000500824,0.002511188,0.000304669,0.000542768,0.00031419,0.00287647,0.000971348,0.00017793,0,0,0,0,1,1,0,0,0,0,0,0,0,0,0,0,0,0,0,0,0,0,0,0,0,0,0,0
ast_early_fusion,682495_3,Crickets,Crickets,Crickets,0.996569991,-7.03181076,-7.218165398,-7.720653534,-9.039050102,-2.199210405,5.671751976,-6.162917614,-7.533489704,-8.116963387,-6.06554842,-7.383178234,-7.510928154,-7.107301712,-8.484171867,-7.023303032,-8.056163788,-7.739197731,-7.976185322,-7.502959251,-8.003221512,-8.472180367,-5.653119087,-6.828801155,-7.974982738,-8.520793915,-6.056497574,-6.766160488,-8.705729485,0.000882551,0.000732609,0.000443374,0.000118669,0.099821411,0.996569991,0.002101673,0.000534583,0.000298344,0.002316108,0.000621236,0.000546774,0.000818432,0.000206672,0.000890085,0.000317041,0.000435231,0.000343429,0.000551146,0.000334272,0.000209164,0.003494309,0.001080985,0.000343843,0.000199241,0.002337116,0.001150784,0.000165607,0,0,0,0,0,1,0,0,0,0,0,0,0,0,0,0,0,0,0,0,0,0,0,0,0,0,0,0
ast_early_fusion,682495_4,"Car,Crickets",Crickets,Crickets,0.996853173,-6.534344196,-5.427738667,-8.074867249,-8.300347328,-0.415960461,5.758183956,-7.251238823,-8.632534027,-7.769124508,-5.057786465,-7.066777706,-7.409770966,-6.469406128,-7.656991959,-8.029204369,-7.485001564,-7.950546741,-7.3082757,-7.440774918,-8.176534653,-8.190662384,-6.132117748,-7.923152924,-7.977867126,-7.271351337,-6.417844772,-7.461051941,-8.956493378,0.001450574,0.004373804,0.000311168,0.000248369,0.397483766,0.996853173,0.000708792,0.000178181,0.000422405,0.006319432,0.00085225,0.000604943,0.001547747,0.000472504,0.000325701,0.000561127,0.000352345,0.000669523,0.000586486,0.000281096,0.000277153,0.002167269,0.000362127,0.000342853,0.000694689,0.001629511,0.00057472,0.000128881,0,0,0,0,0,1,0,0,0,0,0,0,0,0,0,0,0,0,0,0,0,0,0,0,0,0,0,0
ast_early_fusion,685160_0,Car,Car,Car,0.995035172,-5.18093729,-4.828470707,-7.478217602,-5.680993557,5.300390244,-7.847308636,-6.386733055,-6.799817085,-7.385707378,-5.892695904,-6.283456802,-6.609177113,-6.349819183,-7.836174011,-7.704082966,-6.298508644,-6.700071812,-6.398432732,-7.434540272,-8.360572815,-6.494128704,-4.132394791,-5.425097942,-7.40624094,-7.094904423,-6.556589603,-5.594661713,-6.822117805,0.005591296,0.007935273,0.000564945,0.003398579,0.995035172,0.00039065,0.001680918,0.001112739,0.000619668,0.002751933,0.001863457,0.001346126,0.001744016,0.000395022,0.000450779,0.00183567,0.00122931,0.001661399,0.000590152,0.000233856,0.001510009,0.015791051,0.004385319,0.000607081,0.000828633,0.001418707,0.003703887,0.001088226,0,0,0,0,1,0,0,0,0,0,0,0,0,0,0,0,0,0,0,0,0,0,0,0,0,0,0,0
ast_early_fusion,685160_1,Car,Car,Car,0.995058656,-6.818575859,-5.733454227,-7.514347553,-7.552620888,5.305168152,-6.516681671,-5.887021542,-8.230740547,-7.738363743,-5.288563251,-6.49767971,-7.531089306,-5.314795494,-7.096628666,-8.473689079,-7.355872631,-7.416074753,-6.015721798,-7.838516235,-6.697625637,-6.203187466,-6.382269382,-5.57281971,-8.130653381,-4.102662086,-7.087816715,-6.135648727,-7.699932098,0.001092083,0.003225443,0.000544909,0.000524458,0.995058656,0.001476384,0.00276755,0.000266268,0.000435594,0.005023644,0.001504664,0.000535867,0.004894213,0.000827207,0.000208849,0.000638422,0.000601144,0.002434147,0.000394098,0.001232318,0.002018888,0.001688425,0.003785368,0.000294289,0.016259864,0.000834522,0.002159646,0.000452653,0,0,0,0,1,0,0,0,0,0,0,0,0,0,0,0,0,0,0,0,0,0,0,0,0,0,0,0
ast_early_fusion,685434_1,Bird sounds,Bird sounds,Bird sounds,0.997021854,-6.126033783,5.813486576,-7.027019501,-8.258602142,-6.329174519,-6.74096489,-3.330796957,-7.993121147,-7.031154633,-6.40407753,-5.869023323,-7.181546688,-6.949901581,-7.320373058,-7.703419209,-7.573469162,-8.105699539,-7.014509678,-7.022727966,-7.491471291,-7.278291225,-5.180456161,-6.542773724,-7.180126667,-6.722445488,-7.514770031,-5.210143089,-8.14250946,0.002180466,0.997021854,0.000886786,0.000258954,0.00178033,0.001180112,0.034529652,0.000337664,0.00088313,0.001652062,0.00281767,0.000759913,0.000957811,0.000661477,0.000451078,0.000513643,0.000301723,0.000897939,0.000890597,0.000557511,0.000689888,0.005593971,0.001438415,0.000760992,0.001202144,0.000544678,0.005431233,0.000290822,0,1,0,0,0,0,0,0,0,0,0,0,0,0,0,0,0,0,0,0,0,0,0,0,0,0,0,0
ast_early_fusion,691639_2,"Bird sounds,Car","Bird sounds,Car,Plane",Bird sounds,0.996874332,-7.016467094,5.764984608,-8.470967293,-7.714331627,3.685313463,-7.696359634,-8.526801109,-10.17139053,-6.857735157,-7.387889862,-3.823681355,-5.965117931,-6.337749004,-7.594035625,-10.16382313,-8.180956841,-7.426989555,2.378464222,-7.483716488,-8.000263214,-7.566646576,-5.901129723,-7.280963421,-8.158997536,-6.964057922,-7.618335247,-6.587100983,-8.770341873,0.000896185,0.996874332,0.000209418,0.000446185,0.975524783,0.000454272,0.000198048,3.82E-05,0.001050188,0.000618318,0.021380128,0.002560171,0.001765157,0.000503192,3.85E-05,0.000279856,0.000594622,0.915170252,0.000561848,0.000335262,0.000517157,0.002728885,0.000688048,0.000286067,0.00094436,0.000491118,0.001376133,0.000155246,0,1,0,0,1,0,0,0,0,0,0,0,0,0,0,0,0,1,0,0,0,0,0,0,0,0,0,0
ast_early_fusion,694372_0,Explosion,Explosion,Explosion,0.864806294,-7.5385499,-6.758787632,-6.835627556,-8.12180233,-6.164405346,-5.991770744,-7.078504086,1.855796933,-7.615847111,-7.831652641,-1.573425174,-6.162890911,-5.854872704,-7.87164259,-7.989147186,-7.817858696,-6.804975986,-7.313368797,-7.379355907,-6.630972862,-7.858293056,-5.253326893,-7.539079189,-8.360470772,-8.846996307,-6.842786789,-5.721372128,-7.597002029,0.000531886,0.00115929,0.001073639,0.000296905,0.002098555,0.002493004,0.000842323,0.864806294,0.000492341,0.000396811,0.171728656,0.002101729,0.00285771,0.000381262,0.000339008,0.000402321,0.00110702,0.000666124,0.000623614,0.001317142,0.000386384,0.005202878,0.000531604,0.000233879,0.000143792,0.001065988,0.003264522,0.000501702,0,0,0,0,0,0,0,1,0,0,0,0,0,0,0,0,0,0,0,0,0,0,0,0,0,0,0,0
ast_early_fusion,694372_1,Explosion,Explosion,Explosion,0.974988282,-7.868057728,-6.900737762,-7.708830833,-8.315720558,-5.626698017,-6.055624485,-6.24532938,3.663082838,-7.840491772,-7.948206425,-4.713553429,-7.102902412,-6.021131992,-7.323462486,-7.655050755,-7.727883816,-6.434346676,-7.143867493,-7.096776485,-6.947214127,-7.468236446,-5.11410284,-6.623228073,-8.520511627,-8.941436768,-7.172497749,-6.390825272,-6.612630367,0.000382631,0.001006029,0.000448645,0.000244581,0.003587528,0.002339153,0.001935737,0.974988282,0.000393321,0.00035317,0.008893041,0.000822037,0.002421045,0.000659438,0.000473422,0.000440181,0.001602884,0.000789069,0.000827084,0.000960386,0.000570609,0.005975448,0.001327369,0.000199298,0.000130836,0.000766815,0.001674065,0.001341492,0,0,0,0,0,0,0,1,0,0,0,0,0,0,0,0,0,0,0,0,0,0,0,0,0,0,0,0
ast_early_fusion,694373_1,Explosion,Explosion,Explosion,0.996773779,-8.663059235,-6.69373703,-8.675872803,-9.571050644,-7.985143185,-5.456241131,-7.892940521,5.733203411,-8.61096859,-8.6847229,-7.360737801,-9.786307335,-8.562389374,-8.901610374,-9.437387466,-9.179449081,-7.432069778,-7.08758688,-7.699667931,-8.217963219,-7.489017963,-5.567573071,-7.752405643,-5.315067291,-11.01644611,-6.942321301,-8.016703606,-8.255797386,0.000172825,0.001237113,0.000170625,6.97E-05,0.000340368,0.004251422,0.000373231,0.996773779,0.000182064,0.000169122,0.000635325,5.62E-05,0.000191125,0.000136151,7.97E-05,0.000103127,0.000591611,0.000834714,0.000452772,0.000269691,0.000558879,0.003805204,0.000429523,0.00489289,1.64E-05,0.000965092,0.000329797,0.000259681,0,0,0,0,0,0,0,1,0,0,0,0,0,0,0,0,0,0,0,0,0,0,0,0,0,0,0,0
ast_early_fusion,695550_0,Speech,"Car,Speech",Speech,0.997096777,-6.779998302,-8.105176926,-8.149277687,-6.584261417,0.819046557,-6.532590866,-6.76520443,-7.357942104,-7.198123455,-7.315207958,-7.258176327,-7.4219203,-6.708249569,-5.813851357,-10.05684376,-4.461210728,-5.455259323,-7.434513569,-6.874480724,-6.068974972,-7.171278477,5.839029312,-5.970787525,-7.883877277,-7.029659748,-5.23579073,-8.595710754,-9.04396534,0.001134987,0.000301881,0.000288861,0.001380041,0.694033921,0.001453116,0.001151883,0.000637103,0.000747429,0.000664901,0.000703896,0.000597642,0.001219311,0.002977019,4.29E-05,0.01141653,0.004255581,0.000590168,0.001032767,0.002308203,0.00076775,0.997096777,0.002545733,0.000376627,0.00088445,0.005294434,0.000184863,0.000118088,0,0,0,0,1,0,0,0,0,0,0,0,0,0,0,0,0,0,0,0,0,1,0,0,0,0,0,0
ast_early_fusion,696468_1,"Bird sounds,Footsteps,Insects",Bird sounds,Bird sounds,0.994189262,-6.17898798,5.142211437,-5.992370129,-8.035704613,-8.062296867,-7.043583393,-6.556795597,-8.009969711,-6.757732391,-3.55431366,-2.228254795,-5.243370533,-2.498454571,-6.586602211,-6.709651947,-7.633905888,-8.076379776,-6.58297205,-7.126511574,-7.342376709,-6.705687523,-4.91045332,-7.29643774,-7.029970646,-5.591004848,-6.918931961,-5.599777222,-7.771868706,0.002068238,0.994189262,0.002491514,0.000323592,0.000315103,0.000872231,0.001418415,0.000332024,0.001160512,0.027805725,0.097241737,0.005254665,0.075966589,0.001376818,0.001217604,0.000483534,0.000310698,0.001381819,0.000802872,0.000647091,0.001222435,0.00731524,0.00067749,0.000884175,0.003717406,0.000987909,0.003685058,0.000421247,0,1,0,0,0,0,0,0,0,0,0,0,0,0,0,0,0,0,0,0,0,0,0,0,0,0,0,0
ast_early_fusion,697033_3,"Bird sounds,Footsteps",Bird sounds,Bird sounds,0.995553672,-5.902802944,5.411232471,-6.207339287,-7.82598877,-7.270972252,-7.07533884,-7.753121853,-8.196722984,-6.215539455,-4.701290607,-4.861639023,-6.298838139,-4.919420719,-7.457653522,-7.311692715,-7.125112057,-8.111607552,-7.180638313,-7.223762035,-7.34090662,-7.097012043,-5.764091015,-6.616195202,-7.642414093,-7.410108089,-6.236680508,-6.729850769,-7.155829906,0.002724335,0.995553672,0.00201054,0.000399064,0.000694952,0.000844991,0.000429216,0.000275479,0.001994154,0.009001778,0.007678377,0.001835066,0.007250408,0.000576676,0.00066724,0.000803996,0.000299946,0.000760603,0.000728523,0.000648042,0.00082689,0.003128429,0.001336725,0.000479439,0.000604739,0.001952519,0.001193286,0.000779693,0,1,0,0,0,0,0,0,0,0,0,0,0,0,0,0,0,0,0,0,0,0,0,0,0,0,0,0
ast_early_fusion,699681_3,Insects,Insects,Insects,0.990873218,-6.791292191,-3.523791552,-6.760803699,-8.905704498,-6.745096684,-1.605972409,-7.968106747,-8.479329109,-7.726624012,-6.471133709,-7.605841637,-7.653885365,4.68737793,-9.082529068,-7.900503635,-7.412218571,-8.690063477,-8.102542877,-7.824099064,-8.012443542,-8.546012878,-6.939683437,-6.678495884,-8.651602745,-7.620084763,-6.593336582,-7.806741238,-7.047302246,0.001122255,0.028642815,0.001156958,0.000135595,0.001175252,0.167148545,0.000346214,0.000207675,0.000440736,0.00154508,0.000497289,0.000473973,0.990873218,0.000113621,0.00037042,0.000603465,0.000168221,0.000302677,0.000399819,0.000331204,0.000194281,0.000967639,0.001256088,0.000174816,0.00049026,0.00136759,0.000406817,0.000868996,0,0,0,0,0,0,0,0,0,0,0,0,1,0,0,0,0,0,0,0,0,0,0,0,0,0,0,0
ast_early_fusion,699681_5,Insects,Insects,Insects,0.972060144,-6.979338169,-6.466217518,-5.929910183,-7.408875942,-4.959249973,-0.880885959,-7.45149374,-8.001326561,-5.062500954,-7.292783737,-6.41708374,-7.195266247,3.549363613,-7.955840111,-7.703155041,-7.689217567,-8.325138092,-6.91298151,-7.388108253,-8.267718315,-7.926576614,-5.813968658,-8.184509277,-9.072836876,-7.269424438,-6.333263874,-7.549125671,-6.612592697,0.000930053,0.001552682,0.00265167,0.000605484,0.006969278,0.292994231,0.000580237,0.000334906,0.006289896,0.000679969,0.001630749,0.000749566,0.972060144,0.000350486,0.000451197,0.000457527,0.000242289,0.000993799,0.000618183,0.000256604,0.00036089,0.002976671,0.000278863,0.000114727,0.000696028,0.001773077,0.000526293,0.001341543,0,0,0,0,0,0,0,0,0,0,0,0,1,0,0,0,0,0,0,0,0,0,0,0,0,0,0,0
ast_early_fusion,700930_1,"Music,Singing,Speech","Music,Singing,Speech",Speech,0.996347606,-6.53642416,-6.248348713,-8.995464325,-10.70367241,-8.229212761,-8.797884941,-8.606736183,-8.937051773,-6.739963055,-8.156648636,-7.123311043,-10.95485115,-8.3314991,-7.94431448,-8.79194355,1.102233171,-5.397138596,-7.918716431,-7.419897079,4.611332417,-10.49878407,5.608696461,-8.573270798,-9.441874504,-9.648104668,-10.46345043,-8.67122364,-11.25210381,0.001447564,0.001929913,0.000123955,2.25E-05,0.000266675,0.000151029,0.000182836,0.000131411,0.001181294,0.00028674,0.000805444,1.75E-05,0.000240753,0.000354547,0.000151929,0.750678301,0.004509099,0.000363737,0.000598852,0.990159214,2.76E-05,0.996347606,0.000189057,7.93E-05,6.45E-05,2.86E-05,0.00017142,1.30E-05,0,0,0,0,0,0,0,0,0,0,0,0,0,0,0,1,0,0,0,1,0,1,0,0,0,0,0,0
ast_early_fusion,705005_3,Train,,Train,0.320045382,-5.889468193,-4.465639114,-5.953621387,-4.43836832,-4.202537537,-6.925464153,-7.042346954,-7.465957642,-6.969971657,-7.574447632,-6.025451183,-8.71440506,-5.296763897,-8.372536659,-1.997380972,-7.125274181,-8.168334961,-7.25314188,-7.141652584,-6.240951061,-4.52858448,-5.710819244,-0.753563285,-3.769102097,-7.308472157,-2.538794041,-7.372907162,-6.83210516,0.002760805,0.01136666,0.002589697,0.011677232,0.014737141,0.000981483,0.000873309,0.00057191,0.000938797,0.00051314,0.002410636,0.000164176,0.00498282,0.000231075,0.119478181,0.000803866,0.000283409,0.000707446,0.000790817,0.001944215,0.01068064,0.00329904,0.320045382,0.022552425,0.000669391,0.073182926,0.000627646,0.001077423,0,0,0,0,0,0,0,0,0,0,0,0,0,0,0,0,0,0,0,0,0,0,0,0,0,0,0,0
ast_early_fusion,705005_4,"Bird sounds,Footsteps,Train",Bird sounds,Bird sounds,0.997303247,-3.867758274,5.913001537,-7.103377819,-7.525359154,-1.433595181,-6.686787605,-7.839580536,-8.063408852,-6.212572575,-5.55208683,-2.918260098,-6.169575214,-6.288815022,-7.442065239,-5.666611671,-7.231064796,-7.788907051,-6.384259224,-6.523476601,-7.256042957,-5.294976711,-5.262031078,-5.785180569,-4.511218071,-6.61593008,-7.117846012,-5.323148251,-7.931196213,0.020477103,0.997303247,0.000821647,0.000538944,0.192539126,0.001245729,0.000393679,0.000314753,0.002000067,0.003864362,0.051258247,0.002087757,0.001853517,0.00058573,0.00344764,0.000723226,0.000414134,0.001685074,0.001466401,0.000705398,0.004991689,0.00515802,0.003063343,0.010865711,0.001337079,0.000809854,0.004853701,0.000359227,0,1,0,0,0,0,0,0,0,0,0,0,0,0,0,0,0,0,0,0,0,0,0,0,0,0,0,0
ast_early_fusion,708663,Tram,Tram,Tram,0.993875682,-7.535010815,-6.529408455,-7.708594322,-7.713371754,-6.670537949,-6.347059727,-7.140120506,-6.987282753,-7.31844759,-7.320495605,-6.675966263,-8.347337723,-7.807168007,-8.650860786,-7.21709156,-7.525382519,-8.0408144,-7.213004589,-7.036246777,-7.473264217,-7.870587349,-5.768912792,-7.688263416,5.089354515,-9.146831512,-6.833508492,-6.82174921,-8.258210182,0.00053377,0.001457741,0.000448751,0.000446613,0.001266112,0.001748827,0.000792029,0.000922701,0.000662751,0.000661396,0.001259266,0.000236971,0.000406643,0.000174946,0.000733396,0.000538932,0.000321943,0.000736397,0.000878648,0.000567748,0.000381664,0.003113428,0.000457963,0.993875682,0.000106546,0.001075914,0.001088627,0.000259055,0,0,0,0,0,0,0,0,0,0,0,0,0,0,0,0,0,0,0,0,0,0,0,1,0,0,0,0
ast_early_fusion,708669,Tram,Tram,Tram,0.993130863,-7.566303253,-6.465792656,-7.518645287,-7.118171692,-6.956759453,-7.000044823,-7.297711849,-7.064762592,-7.176970482,-7.073894501,-6.714692593,-8.105570793,-7.775120258,-8.462615013,-7.555494785,-7.585749149,-8.124030113,-6.949595928,-7.246260643,-7.523995876,-7.803116798,-6.019816399,-7.793190956,4.973833084,-8.815152168,-6.698779106,-6.784051895,-8.050657272,0.000517335,0.001553341,0.000542573,0.000809591,0.000951271,0.00091101,0.000676628,0.000853968,0.000763396,0.000846212,0.001211489,0.000301762,0.000419881,0.000211174,0.000522954,0.000507377,0.000296244,0.000958104,0.000712327,0.000539679,0.000408293,0.002424225,0.000412364,0.993130863,0.000148444,0.001230899,0.001130401,0.000318791,0,0,0,0,0,0,0,0,0,0,0,0,0,0,0,0,0,0,0,0,0,0,0,1,0,0,0,0
ast_early_fusion,708702,Car,Car,Car,0.992810011,-6.510020733,-6.059942245,-6.995312691,-6.046558857,4.927845478,-6.572588921,-6.359959602,-7.76149559,-7.239652634,-6.503910065,-6.212192535,-7.14462328,-6.378278732,-7.620479107,-8.486207008,-6.805450916,-7.248627663,-6.49883604,-6.964426994,-6.943486691,-6.934015274,-5.907587528,-6.285250187,-5.899286747,-6.533872128,-5.931459427,-6.435478687,-7.438022137,0.001486237,0.002329098,0.000915328,0.002360405,0.992810011,0.001396221,0.001726451,0.000425638,0.000717046,0.001495333,0.002000826,0.000788473,0.001695165,0.000490067,0.000206252,0.001106495,0.000710644,0.001502928,0.000944012,0.000963969,0.000973134,0.002711366,0.001860124,0.002733905,0.001451258,0.002647576,0.001601073,0.000588102,0,0,0,0,1,0,0,0,0,0,0,0,0,0,0,0,0,0,0,0,0,0,0,0,0,0,0,0
ast_early_fusion,708939,Bus,Bus,Bus,0.984561861,-7.274349689,-6.18369627,-7.396118641,4.155359268,-2.53121233,-6.897785187,-7.060254574,-7.887368202,-6.614397049,-6.806873322,-6.039681911,-7.614600658,-7.0432024,-8.074426651,-7.704137325,-6.579606056,-7.986458302,-6.231299877,-7.919499874,-7.387237072,-7.318867683,-5.475589752,-7.267728806,-7.570183754,-8.043070793,-6.981531143,-6.689302921,-8.318060875,0.000692611,0.002058543,0.000613254,0.984561861,0.073698834,0.001009001,0.000857823,0.000375315,0.001339127,0.001104924,0.002376655,0.000492954,0.000872563,0.000311305,0.000450754,0.001386471,0.000339921,0.001963032,0.000363452,0.000618721,0.000662473,0.004170294,0.000697208,0.000515332,0.000321217,0.000928018,0.001242604,0.000244009,0,0,0,1,0,0,0,0,0,0,0,0,0,0,0,0,0,0,0,0,0,0,0,0,0,0,0,0
ast_early_fusion,708952,Bus,Bus,Bus,0.991291821,-7.483000755,-6.470954418,-7.527993679,4.734743595,-5.279811859,-7.487699509,-7.630931377,-8.355518341,-7.248011112,-6.949354172,-6.431941509,-7.86042738,-7.238213062,-8.487994194,-8.015672684,-7.150405407,-8.391617775,-7.303883553,-8.227246284,-7.766966343,-7.801003456,-5.772026062,-7.723617077,-7.835718155,-9.085179329,-7.391300678,-6.401425838,-8.781510353,0.00056225,0.001545356,0.000537527,0.991291821,0.005067578,0.000559616,0.000484973,0.00023504,0.000711082,0.000958335,0.001606738,0.00038556,0.000718079,0.000205883,0.000330137,0.000783931,0.000226709,0.000672468,0.0002672,0.000423317,0.000409157,0.003103779,0.000442063,0.000395202,0.00011332,0.000616213,0.001656441,0.000153522,0,0,0,1,0,0,0,0,0,0,0,0,0,0,0,0,0,0,0,0,0,0,0,0,0,0,0,0
ast_early_fusion,708955,Bus,Bus,Bus,0.992136121,-7.860434055,-6.439578533,-7.532011032,4.837574959,-6.728154182,-7.626036644,-7.653006077,-8.451085091,-6.689863205,-7.350009441,-6.611742496,-7.693235874,-7.477443218,-8.786929131,-7.918980598,-7.201694012,-8.206461906,-6.937495708,-8.438849449,-8.18019104,-7.682164669,-5.832025528,-8.055593491,-7.583051682,-9.502932549,-7.305899143,-6.388563633,-8.712387085,0.000385558,0.001594533,0.000535373,0.992136121,0.00119531,0.000487352,0.00047439,0.000213623,0.001241909,0.000642174,0.001342682,0.000455693,0.000565382,0.000152693,0.000363641,0.000744767,0.00027281,0.000969756,0.000216252,0.00028007,0.000460764,0.00292356,0.000317221,0.000508747,7.46E-05,0.000671115,0.001677849,0.000164508,0,0,0,1,0,0,0,0,0,0,0,0,0,0,0,0,0,0,0,0,0,0,0,0,0,0,0,0
ast_early_fusion,709723_2,"Bird sounds,Car,Crickets",Bird sounds,Bird sounds,0.997144163,-6.290120602,5.855526447,-7.102427483,-7.365337849,-6.117966175,-2.649255514,-4.261814117,-8.045396805,-6.709798813,-6.43169117,-8.191291809,-6.381067276,-4.813098907,-6.590306759,-7.78430748,-6.162657261,-8.544114113,-6.684545517,-7.092432022,-6.457521439,-6.227893353,-4.663047791,-7.330096245,-7.931767941,-6.727807045,-6.34890461,-5.577962399,-7.312824249,0.001851103,0.997144163,0.000822427,0.000632411,0.00219809,0.066034913,0.01390075,0.000320471,0.001217425,0.001607139,0.000276979,0.001690452,0.008057203,0.001371734,0.000416042,0.002102219,0.00019465,0.001248522,0.000830682,0.001566222,0.001969718,0.009349418,0.000655081,0.000359022,0.001195724,0.001745609,0.003766024,0.000666486,0,1,0,0,0,0,0,0,0,0,0,0,0,0,0,0,0,0,0,0,0,0,0,0,0,0,0,0
ast_early_fusion,709780_5,Bird sounds,Bird sounds,Bird sounds,0.996398687,-6.138113022,5.622868061,-7.136568069,-8.204857826,-6.196389198,-7.022218704,-0.594673216,-8.168281555,-6.540996552,-4.4109478,-4.511581421,-6.911744595,-6.153689384,-5.897123814,-7.968515396,-8.388288498,-8.330179214,-7.936217308,-7.405797005,-7.856757641,-7.149037361,-4.820530891,-6.362828732,-7.589950085,-5.05832243,-7.694066048,-5.139887333,-8.457827568,0.002154342,0.996398687,0.000794845,0.000273248,0.002032632,0.00089105,0.355563343,0.000283424,0.00144097,0.011997964,0.010861808,0.000995028,0.002121116,0.002739808,0.000346073,0.000227465,0.000241071,0.000357429,0.00060735,0.000386977,0.000785003,0.007998021,0.001721513,0.000505251,0.006316067,0.000455315,0.005824229,0.000212188,0,1,0,0,0,0,0,0,0,0,0,0,0,0,0,0,0,0,0,0,0,0,0,0,0,0,0,0
ast_early_fusion,710455,Car,Car,Car,0.994878054,-6.838727951,-6.598316669,-7.697850704,-6.399080753,5.26910162,-7.154190063,-6.810426235,-8.181440353,-6.773124218,-6.272665977,-6.574659824,-7.07229948,-7.19462204,-7.711447239,-8.734861374,-6.889914513,-7.447796822,-6.867065907,-7.423048973,-8.031589508,-7.933425426,-5.884283066,-6.236296177,-7.703595638,-6.028266907,-7.460508347,-6.255356312,-7.972783566,0.001070319,0.001360805,0.000453596,0.001660324,0.994878054,0.000780972,0.001101009,0.00027972,0.001142807,0.001883636,0.001393336,0.000847561,0.000750049,0.000447473,0.000160853,0.001016966,0.000582385,0.001040445,0.000596969,0.000324926,0.000358428,0.002775118,0.001953268,0.000450998,0.002403874,0.000575033,0.001916462,0.000344599,0,0,0,0,1,0,0,0,0,0,0,0,0,0,0,0,0,0,0,0,0,0,0,0,0,0,0,0
ast_early_fusion,710502,Tram,Tram,Tram,0.995506525,-7.664731503,-6.886241436,-8.23960495,-7.86125803,-6.793937206,-7.382092476,-7.956244946,-7.201493263,-7.399466991,-7.258658409,-6.829483986,-8.635341644,-8.371291161,-8.88945961,-7.809096336,-7.84480381,-8.143648148,-7.419993401,-7.286998272,-7.981646061,-8.112672806,-5.907321453,-8.152242661,5.400634766,-9.344481468,-7.39919281,-6.901030064,-8.421532631,0.000468863,0.001020704,0.000263919,0.00038524,0.001119294,0.00062191,0.000350344,0.000744916,0.000611205,0.000703557,0.001080248,0.000177681,0.000231363,0.000137815,0.00040586,0.000391629,0.000290491,0.000598794,0.000683911,0.00034156,0.000299627,0.002712086,0.000288006,0.995506525,8.74E-05,0.000611372,0.001005735,0.000220029,0,0,0,0,0,0,0,0,0,0,0,0,0,0,0,0,0,0,0,0,0,0,0,1,0,0,0,0
ast_early_fusion,710601_2,Flowing water,Flowing water,Flowing water,0.997433484,-6.550294399,-6.683339119,-7.056370258,-9.136651039,-6.382760525,-5.05534935,-7.115060329,-9.193223953,-6.941721916,5.962652683,-6.846660614,-8.291739464,-6.589393139,-8.310656548,-8.36054039,-8.115782738,-8.774497032,-7.420390129,-7.661794662,-9.000682831,-8.197957039,-6.359201908,-9.200577736,-8.717009544,-8.120757103,-8.089536667,-6.942481041,-8.448401451,0.001427653,0.001250027,0.000861159,0.000107636,0.001687597,0.006334755,0.000812112,0.000101716,0.00096567,0.997433484,0.001061871,0.000250515,0.001372986,0.000245822,0.000233863,0.000298697,0.000154603,0.000598557,0.000470241,0.00012331,0.00027514,0.001727757,0.000100971,0.000163749,0.000297215,0.000306638,0.000964938,0.000214197,0,0,0,0,0,0,0,0,0,1,0,0,0,0,0,0,0,0,0,0,0,0,0,0,0,0,0,0
ast_early_fusion,711021_1,"Boat,Speech","Car,Speech",Speech,0.995463312,-8.305439949,-6.295448303,-4.786847591,-8.097719193,0.812817752,-8.213033676,-3.902145624,-8.02818203,-7.540608883,-4.973539352,-7.940268993,-10.5913105,-6.719945908,-8.986581802,-9.542787552,-6.591795921,-9.886493683,-11.00496101,-7.844002724,-8.111021042,-6.428863049,5.391012192,-8.099375725,-8.300332069,-6.484195232,-4.097300529,-7.107066631,-10.48431587,0.000247107,0.001841285,0.008269744,0.00030414,0.692709625,0.000271024,0.019798623,0.000326034,0.000530792,0.006871079,0.000355984,2.51E-05,0.001205149,0.000125061,7.17E-05,0.001369696,5.09E-05,1.66E-05,0.000391943,0.000300122,0.001611683,0.995463312,0.000303636,0.000248373,0.00152506,0.016345847,0.000818624,2.80E-05,0,0,0,0,1,0,0,0,0,0,0,0,0,0,0,0,0,0,0,0,0,1,0,0,0,0,0,0
ast_early_fusion,712519,Bus,Bus,Bus,0.990456402,-7.389296532,-6.302136898,-7.105692863,4.642297745,-7.554316998,-7.421167374,-7.729261398,-8.461379051,-7.071760178,-6.963288307,-6.664666176,-7.626985073,-7.127698898,-8.312578201,-8.151468277,-6.853649616,-7.437317371,-7.106347561,-8.216430664,-7.762452126,-7.830126762,-6.305579662,-7.402819157,-6.448396206,-9.346118927,-6.789761543,-6.7216115,-8.473095894,0.000617449,0.001829033,0.000819749,0.990456402,0.00052357,0.000598092,0.000439575,0.000211436,0.000848018,0.000945087,0.001273558,0.00048689,0.00080192,0.00024535,0.000288229,0.001054483,0.000588516,0.000819212,0.000270105,0.000425231,0.000397417,0.001822759,0.000609161,0.001580557,8.73E-05,0.001123972,0.001203146,0.000208973,0,0,0,1,0,0,0,0,0,0,0,0,0,0,0,0,0,0,0,0,0,0,0,0,0,0,0,0
ast_early_fusion,712532,Bus,Bus,Bus,0.968913376,-6.796504498,-6.303504467,-7.461538315,3.439398766,-1.023062944,-6.489742756,-6.303381443,-7.336180687,-7.238336086,-5.932518005,-6.097259521,-7.065592289,-7.238314629,-7.670697689,-7.321389675,-6.645215034,-7.828574181,-6.771859646,-7.716225147,-7.270334721,-6.894389629,-5.660043716,-6.126447201,-7.676952362,-7.876934052,-6.863945484,-6.872982979,-7.345570087,0.001116427,0.001826539,0.000574441,0.968913376,0.264431208,0.001516636,0.001826763,0.00065111,0.00071799,0.002644783,0.002243976,0.00085326,0.000718006,0.000466075,0.000660806,0.00129854,0.000398034,0.001144252,0.000445341,0.000695395,0.001012429,0.00347028,0.002179567,0.00046317,0.000379251,0.001043693,0.001034313,0.000645029,0,0,0,1,0,0,0,0,0,0,0,0,0,0,0,0,0,0,0,0,0,0,0,0,0,0,0,0
ast_early_fusion,712544,Bus,Bus,Bus,0.990817904,-7.553821087,-6.298366547,-7.874587059,4.681277752,-5.487747192,-7.527386189,-7.853386402,-7.782737732,-7.408572674,-6.931126118,-6.682908535,-8.004542351,-7.545714378,-8.791322708,-6.781156063,-7.003849506,-7.559113503,-7.273156166,-8.075918198,-7.9672966,-7.415379524,-5.840677738,-6.574816227,-6.64580965,-9.38852787,-5.648627281,-7.138331413,-8.36855793,0.000523829,0.00183593,0.000380141,0.990817904,0.004120108,0.000537854,0.000388284,0.000416696,0.000605668,0.000975947,0.001250565,0.000333831,0.000528091,0.000152024,0.001133675,0.000907554,0.000521066,0.000693437,0.000310841,0.000346495,0.000601562,0.002898446,0.001393119,0.001297769,8.37E-05,0.003509986,0.000793446,0.000231996,0,0,0,1,0,0,0,0,0,0,0,0,0,0,0,0,0,0,0,0,0,0,0,0,0,0,0,0
ast_early_fusion,713007_2,"Bird sounds,Crickets","Bird sounds,Crickets",Crickets,0.996849239,-6.343995571,3.920244217,-7.117943764,-9.606445313,-6.162151337,5.756950855,-5.406366825,-7.72801733,-7.598280907,-6.687926292,-7.194348335,-7.640601158,-7.277059555,-7.708543301,-8.267613411,-8.011893272,-7.953391552,-8.009710312,-7.984872341,-7.579944134,-8.474340439,-5.458500385,-6.943480492,-7.026397705,-8.8453722,-6.828127861,-7.114840031,-9.010329247,0.001754184,0.980549514,0.000809775,6.73E-05,0.002103281,0.996849239,0.004467864,0.000440123,0.000501061,0.001244313,0.000750254,0.000480309,0.000690738,0.000448774,0.000256631,0.000331387,0.000351345,0.000332111,0.00034046,0.000510329,0.000208713,0.004241869,0.000963975,0.000887337,0.000144026,0.001081712,0.00081229,0.000122127,0,1,0,0,0,1,0,0,0,0,0,0,0,0,0,0,0,0,0,0,0,0,0,0,0,0,0,0
ast_early_fusion,713225_2,"Bird sounds,Flowing water,Speech","Bird sounds,Flowing water",Bird sounds,0.997170746,-6.110459805,5.864889622,-6.498765469,-8.947717667,-2.469369411,-9.849901199,-10.73685169,-9.969228745,-8.31299305,1.693950772,-5.587264061,-8.776548386,-6.224776268,-7.191722393,-10.50274658,-9.395327568,-8.626032829,-6.068748951,-7.97309351,-8.593666077,-6.306546688,-1.940423608,-8.299343109,-9.394432068,-3.901362181,-8.019492149,-0.944777548,-9.270885468,0.002214615,0.997170746,0.001503034,0.000130017,0.078033589,5.27E-05,2.17E-05,4.68E-05,0.000245249,0.844743013,0.003731286,0.000154286,0.001975855,0.000752225,2.75E-05,8.31E-05,0.000179343,0.002308724,0.000344493,0.000185241,0.001821,0.125601321,0.000248618,8.32E-05,0.019813834,0.000328879,0.279936284,9.41E-05,0,1,0,0,0,0,0,0,0,1,0,0,0,0,0,0,0,0,0,0,0,0,0,0,0,0,0,0
ast_early_fusion,716903_3,"Bird sounds,Boat,Flowing water","Bird sounds,Boat,Flowing water",Bird sounds,0.988889933,-6.555556774,4.488732338,3.138066053,-7.55862236,-7.790497303,-8.013147354,-7.64519453,-9.294694901,-6.92041254,2.978085279,-7.170508385,-8.218626022,-3.465743542,-9.285567284,-7.786024094,-6.859603405,-9.799263954,-8.354423523,-8.222693443,-9.016951561,-7.491731644,-5.56632328,-8.994210243,-9.9352808,-7.210408211,-6.733106613,-3.662463903,-10.5611105,0.001420171,0.988889933,0.958435953,0.000521321,0.000413476,0.000330971,0.000478109,9.19E-05,0.000986448,0.951574206,0.000768341,0.000269513,0.030302806,9.27E-05,0.000415329,0.00104823,5.55E-05,0.000235298,0.000268419,0.000121321,0.000557366,0.003809945,0.000124111,4.84E-05,0.00073831,0.001189411,0.025026772,2.59E-05,0,1,1,0,0,0,0,0,0,1,0,0,0,0,0,0,0,0,0,0,0,0,0,0,0,0,0,0
ast_early_fusion,717053_2,Waves,Waves,Waves,0.997286081,-7.648347378,-7.074939728,-3.823482752,-8.476106644,-7.626907825,-7.290442467,-7.827185154,-8.477499008,-6.850559711,-5.83464098,-6.7454319,-7.402053833,-8.116900444,-8.537811279,-8.149419785,-8.123279572,-8.526461601,-7.372959137,-6.778440475,-7.61271286,-8.513660431,-6.78101778,-8.608923912,-8.736146927,-9.165333748,-7.510293961,5.906656265,-7.631942749,0.000476604,0.000845328,0.021384282,0.000208345,0.000486928,0.000681561,0.000398587,0.000208055,0.001057743,0.002915945,0.001174859,0.000609627,0.000298363,0.00019588,0.000288819,0.000296467,0.000198116,0.000627613,0.001136755,0.000493886,0.000200668,0.001133832,0.000182437,0.000160646,0.000104593,0.000547121,0.997286081,0.000484483,0,0,0,0,0,0,0,0,0,0,0,0,0,0,0,0,0,0,0,0,0,0,0,0,0,0,1,0
ast_early_fusion,717079_2,"Bird sounds,Car,Crickets","Bird sounds,Car",Bird sounds,0.991767466,-5.351033688,4.79138422,-6.092848778,-7.422476768,2.168468237,-5.374452591,-2.744689465,-9.307962418,-5.885081291,-4.034991741,-7.633548737,-8.093389511,-6.191430092,-7.965647697,-7.417803764,-4.674298763,-8.450945854,-8.860926628,-7.587704659,-6.472360134,-7.410756588,-6.819240093,-6.187383652,-8.227790833,-4.922308445,-8.226426125,-7.369818211,-8.362856865,0.004720853,0.991767466,0.002253873,0.00059731,0.897382021,0.004612084,0.060387276,9.07E-05,0.00277291,0.017378474,0.000483706,0.000305459,0.002042716,0.000347066,0.000600106,0.009245784,0.000213653,0.000141803,0.000506386,0.001543188,0.000604348,0.001091358,0.002050982,0.000267054,0.007229652,0.000267419,0.000629586,0.000233322,0,1,0,0,1,0,0,0,0,0,0,0,0,0,0,0,0,0,0,0,0,0,0,0,0,0,0,0
ast_early_fusion,717156_1,"Falling water/Rain,Flowing water","Falling water/Rain,Flowing water",Flowing water,0.995479584,-7.659878731,-6.341191292,-6.547712326,-8.733052254,-6.706946373,-7.402489185,-7.649703026,-9.373670578,4.831305504,5.394636631,-8.120099068,-8.276128769,-8.803927422,-8.243994713,-8.545454025,-8.147024155,-8.927829742,-7.75562191,-7.494504452,-8.175765038,-7.762973785,-5.896649837,-8.745375633,-8.146400452,-7.25402689,-8.482632637,-7.185188293,-9.202148438,0.000471143,0.001759102,0.001431339,0.000161144,0.001220899,0.000609362,0.000475959,8.49E-05,0.992087066,0.995479584,0.000297411,0.000254456,0.00015012,0.000262763,0.000194389,0.000289512,0.000132628,0.000428144,0.000555823,0.000281312,0.00042501,0.002741104,0.00015917,0.000289693,0.00070682,0.00020699,0.000757153,0.000100812,0,0,0,0,0,0,0,0,1,1,0,0,0,0,0,0,0,0,0,0,0,0,0,0,0,0,0,0
ast_early_fusion,717156_3,"Falling water/Rain,Flowing water","Falling water/Rain,Flowing water",Flowing water,0.994345307,-7.577142715,-6.447066307,-6.436162949,-8.670982361,-6.822136879,-7.460941315,-7.827091217,-9.31890583,4.924099922,5.169589996,-8.076471329,-8.190296173,-8.811776161,-8.302672386,-8.443362236,-8.264580727,-8.852028847,-7.547724247,-7.440232277,-8.158213615,-7.829999924,-6.047254086,-8.664473534,-8.118422508,-7.131158829,-8.490555763,-7.14414835,-9.040350914,0.00051176,0.001582657,0.00159998,0.000171461,0.001088205,0.000574784,0.000398625,8.97E-05,0.992783189,0.994345307,0.000310669,0.000277255,0.000148946,0.000247792,0.000215279,0.000257411,0.000143071,0.000527031,0.000586804,0.000286292,0.000397467,0.002358769,0.000172581,0.00029791,0.000799153,0.000205357,0.000788848,0.000118515,0,0,0,0,0,0,0,0,1,1,0,0,0,0,0,0,0,0,0,0,0,0,0,0,0,0,0,0
ast_early_fusion,717722_4,"Bird sounds,Boat","Bird sounds,Boat",Bird sounds,0.993231058,-6.818864346,4.98861599,1.960342765,-8.914386749,-5.936462402,-7.515897274,-7.554374695,-9.89367485,-8.957854271,-6.393959045,-7.621489048,-8.013613701,-6.44586134,-7.764916897,-8.603581429,-7.414501667,-8.09888649,-4.028862,-8.096731186,-8.360561371,-8.058369637,-6.048731804,-6.495543957,-8.435224533,-7.849990845,-5.131434917,-7.090931416,-8.875390053,0.001091768,0.993231058,0.876570046,0.000134423,0.002634399,0.000544065,0.000523539,5.05E-05,0.000128706,0.001668835,0.000489572,0.000330817,0.001584562,0.000424185,0.000183414,0.00060209,0.000303785,0.017483458,0.00030444,0.000233858,0.000316342,0.002355294,0.001507876,0.000217037,0.000389604,0.005873377,0.000831929,0.000139768,0,1,1,0,0,0,0,0,0,0,0,0,0,0,0,0,0,0,0,0,0,0,0,0,0,0,0,0
ast_early_fusion,718522_2,"Bird sounds,Car,Plane,Siren","Bird sounds,Plane",Bird sounds,0.998224556,-7.815995216,6.33193922,-10.11745644,-9.275682449,-0.780808389,-8.98913002,-9.195599556,-11.03817272,-7.363871574,-9.63326931,-6.78396368,-8.674959183,-7.050943851,-7.965853214,-11.59142494,-8.468900681,-8.046228409,5.835767746,-6.877188206,-8.848230362,-8.527937889,-6.888651848,-7.52323103,-9.24223423,-5.584762096,-7.565832138,-5.531342983,-10.94594669,0.000403071,0.998224556,4.04E-05,9.37E-05,0.314145684,0.000124743,0.000101475,1.61E-05,0.000633339,6.55E-05,0.0011305,0.000170781,0.00086584,0.000346995,9.24E-06,0.000209851,0.000320205,0.9970873,0.001029977,0.000143615,0.000197823,0.001018249,0.000540092,9.69E-05,0.003740598,0.000517578,0.003945041,1.76E-05,0,1,0,0,0,0,0,0,0,0,0,0,0,0,0,0,0,1,0,0,0,0,0,0,0,0,0,0
ast_early_fusion,718522_3,"Bird sounds,Car,Plane","Car,Waves",Car,0.973749578,-6.77928257,-4.699734688,-6.317557812,-7.959600925,3.613470316,-6.959505558,-4.783997059,-9.475271225,-5.939779282,-4.234232426,-6.269716263,-6.036653519,-4.952877998,-6.90152216,-8.793131828,-7.457573414,-7.513757706,-4.039059162,-7.331813335,-7.128775597,-8.259251595,-4.584981918,-6.673866272,-8.258026123,-5.888471603,-7.337553024,2.069484472,-7.090760708,0.001135799,0.009015669,0.001801095,0.000349171,0.973749578,0.000948665,0.008293156,7.67E-05,0.002625698,0.014283941,0.00188919,0.002383846,0.007013516,0.001005241,0.000151749,0.000576722,0.00054523,0.017309153,0.000653958,0.000801058,0.000258786,0.010100866,0.00126191,0.000259103,0.002763551,0.000650218,0.887901664,0.000832071,0,0,0,0,1,0,0,0,0,0,0,0,0,0,0,0,0,0,0,0,0,0,0,0,0,0,1,0
ast_early_fusion,719719_4,Explosion,Explosion,Explosion,0.993011773,-8.141568184,-6.40315485,-7.789573193,-8.536757469,-6.857543468,-7.197941303,-7.255294323,4.956520081,-7.919989109,-7.59051466,-6.705369473,-9.148833275,-7.854068279,-7.799538136,-8.050264359,-8.889360428,-8.053770065,-7.201748848,-7.814908028,-8.177185059,-7.253251076,-5.982683659,-6.969480991,-7.05475378,-9.493496895,-6.483366489,-6.862919807,-6.916025639,0.000291095,0.001653585,0.000413858,0.000196087,0.001050389,0.000747565,0.000705926,0.993011773,0.000363274,0.000504966,0.001222823,0.000106332,0.000388019,0.000409756,0.000318916,0.000137829,0.0003178,0.000744726,0.000403509,0.000280913,0.000707369,0.002515704,0.000939258,0.000862551,7.53E-05,0.001526323,0.001044763,0.000990781,0,0,0,0,0,0,0,1,0,0,0,0,0,0,0,0,0,0,0,0,0,0,0,0,0,0,0,0
ast_early_fusion,719721_0,Explosion,Explosion,Explosion,0.994463503,-7.773923397,-6.251543045,-7.257663727,-8.870747566,-7.145344257,-7.225329399,-7.743258476,5.190832615,-7.889419079,-7.796602249,-7.131266117,-9.430236816,-8.089206696,-8.041374207,-7.883194923,-8.805586815,-7.494292736,-7.4389925,-7.521120548,-8.171498299,-7.386192799,-5.443009853,-7.329529762,-6.446491718,-9.616861343,-6.292006969,-7.288672924,-7.927786827,0.000420383,0.00192377,0.000704256,0.000140418,0.000787905,0.000727383,0.000433468,0.994463503,0.000374547,0.000410961,0.000799067,8.03E-05,0.000306739,0.000321763,0.000376884,0.000149871,0.000555941,0.000587532,0.000541232,0.000282514,0.000619367,0.004307804,0.000655452,0.001583565,6.66E-05,0.001847621,0.000682768,0.000360454,0,0,0,0,0,0,0,1,0,0,0,0,0,0,0,0,0,0,0,0,0,0,0,0,0,0,0,0
ast_early_fusion,719721_1,Explosion,Explosion,Explosion,0.996495903,-8.218616486,-6.893642902,-8.028395653,-9.20498848,-7.276358128,-7.566573143,-8.252989769,5.650302887,-8.400764465,-8.373240471,-7.448945522,-9.888560295,-7.69747448,-8.732028008,-8.350924492,-8.816123009,-7.305633068,-7.39961338,-7.86440134,-8.218884468,-6.807375908,-5.342860699,-8.06385994,-7.875705242,-10.46449089,-7.080304623,-7.793311596,-7.848758698,0.000269515,0.001013185,0.000325965,0.000100527,0.000691222,0.000517195,0.000260411,0.996495903,0.000224645,0.000230913,0.000581716,5.07E-05,0.000453766,0.000161309,0.000236122,0.0001483,0.000671293,0.000611115,0.000384032,0.000269443,0.001104369,0.00475941,0.000314611,0.000379717,2.85E-05,0.000840809,0.000412315,0.000390084,0,0,0,0,0,0,0,1,0,0,0,0,0,0,0,0,0,0,0,0,0,0,0,0,0,0,0,0
ast_early_fusion,719721_4,Explosion,Explosion,Explosion,0.99520725,-7.520354271,-6.66762495,-7.241025925,-9.170193672,-7.414343834,-7.270393848,-8.379532814,5.335841179,-7.969326019,-7.57610178,-7.278402805,-9.241244316,-8.063693047,-8.024957657,-8.320718765,-9.00033474,-7.480006218,-8.004533768,-7.427376747,-8.157328606,-7.383277416,-5.269037724,-7.559800148,-7.206151485,-10.07991695,-6.802587032,-7.06659317,-7.673019886,0.000541647,0.0012698,0.000716063,0.000104086,0.000602185,0.000695354,0.000229464,0.99520725,0.000345792,0.000512293,0.000689811,9.69E-05,0.000314663,0.000327087,0.000243362,0.000123353,0.000563936,0.000333834,0.000594392,0.000286545,0.000621174,0.00512219,0.000520708,0.000741457,4.19E-05,0.001109665,0.000852407,0.000464995,0,0,0,0,0,0,0,1,0,0,0,0,0,0,0,0,0,0,0,0,0,0,0,0,0,0,0,0
ast_early_fusion,720303_0,Musical instrument,Musical instrument,Musical instrument,0.991627812,-4.43735075,-6.54216671,-6.960426331,-8.463059425,-6.77329731,-6.818568707,-6.782910347,-7.217807293,-6.174778461,-6.131369591,-5.969901085,-7.923826694,-7.582512379,-6.707161903,-6.627796173,-6.328590393,4.774430752,-6.437034607,-6.528250694,-6.426207066,-7.022039413,-5.745431423,-6.298163414,-7.734249115,-8.578783989,-7.000065804,-6.222258091,-8.393291473,0.011688982,0.001439288,0.000947793,0.000211081,0.00114261,0.001092091,0.001131691,0.000732871,0.002076944,0.002168888,0.002547985,0.000361883,0.000509021,0.001220636,0.001321328,0.001781369,0.991627812,0.001598588,0.001459427,0.001615963,0.00089121,0.003187164,0.001836302,0.000437389,0.000188018,0.000910991,0.001980827,0.00022633,0,0,0,0,0,0,0,0,0,0,0,0,0,0,0,0,1,0,0,0,0,0,0,0,0,0,0,0
ast_early_fusion,720303_2,Musical instrument,Musical instrument,Musical instrument,0.990543306,-4.35201025,-6.198362827,-6.692430019,-8.050816536,-6.5203228,-6.71988821,-6.918709278,-7.200496674,-6.301421642,-6.280058861,-6.080594063,-8.028411865,-7.270123959,-6.466388226,-6.62722826,-6.626213551,4.651529789,-6.298321724,-6.624696255,-6.237688541,-6.754323006,-6.297044277,-5.887574196,-7.499687672,-8.554988861,-6.929525375,-6.277285099,-8.145701408,0.012717086,0.002028632,0.001238729,0.00031874,0.001471026,0.001205219,0.000988128,0.000745659,0.00183034,0.001869787,0.0022816,0.000325959,0.000695542,0.001552418,0.001322077,0.001323418,0.990543306,0.001836012,0.001325424,0.001950556,0.001164471,0.001838355,0.002766025,0.000552951,0.000192545,0.000977509,0.001874972,0.000289895,0,0,0,0,0,0,0,0,0,0,0,0,0,0,0,0,1,0,0,0,0,0,0,0,0,0,0,0
ast_early_fusion,723864_0,Bird sounds,"Bird sounds,Insects",Bird sounds,0.995959342,-5.628938198,5.507286549,-4.133914948,-8.003128052,-7.23814106,-6.88855505,-6.796218872,-8.635893822,-7.90756464,-5.106535912,-5.674900532,-6.126358032,2.624336004,-6.934849739,-7.439460278,-7.773135185,-8.029496193,-7.422259808,-7.094974041,-7.51632452,-6.865915298,-4.980754375,-6.925065041,-7.283082485,-6.049928188,-6.152197361,-6.717159271,-8.382133484,0.003579529,0.995959342,0.015767444,0.000334303,0.00071813,0.001018348,0.001116746,0.000177583,0.000367814,0.006020562,0.003419279,0.002179761,0.932411492,0.000972323,0.000587257,0.000420715,0.000325606,0.00059744,0.000828575,0.000543833,0.001041641,0.006822019,0.000981874,0.000686593,0.002352484,0.002124277,0.001208508,0.000228869,0,1,0,0,0,0,0,0,0,0,0,0,1,0,0,0,0,0,0,0,0,0,0,0,0,0,0,0
ast_early_fusion,723898_2,"Music,Speech","Music,Speech",Speech,0.996315658,-7.653710365,-7.135490417,-7.870897293,-9.166300774,-6.923948288,-7.915169716,-7.365571499,-8.627138138,-7.18017292,-6.718259811,-7.635083199,-9.349151611,-8.485778809,-8.675660133,-9.307923317,5.428047657,-7.650631905,-8.111323357,-6.743886471,-6.456909657,-8.246421814,5.599979401,-7.799758911,-7.563398361,-9.301789284,-8.397774696,-7.823806763,-9.574252129,0.000474056,0.000795702,0.000381546,0.000104491,0.00098297,0.000365029,0.000632264,0.000179145,0.000760957,0.001207181,0.000482965,8.70E-05,0.00020634,0.000170661,9.07E-05,0.995627522,0.000475517,0.000300031,0.001176674,0.001567179,0.000262126,0.996315658,0.000409666,0.000518839,9.13E-05,0.000225318,0.000399936,6.95E-05,0,0,0,0,0,0,0,0,0,0,0,0,0,0,0,1,0,0,0,0,0,1,0,0,0,0,0,0
ast_early_fusion,723898_5,"Music,Speech","Music,Speech",Speech,0.996423662,-6.508223057,-6.617887497,-7.402954578,-5.071935654,-8.827851295,-7.424776077,-7.135183334,-8.521529198,-7.666909695,-6.672417641,-6.378581047,-8.704083443,-7.389309883,-6.124579906,-8.701312065,0.681748152,-2.050873995,-7.072984695,-7.544454098,-6.060730457,-7.718328953,5.629855156,-6.283878803,-8.721467018,-8.876070023,-7.909500599,-7.699930668,-9.777245522,0.001488907,0.001334468,0.000609078,0.0062312,0.000146571,0.000595939,0.000795946,0.000199095,0.000467843,0.001263737,0.001694653,0.000165879,0.000617441,0.002183632,0.00016634,0.66412878,0.113964096,0.000846981,0.000528756,0.002327268,0.000444405,0.996423662,0.001862672,0.000163021,0.000139673,0.000367103,0.000452654,5.67E-05,0,0,0,0,0,0,0,0,0,0,0,0,0,0,0,1,0,0,0,0,0,1,0,0,0,0,0,0
ast_early_fusion,724054_0,Crickets,Crickets,Crickets,0.996632993,-7.885691166,-6.295606136,-7.858809471,-8.858868599,-7.497988701,5.690367699,-6.552721024,-8.059518814,-7.426372051,-6.018341064,-6.87947464,-7.911820889,-6.560261726,-7.844340801,-8.451853752,-7.737453461,-7.610980034,-6.985978603,-6.782007217,-7.2565732,-7.881680012,-6.399310589,-7.339758873,-7.867432117,-8.772655487,-6.979831696,-6.306098938,-8.874221802,0.000375945,0.001840996,0.000386184,0.000142096,0.000553891,0.996632993,0.001424198,0.000315979,0.000594989,0.002427795,0.001027627,0.000366253,0.001413514,0.00039181,0.000213459,0.000435991,0.000494742,0.000923903,0.001132712,0.000705024,0.000377456,0.001659943,0.000648786,0.00038287,0.000154888,0.000929595,0.001821814,0.000139931,0,0,0,0,0,1,0,0,0,0,0,0,0,0,0,0,0,0,0,0,0,0,0,0,0,0,0,0
ast_early_fusion,724054_3,Crickets,"Bird sounds,Crickets",Crickets,0.99564904,-6.624207497,3.560795069,-7.266055584,-8.655925751,-6.610929966,5.433006287,-6.036947727,-7.666161537,-7.208557129,-6.763952732,-6.571084499,-7.212384224,-6.971817017,-7.334008694,-8.491447449,-7.560364723,-7.742580414,-7.031110764,-7.588065147,-7.354201794,-6.770915508,-5.899799347,-7.629961491,-7.544734001,-8.652685165,-6.791343212,-6.525532246,-8.49275589,0.001326071,0.972368896,0.000698375,0.000174062,0.001343772,0.99564904,0.002383146,0.000468193,0.000739677,0.001153324,0.00139832,0.000736854,0.000937068,0.000652525,0.000205174,0.000520414,0.000433762,0.000883169,0.000506204,0.000639489,0.001145331,0.002732507,0.000485444,0.000528608,0.000174627,0.001122198,0.001463394,0.000204906,0,1,0,0,0,1,0,0,0,0,0,0,0,0,0,0,0,0,0,0,0,0,0,0,0,0,0,0
ast_early_fusion,724584_0,"Footsteps,Speech","Footsteps,Speech",Speech,0.99728632,-6.845759869,-5.745531559,-8.843273163,-8.519001961,-6.976215363,-7.09715414,-6.557920456,-8.545945168,-8.000480652,-8.848622322,4.647720337,-7.457825661,-8.663059235,-6.130816936,-9.004754066,-8.439889908,-7.075894356,-6.001533508,-4.892005444,-6.481960297,-8.086489677,5.906730652,-8.414963722,-8.973870277,-8.941147804,-8.651244164,-8.21587944,-11.21754551,0.001062827,0.003186846,0.000144329,0.000199599,0.000932959,0.000826772,0.001416823,0.000194294,0.000335189,0.000143559,0.990507483,0.000576577,0.000172825,0.002170084,0.000122809,0.000216027,0.000844522,0.002468843,0.007450428,0.001528467,0.000307573,0.99728632,0.000221478,0.000126661,0.000130874,0.000174879,0.000270254,1.34E-05,0,0,0,0,0,0,0,0,0,0,1,0,0,0,0,0,0,0,0,0,0,1,0,0,0,0,0,0
ast_early_fusion,724584_1,Speech,Speech,Speech,0.998310208,-6.988093853,-5.851746559,-7.578005314,-8.33737278,-6.739099979,-8.010040283,-7.808445454,-7.842670918,-7.611996651,-6.868303299,-5.17566061,-7.491435528,-7.479488373,-5.087451458,-8.09072113,-7.491684437,-7.724140167,-7.439455509,-5.17986393,-7.567256451,-7.770203114,6.381429195,-6.981850624,-8.603411674,-8.743684769,-7.45122385,-7.157997608,-8.95708847,0.000921953,0.002866633,0.000511319,0.000239343,0.001182312,0.000332001,0.000406124,0.000392465,0.000494239,0.001039159,0.005620711,0.000557531,0.000564228,0.006135853,0.000306275,0.000557392,0.000441831,0.00058726,0.005597267,0.000516842,0.000421949,0.998310208,0.000927722,0.000183445,0.00015944,0.000580393,0.000778006,0.000128804,0,0,0,0,0,0,0,0,0,0,0,0,0,0,0,0,0,0,0,0,0,1,0,0,0,0,0,0
ast_early_fusion,724932_0,Tram,,Tram,0.121512912,-5.354728222,-6.286896706,-4.169212341,-4.824624062,-7.845841408,-6.345266342,-5.811929226,-6.333703995,-5.084580421,-4.741140842,-2.918568134,-5.732417583,-6.407095909,-7.687410355,-6.033655643,-6.731024265,-7.702360153,-7.025439262,-6.280898571,-5.780980587,-7.625693321,-5.26625967,-5.838630199,-1.978180528,-7.903023243,-6.68333149,-2.032037973,-6.611526012,0.004703525,0.00185707,0.01522893,0.007965611,0.000391223,0.00175196,0.00298273,0.001772299,0.006153386,0.008653151,0.051243268,0.003228778,0.001647091,0.000458354,0.002390986,0.001191888,0.000451556,0.000888187,0.001868221,0.003076196,0.000487519,0.005136367,0.00290437,0.121512912,0.000369488,0.001250037,0.11587996,0.001342972,0,0,0,0,0,0,0,0,0,0,0,0,0,0,0,0,0,0,0,0,0,0,0,0,0,0,0,0
ast_early_fusion,724932_2,Tram,Tram,Tram,0.738964915,-6.224211693,-5.793536663,-5.519227028,-6.048138142,-7.097856522,-6.373886108,-5.607884407,-6.295898438,-6.797677517,-6.354458809,-6.187006474,-6.687380791,-7.521987915,-7.14920187,-7.092244625,-7.734929562,-7.198202133,-4.892819405,-6.717749596,-5.71292448,-7.469459057,-5.766262054,-4.352343082,1.04059577,-7.661143303,-6.463902473,-4.342488289,-4.774655342,0.001976969,0.003037929,0.003992938,0.002356689,0.000826192,0.001702615,0.003655412,0.001840458,0.00111512,0.001735957,0.002051754,0.001244992,0.000540763,0.000784874,0.000830838,0.000437092,0.00074737,0.007444412,0.001207796,0.003292125,0.000569912,0.003121665,0.012712907,0.738964915,0.000470547,0.001556275,0.012837194,0.008370338,0,0,0,0,0,0,0,0,0,0,0,0,0,0,0,0,0,0,0,0,0,0,0,1,0,0,0,0
ast_early_fusion,725576_0,"Boat,Waves",Footsteps,Footsteps,0.747121334,-6.920789242,-6.23980093,-3.130167961,-7.889368534,-6.8038764,-6.278213024,-5.476821899,-7.886750698,-7.551047325,-1.842420936,1.083317637,-5.891042233,-5.103766918,-6.971961975,-6.29475069,-6.017568111,-6.636778831,-7.808402061,-7.25851202,-6.18402195,-6.592075348,-6.298235416,-8.481114388,-7.581832886,-7.547942162,-7.074371815,-0.6248523,-7.020552158,0.000986077,0.001946448,0.04187987,0.000374566,0.001108237,0.001873236,0.00416518,0.000375547,0.000525283,0.136765227,0.747121334,0.002756475,0.006037155,0.000936932,0.001842568,0.002429668,0.001309527,0.000406142,0.00070366,0.002057874,0.001369314,0.00183617,0.000207305,0.000509367,0.000526916,0.000845808,0.348678678,0.000892535,0,0,0,0,0,0,0,0,0,0,1,0,0,0,0,0,0,0,0,0,0,0,0,0,0,0,0,0
ast_early_fusion,726345_1,"Bird sounds,Helicopter",Bird sounds,Bird sounds,0.995871007,-6.938687801,5.485593796,-6.024270535,-8.878527641,-4.23936367,-7.861431122,-4.567041397,-9.893226624,-7.722726345,-7.411885262,-4.618846416,-1.972300172,-4.389940262,-7.913185596,-8.313912392,-5.643406391,-10.0508604,-0.050558195,-6.690054417,-6.257005692,-8.164341927,-6.973577976,-9.026409149,-9.537632942,-8.497594833,-9.356535912,-5.707514286,-9.788730621,0.000968602,0.995871007,0.002413477,0.00013933,0.014211874,0.000385174,0.010281837,5.05E-05,0.000442456,0.000603666,0.009767817,0.122142039,0.012249557,0.000365753,0.000245023,0.003528294,4.31E-05,0.48736316,0.001241672,0.001913309,0.000284543,0.000935421,0.000120179,7.21E-05,0.000203917,8.64E-05,0.003309925,5.61E-05,0,1,0,0,0,0,0,0,0,0,0,0,0,0,0,0,0,0,0,0,0,0,0,0,0,0,0,0
ast_early_fusion,726345_5,"Bird sounds,Helicopter",Bird sounds,Bird sounds,0.994768381,-6.046214104,5.247787476,-6.049896717,-8.077044487,-4.544835091,-5.817633629,-5.151277542,-9.216780663,-7.465722084,-7.234899044,-5.858407974,-2.640779257,-5.916669846,-7.026660919,-7.680360794,-5.400610447,-9.135716438,-1.885992527,-6.676091194,-6.528292179,-7.717576027,-5.370159149,-7.400721073,-9.049855232,-6.513269901,-8.09541893,-5.190723896,-8.402873993,0.002361217,0.994768381,0.002352558,0.000310491,0.010510284,0.002965814,0.005758646,9.93E-05,0.000572044,0.000720461,0.002847654,0.066559605,0.002686918,0.000887104,0.000461595,0.004493542,0.000107736,0.131702065,0.001259109,0.001459367,0.00044474,0.004631837,0.000610439,0.000117394,0.001481423,0.00030484,0.005537144,0.000224172,0,1,0,0,0,0,0,0,0,0,0,0,0,0,0,0,0,0,0,0,0,0,0,0,0,0,0,0
ast_early_fusion,727258_1,Tram,Train,Train,0.994192302,-6.26877594,-4.855557442,-7.143846512,-8.308948517,-7.177223682,-7.214514732,-7.297158241,-8.236338615,-6.821877003,-6.660595417,-6.664168358,-8.138885498,-7.642524242,-7.742604733,-8.349287987,-7.7646842,-7.197181225,-7.390145779,-7.729860783,-7.779288769,-6.717492104,-5.292870522,5.142751217,-6.499204636,-8.882516861,-6.663915157,-6.754131794,-8.236585617,0.001890964,0.007724855,0.000789085,0.000246242,0.000763202,0.000735287,0.000677003,0.000264782,0.001088488,0.001278746,0.001274192,0.000291877,0.000479386,0.000433752,0.000236509,0.000424284,0.000748133,0.000616925,0.000439312,0.000418135,0.001208107,0.005002161,0.994192302,0.001502375,0.000138775,0.001274514,0.001164694,0.000264717,0,0,0,0,0,0,0,0,0,0,0,0,0,0,0,0,0,0,0,0,0,0,1,0,0,0,0,0
ast_early_fusion,728779_0,"Bird sounds,Truck","Bird sounds,Footsteps",Bird sounds,0.995550036,-6.721524239,5.410387516,-6.894296169,-8.574399948,-1.161973119,-7.574934959,-7.035869122,-7.737589836,-8.160975456,-6.351652145,3.361115694,-4.650841236,-6.879607677,-7.488427162,-8.450554848,-6.497558594,-7.70908165,-6.056552887,-6.793890476,-7.96094799,-6.889370441,-5.884399414,-6.696440697,-7.865931034,-7.667534351,-7.438215256,-4.182931423,-8.251669884,0.001203251,0.995550036,0.001012524,0.000188844,0.238308936,0.000512891,0.00087898,0.000435931,0.000285502,0.001740828,0.966466904,0.009463154,0.001027491,0.000559209,0.000213736,0.001504846,0.000448532,0.002336988,0.001119346,0.000348701,0.001017519,0.002774796,0.001233777,0.000383445,0.000467551,0.000587988,0.015024547,0.000260755,0,1,0,0,0,0,0,0,0,0,1,0,0,0,0,0,0,0,0,0,0,0,0,0,0,0,0,0
ast_early_fusion,foi107_1375801545000,Plane,Plane,Plane,0.995398104,-7.297961712,-6.657743454,-7.757979393,-7.972707748,-6.634718418,-6.599126339,-7.327900887,-7.580776691,-6.622913837,-6.909628391,-6.567102909,-7.510312557,-7.949727058,-7.249741554,-8.114739418,-7.261954308,-7.537306309,5.376672745,-7.205704212,-7.191218853,-7.794826508,-6.040559769,-6.996930122,-7.83654356,-7.881105423,-7.206699848,-6.584616184,-7.599898815,0.000676459,0.001282394,0.000427137,0.000344625,0.001312224,0.001359706,0.00065652,0.000509905,0.001327786,0.000997133,0.001403891,0.00054711,0.000352634,0.000709854,0.000299009,0.000701243,0.000532547,0.995398104,0.000741789,0.000752604,0.000411691,0.002374574,0.00091385,0.000394876,0.000377672,0.000741051,0.001379552,0.000500252,0,0,0,0,0,0,0,0,0,0,0,0,0,0,0,0,0,1,0,0,0,0,0,0,0,0,0,0
ast_early_fusion,foi107_1375955612000,Plane,Plane,Plane,0.995799601,-7.399549007,-6.79146719,-7.418956757,-8.28989315,-6.558594704,-7.059187412,-7.571503162,-7.719669819,-6.597202301,-6.884552956,-6.715544701,-7.351853848,-8.051127434,-7.202805996,-8.28301239,-8.023974419,-7.398508072,5.468363285,-7.35305357,-7.254372597,-7.924985409,-6.032944202,-7.425802231,-8.004760742,-7.641151905,-7.391272068,-6.384109497,-7.651080608,0.000611155,0.001122059,0.000599415,0.000250978,0.001415869,0.000858738,0.000514653,0.00044381,0.001362321,0.001022427,0.001210459,0.000640991,0.000318641,0.00074394,0.000252711,0.000327408,0.000611791,0.995799601,0.000640223,0.000706576,0.000361464,0.002392684,0.000595328,0.000333758,0.000480044,0.000616231,0.001685326,0.000475304,0,0,0,0,0,0,0,0,0,0,0,0,0,0,0,0,0,1,0,0,0,0,0,0,0,0,0,0
ast_early_fusion,foi107_1376051743000,Music,Music,Music,0.98523128,-8.001277924,-6.598596096,-7.35666275,-6.47928381,-5.087525368,-7.481787682,-6.940810204,-8.028087616,-3.199335337,-6.444890022,-6.889464855,-7.637444496,-7.208877087,-7.98440218,-8.430636406,4.200369835,-8.101590157,-6.955812931,-7.537443161,-6.616029739,-7.891964436,-6.150102139,-7.539353848,-7.808543205,-6.578576565,-6.531332493,-6.891663551,-8.008207321,0.000334922,0.001360426,0.000637918,0.001532557,0.006135402,0.000562933,0.00096655,0.000326065,0.039190743,0.0015861,0.001017423,0.000481827,0.00073944,0.00034062,0.000218035,0.98523128,0.000302965,0.000952171,0.000532474,0.001336946,0.000373595,0.002128723,0.000531458,0.000406084,0.001387897,0.001454943,0.00101519,0.00033261,0,0,0,0,0,0,0,0,0,0,0,0,0,0,0,1,0,0,0,0,0,0,0,0,0,0,0,0
ast_early_fusion,foi107_1376300949000,Music,Falling water/Rain,Falling water/Rain,0.990511358,-6.891798019,-6.401033878,-7.044865608,-7.471611023,-7.020283222,-7.007870674,-7.091125488,-7.994538307,4.648125172,-6.924917221,-3.875770807,-6.495535374,-7.140895367,-7.053263664,-7.377580166,-6.499583721,-7.798233509,-6.499856472,-6.445627213,-7.361606121,-7.32239151,-5.295018673,-6.134249687,-7.695764542,-7.163675308,-7.201322556,-6.555582047,-7.402029514,0.001015054,0.00165709,0.000871115,0.000568687,0.000892775,0.000903915,0.000831768,0.000337186,0.990511358,0.000982019,0.020317005,0.001507889,0.000791416,0.000863836,0.000624721,0.001501806,0.000410291,0.001501397,0.001584933,0.000634774,0.000660144,0.00499148,0.002162663,0.000454542,0.000773605,0.000745044,0.001420135,0.000609642,0,0,0,0,0,0,0,0,1,0,0,0,0,0,0,0,0,0,0,0,0,0,0,0,0,0,0,0
ast_early_fusion,foi107_1376313329000,Music,Music,Music,0.99579668,-7.84280014,-7.905612946,-8.51283741,-9.425339699,-7.52153635,-8.274271965,-8.465777397,-9.484967232,-9.424793243,-7.869869232,-6.69533205,-10.14862633,-9.41632843,-9.131555557,-9.700011253,5.46766758,-7.578073025,-8.014324188,-2.698440075,-7.603199005,-8.293358803,-0.329164565,-8.969161987,-6.667248726,-11.01487255,-8.808582306,-7.570218563,-10.19306755,0.000392414,0.000368533,0.000200833,8.06E-05,0.000541007,0.000254929,0.000210508,7.60E-05,8.07E-05,0.000381938,0.001235144,3.91E-05,8.14E-05,0.000108185,6.13E-05,0.99579668,0.000511284,0.000330582,0.063065469,0.000498604,0.00025011,0.418443918,0.000127259,0.001270278,1.65E-05,0.000149423,0.000515314,3.74E-05,0,0,0,0,0,0,0,0,0,0,0,0,0,0,0,1,0,0,0,0,0,0,0,0,0,0,0,0
ast_early_fusion,foi107_1376471609000,Plane,"Music,Plane",Music,0.808630645,-6.340867519,-5.694705486,-6.87654829,-6.73755455,-6.596989632,-6.582984447,-6.450387955,-6.98208189,-5.558673382,-5.348546982,-5.632889748,-6.904006481,-6.975028515,-7.253192902,-7.580508232,1.441136599,-7.266152382,0.506502807,-6.36804533,-6.287977695,-7.013336182,-5.463041306,-6.888382435,-7.023471832,-7.628364086,-6.466898441,-5.906142235,-7.382863522,0.001759671,0.003352451,0.001030636,0.001184139,0.00136261,0.001381801,0.001577417,0.000927507,0.00383909,0.004732552,0.003565462,0.001002749,0.000934066,0.00070741,0.000510042,0.808630645,0.000698308,0.623986244,0.001712571,0.001855067,0.000898993,0.004222732,0.001018523,0.000889935,0.000486219,0.001551627,0.002715277,0.000621431,0,0,0,0,0,0,0,0,0,0,0,0,0,0,0,1,0,1,0,0,0,0,0,0,0,0,0,0
ast_early_fusion,foi107_1377514593000,Falling water/Rain,Falling water/Rain,Falling water/Rain,0.996233642,-7.681318283,-6.726890087,-8.058794022,-8.283442497,-6.517418861,-7.496513367,-7.820382595,-8.439681053,5.577881336,-6.703120232,-6.384691238,-7.834918976,-7.27427578,-7.721755981,-7.761525154,-6.266597748,-7.919863224,-6.640807629,-7.360787392,-7.715300083,-7.470225811,-5.77254343,-6.964138985,-8.241075516,-5.939869404,-7.119959831,-7.062077522,-8.274333954,0.000461154,0.00119682,0.000316208,0.000252602,0.001475298,0.000554708,0.000401307,0.000216072,0.996233642,0.001225573,0.001684348,0.000395518,0.000692662,0.000442886,0.000425625,0.001895079,0.00036332,0.001304269,0.000635294,0.000445753,0.000569475,0.003102179,0.000944284,0.000263531,0.002625462,0.000808146,0.000856262,0.000254913,0,0,0,0,0,0,0,0,1,0,0,0,0,0,0,0,0,0,0,0,0,0,0,0,0,0,0,0
ast_early_fusion,foi107_1377519743000,Music,Music,Music,0.978406966,-6.904979706,-4.794527531,-7.123792648,-7.709490776,-6.510765076,-6.005318165,-5.934710503,-7.579467773,-7.106125355,-6.081626892,-5.952640533,-7.567274094,-6.771134853,-7.446768761,-6.92476511,3.813555956,-7.858795166,-2.394731522,-6.393945694,-7.137029171,-7.005014896,-5.596272469,-6.935285091,-7.350186825,-8.148331642,-6.501155853,-6.276696205,-7.0541749,0.001001775,0.008206995,0.000805057,0.000448349,0.001485132,0.00245954,0.002639006,0.000510572,0.000819394,0.00227925,0.002592232,0.000516833,0.00114508,0.000582983,0.000982168,0.978406966,0.00038619,0.083575323,0.001668858,0.000794479,0.000906498,0.003697948,0.0009719,0.00064206,0.000289134,0.001499451,0.001876074,0.00086305,0,0,0,0,0,0,0,0,0,0,0,0,0,0,0,1,0,0,0,0,0,0,0,0,0,0,0,0
ast_early_fusion,foi107_1377520773000,Plane,Plane,Plane,0.995409667,-7.589599609,-6.32006979,-7.550957203,-7.744952679,-5.357162952,-6.888846874,-7.376739979,-7.965456486,-6.480578899,-6.466542244,-6.398100853,-7.774463177,-7.88561821,-7.12914753,-8.097586632,-7.561649323,-7.891351223,5.379213333,-7.060406685,-7.937924385,-7.916312218,-6.143317223,-6.836423397,-8.165898323,-7.08829546,-7.046792984,-6.218076229,-7.610687256,0.000505428,0.001796584,0.000525331,0.000432735,0.004692141,0.001018051,0.000625246,0.000347133,0.001530577,0.001552179,0.001661949,0.000420156,0.000375973,0.000800761,0.00030418,0.000519747,0.000373824,0.995409667,0.000857693,0.000356819,0.000364612,0.002143184,0.001072785,0.000284101,0.000834123,0.000869439,0.001989111,0.000494886,0,0,0,0,0,0,0,0,0,0,0,0,0,0,0,0,0,1,0,0,0,0,0,0,0,0,0,0
ast_early_fusion,foi107_1377530483000,Plane,Plane,Plane,0.991989791,-6.858969688,-6.442348957,-7.330172539,-7.733595848,-7.057303429,-6.325560093,-6.996202946,-7.261949062,-6.353857994,-6.545870304,-6.195437431,-7.205637455,-7.339800358,-6.825708866,-7.646461964,-4.605788231,-7.378043175,4.819000244,-6.649885654,-6.735873699,-7.645340919,-5.832118034,-6.992319584,-7.648445129,-7.731001854,-6.816037655,-6.488510609,-7.069293499,0.001048894,0.001590129,0.000655031,0.000437675,0.000860356,0.001786765,0.000914514,0.000701247,0.001736999,0.001433974,0.002034563,0.000741838,0.000648759,0.001084329,0.000477503,0.009894934,0.000624432,0.991989791,0.001292497,0.001186129,0.000478039,0.00292329,0.000918069,0.000476558,0.000438811,0.001094855,0.001518503,0.000850111,0,0,0,0,0,0,0,0,0,0,0,0,0,0,0,0,0,1,0,0,0,0,0,0,0,0,0,0
ast_early_fusion,foi107_1377530543000,Plane,Plane,Plane,0.994374394,-7.392078876,-6.971878529,-7.494114876,-8.157739639,-7.176537991,-6.754628181,-7.300979137,-7.446157455,-6.697618961,-6.733194351,-6.669495106,-7.846209049,-7.881155491,-7.170552254,-8.035305977,-6.283071995,-7.725673199,5.174789906,-7.052126884,-7.118197441,-7.911581993,-6.107925892,-7.305710316,-7.796477318,-8.133660316,-7.085294724,-6.615189552,-7.212087631,0.000615734,0.000937011,0.00055604,0.000286427,0.000763726,0.001164116,0.000674423,0.00058334,0.001232326,0.001189307,0.001267431,0.000391079,0.000377654,0.000768307,0.000323721,0.001864173,0.000441155,0.994374394,0.000864817,0.00080957,0.00036634,0.002220221,0.000671241,0.000411012,0.000293406,0.000836627,0.001338068,0.000737072,0,0,0,0,0,0,0,0,0,0,0,0,0,0,0,0,0,1,0,0,0,0,0,0,0,0,0,0
ast_early_fusion,foi107_1377595915000,Falling water/Rain,Falling water/Rain,Falling water/Rain,0.99648869,-7.525417328,-6.921335697,-8.005121231,-7.985835075,-5.753031254,-7.520442009,-7.490463734,-8.340327263,5.648237705,-6.639808655,-6.447458744,-8.507434845,-7.593343258,-7.601131916,-8.368083954,-7.030599117,-8.304006577,-7.795783997,-7.250564575,-7.801239491,-8.165966988,-6.037563801,-7.723637581,-7.809764385,-7.582262039,-7.395806789,-7.475087643,-8.158315659,0.000538913,0.000985539,0.000333638,0.000340133,0.00316311,0.000541599,0.000558072,0.000238637,0.99648869,0.001305571,0.001582037,0.00020192,0.00050354,0.000499636,0.000232106,0.00088362,0.000247462,0.000411297,0.00070927,0.00040906,0.000284081,0.002381682,0.000442053,0.000405589,0.000509148,0.000613445,0.000566715,0.000286262,0,0,0,0,0,0,0,0,1,0,0,0,0,0,0,0,0,0,0,0,0,0,0,0,0,0,0,0
ast_early_fusion,foi107_1377596095000,Falling water/Rain,Falling water/Rain,Falling water/Rain,0.996750236,-7.549024582,-6.75858736,-7.567483902,-7.885982037,-7.045564175,-7.652772903,-7.400334835,-8.794643402,5.725927353,-5.817632675,-7.184813976,-8.430232048,-8.038827896,-7.691297054,-8.094305038,-7.656818867,-8.007686615,-7.89162159,-7.37815094,-7.825305462,-7.993685722,-6.256422997,-7.183642387,-7.895920753,-7.815877438,-7.345117092,-7.009830952,-8.136051178,0.000526346,0.001159522,0.000516724,0.000375836,0.000870507,0.000474501,0.000610675,0.00015152,0.996750236,0.002965817,0.000757436,0.000218123,0.000322583,0.000456577,0.00030518,0.000472586,0.000332783,0.000373723,0.000624365,0.000399337,0.000337474,0.001914423,0.000758323,0.00037212,0.000403118,0.000645321,0.000902147,0.000292705,0,0,0,0,0,0,0,0,1,0,0,0,0,0,0,0,0,0,0,0,0,0,0,0,0,0,0,0
ast_early_fusion,foi107_1377597375000,Falling water/Rain,"Falling water/Rain,Music",Music,0.908751905,-7.54662323,-6.193933964,-7.673336029,-6.046532631,-6.610704899,-7.160899639,-6.876300335,-7.619978905,0.290770859,-6.436112881,-6.173823833,-7.334020138,-7.005601883,-7.509160042,-7.114656925,2.298490524,-7.942862988,-7.7648139,-7.05104351,-6.657371998,-7.070722103,-5.622074604,-7.387456417,-7.389259338,-7.106235981,-6.960768223,-6.693534374,-7.712463856,0.000527611,0.002037618,0.000464848,0.002360467,0.001344074,0.000775754,0.001030891,0.000490312,0.572184861,0.00160006,0.002078924,0.000652517,0.000905967,0.000547741,0.000812439,0.908751905,0.000355062,0.000424229,0.000865754,0.00128287,0.000848898,0.003604093,0.000618585,0.000617472,0.000819304,0.000947469,0.001237363,0.000447018,0,0,0,0,0,0,0,0,1,0,0,0,0,0,0,1,0,0,0,0,0,0,0,0,0,0,0,0
ast_early_fusion,foi107_1377788709000,Music,Music,Music,0.993453264,-7.477845669,-6.444990158,-7.729728699,-8.010790825,-6.911411762,-7.337124825,-6.890501499,-8.717882156,-7.304077148,-6.638312817,-6.591359138,-7.794848919,-7.940216541,-8.539148331,-7.070462227,5.022212029,-7.696223259,-6.305601597,-7.115367413,-7.477460861,-8.043662071,-5.780276775,-6.920330048,-7.915383816,-9.688053131,-7.720600128,-6.836709976,-8.132557869,0.000565155,0.001585941,0.00043937,0.000331752,0.000995358,0.000650496,0.001016369,0.000163607,0.000672338,0.001307522,0.001370293,0.000411681,0.000356003,0.000195619,0.000849119,0.993453264,0.000454334,0.001822719,0.000811862,0.000565372,0.000321028,0.003078355,0.00098653,0.000364951,6.20E-05,0.000443398,0.001072478,0.000293729,0,0,0,0,0,0,0,0,0,0,0,0,0,0,0,1,0,0,0,0,0,0,0,0,0,0,0,0
ast_early_fusion,foi107_1377870255000,Plane,Plane,Plane,0.994233906,-6.94960165,-6.441279888,-7.223635197,-7.721229553,-6.178193092,-6.406888962,-6.994567394,-7.247636318,-6.450705051,-6.700480461,-6.572092056,-7.185778141,-7.386333942,-6.935566425,-7.873858929,-7.619664669,-7.168842793,5.149979115,-7.179038048,-7.334443569,-7.770800114,-6.160695553,-6.728750229,-7.551828384,-7.069915771,-6.930641651,-6.362178326,-7.089715004,0.000958098,0.001591827,0.000728616,0.000443119,0.002069879,0.001647432,0.000916009,0.000711349,0.001576918,0.001228809,0.001396914,0.000756706,0.00061928,0.000971627,0.000380418,0.000490466,0.000769621,0.994233906,0.00076182,0.000652241,0.000421698,0.002106339,0.001194598,0.000524873,0.000849582,0.000976419,0.001722631,0.000832941,0,0,0,0,0,0,0,0,0,0,0,0,0,0,0,0,0,1,0,0,0,0,0,0,0,0,0,0
ast_early_fusion,foi107_1378123182000,Falling water/Rain,Falling water/Rain,Falling water/Rain,0.995784938,-7.476286411,-7.010387421,-7.524808884,-7.772132397,-6.900218964,-7.658206463,-7.616462708,-8.346237183,5.464861393,-6.051000118,-6.703315258,-7.871335506,-7.948108673,-7.456265926,-7.728720188,-6.916732311,-7.867838383,-7.386775494,-7.141777515,-7.721848011,-7.67806673,-5.846125603,-6.867067337,-8.0097332,-7.190795422,-7.329793453,-6.826328754,-8.127411842,0.000566036,0.000901645,0.000539241,0.000421136,0.001006551,0.000471931,0.000492038,0.000237231,0.995784938,0.002349969,0.001225335,0.000381379,0.000353205,0.000577476,0.000439813,0.000990082,0.000382715,0.000619007,0.000790718,0.000442845,0.000462655,0.002882744,0.001040443,0.000332103,0.000752922,0.000655279,0.001083658,0.000295244,0,0,0,0,0,0,0,0,1,0,0,0,0,0,0,0,0,0,0,0,0,0,0,0,0,0,0,0
ast_early_fusion,foi107_1378128522000,Falling water/Rain,Falling water/Rain,Falling water/Rain,0.995642304,-7.291702747,-6.479551315,-7.167883873,-7.767041683,-6.734323502,-7.333881378,-7.33861351,-8.399552345,5.431452274,-5.620354176,-6.603144169,-7.685668468,-7.989199638,-7.304030418,-7.562295437,-6.942258358,-8.059142113,-6.67658186,-6.825655937,-7.639129162,-7.455165863,-5.829763889,-6.815770149,-7.581990719,-6.501594543,-7.106890678,-6.642282963,-7.934248924,0.000680703,0.001532148,0.000770358,0.000423285,0.001187967,0.000652608,0.000649529,0.000224917,0.995642304,0.003610276,0.001354261,0.000459153,0.00033899,0.000672369,0.000519411,0.000965153,0.000316098,0.001258492,0.001084386,0.000481016,0.000578111,0.00293016,0.001095148,0.000509286,0.001498794,0.000818768,0.001302348,0.000358133,0,0,0,0,0,0,0,0,1,0,0,0,0,0,0,0,0,0,0,0,0,0,0,0,0,0,0,0
ast_early_fusion,foi107_1378131442000,Falling water/Rain,Falling water/Rain,Falling water/Rain,0.996562898,-7.619210243,-6.51449585,-7.687189579,-7.149122238,-6.100053787,-8.158249855,-8.079662323,-8.957943916,5.669684887,-4.661427021,-6.743581295,-8.181845665,-8.334182739,-7.563045979,-8.047935486,-5.565283298,-8.654756546,-7.839011669,-7.278520107,-7.886669636,-7.231311321,-5.933693886,-7.955407143,-7.61486721,-5.501371861,-7.557196617,-7.517608166,-8.876504898,0.000490688,0.00147961,0.000458455,0.000784937,0.002237728,0.000286281,0.00030968,0.000128694,0.996562898,0.009364441,0.001177032,0.000279607,0.000240108,0.000519022,0.000319659,0.003813894,0.000174265,0.000393903,0.00068973,0.000375578,0.000723048,0.002641683,0.000350637,0.000492823,0.00406458,0.000522065,0.000543136,0.000139612,0,0,0,0,0,0,0,0,1,0,0,0,0,0,0,0,0,0,0,0,0,0,0,0,0,0,0,0
ast_early_fusion,foi107_1378205346000,Falling water/Rain,Falling water/Rain,Falling water/Rain,0.996945322,-8.130835533,-6.78124094,-6.918322563,-8.080046654,-6.570957661,-7.771384716,-8.011979103,-9.01746273,5.788003445,-6.194364071,-6.755264282,-8.009518623,-8.009928703,-7.916921616,-7.868592739,-7.631663799,-8.192359924,-7.568855286,-7.197810173,-8.28082943,-8.062158585,-5.59311676,-7.292792797,-8.556603432,-7.484555244,-7.521923542,-7.046206474,-8.445846558,0.000294236,0.001133579,0.00098851,0.000309561,0.001398497,0.000421451,0.000331358,0.000121259,0.996945322,0.002036744,0.001163377,0.000332174,0.000332038,0.00036439,0.000382426,0.000484619,0.000276683,0.000516017,0.000747663,0.000253263,0.000315146,0.003709593,0.000679962,0.000192234,0.000561378,0.000540798,0.000869948,0.000214745,0,0,0,0,0,0,0,0,1,0,0,0,0,0,0,0,0,0,0,0,0,0,0,0,0,0,0,0
ast_early_fusion,foi107_1378376798000,Falling water/Rain,Falling water/Rain,Falling water/Rain,0.997114539,-7.311870098,-6.924962997,-7.358094215,-8.155299187,-6.657970905,-7.431998253,-7.78937006,-8.763596535,5.845165253,-5.756027222,-6.645930767,-8.081677437,-8.107236862,-7.808003902,-7.90136528,-8.123433113,-7.578062534,-7.548024178,-7.067718029,-8.345777512,-8.047681808,-6.236640453,-7.188577175,-8.555833817,-7.686191559,-7.515520573,-6.419230461,-8.554632187,0.000667122,0.000981974,0.000637006,0.000287127,0.001282103,0.000591653,0.000413942,0.000156297,0.997114539,0.003153678,0.001297613,0.000309056,0.00030126,0.000406303,0.000370101,0.000296421,0.00051129,0.000526873,0.00085145,0.00023734,0.00031974,0.001952597,0.000754593,0.000192382,0.000458913,0.00054427,0.001627258,0.000192614,0,0,0,0,0,0,0,0,1,0,0,0,0,0,0,0,0,0,0,0,0,0,0,0,0,0,0,0
ast_early_fusion,foi107_1378381988000,Falling water/Rain,Falling water/Rain,Falling water/Rain,0.996874094,-7.528393745,-6.869542122,-7.648490906,-7.973690033,-6.995257854,-7.677371502,-7.800942898,-8.625753403,5.764893055,-6.371946335,-6.944167137,-8.374660492,-8.072692871,-7.721201897,-8.158141136,-7.759027481,-8.167582512,-7.475223541,-7.144542217,-8.138747215,-8.01913929,-5.982927322,-7.230144501,-8.055009842,-7.563613415,-7.199246407,-7.154980183,-8.405560493,0.000537312,0.001037874,0.000476536,0.000344287,0.000915378,0.000462976,0.000409181,0.000179393,0.996874094,0.001705915,0.000963314,0.000230585,0.000311845,0.000443131,0.000286312,0.000426689,0.000283623,0.000566638,0.000788537,0.000291918,0.000328995,0.002515093,0.000723892,0.000317406,0.000518727,0.000746591,0.000780356,0.00022357,0,0,0,0,0,0,0,0,1,0,0,0,0,0,0,0,0,0,0,0,0,0,0,0,0,0,0,0
ast_early_fusion,foi107_1379073883000,Music,Music,Music,0.993789732,-7.77725172,-5.924473286,-6.834405422,-7.63603878,-5.460030556,-7.50301075,-6.349163532,-8.523333549,-7.674236774,-6.775457859,-6.249433994,-7.929196358,-7.213026047,-8.413965225,-8.156511307,5.075314999,-7.748858929,-6.040009022,-6.26159811,-7.396503448,-7.92318058,-5.554996014,-7.272595882,-7.440657616,-9.424218178,-7.437520981,-6.475041389,-7.59246397,0.000418987,0.002666088,0.00107495,0.000482504,0.004235411,0.000551118,0.001745158,0.000198736,0.000464429,0.001140146,0.001927824,0.000359946,0.000736381,0.0002217,0.000286779,0.993789732,0.000431048,0.002375879,0.00190456,0.000613018,0.000362117,0.003853179,0.000693826,0.000586555,8.07E-05,0.000588397,0.001539063,0.000503983,0,0,0,0,0,0,0,0,0,0,0,0,0,0,0,1,0,0,0,0,0,0,0,0,0,0,0,0
ast_early_fusion,foi108_1375953327000,Plane,Plane,Plane,0.994456649,-7.395821095,-7.020977497,-7.34493494,-8.559401512,-7.329825401,-7.199152946,-7.670133591,-7.715392113,-6.71402216,-6.951680183,-6.492080212,-6.338123322,-8.009793282,-7.165496826,-7.693475246,-7.170728207,-7.562299252,5.189598083,-7.09182024,-7.425255775,-8.004956245,-6.067121029,-7.839834213,-7.806872368,-8.150621414,-7.796194077,-6.212673187,-7.256886005,0.000613436,0.000892156,0.000645439,0.000191697,0.000655258,0.000746661,0.000466338,0.000445712,0.001212301,0.000956111,0.0015131,0.001764497,0.000332083,0.000772198,0.000455584,0.000768172,0.000519409,0.994456649,0.00083119,0.000595653,0.000333693,0.002312477,0.000393579,0.000406763,0.000288473,0.000411128,0.001999866,0.000704804,0,0,0,0,0,0,0,0,0,0,0,0,0,0,0,0,0,1,0,0,0,0,0,0,0,0,0,0
ast_early_fusion,foi108_1375953787000,Music,"Falling water/Rain,Music",Music,0.575838089,-7.423354149,-6.455465317,-6.300437927,-6.696415901,-7.205809593,-6.772976398,-5.611063957,-6.784490585,0.047951076,-5.505208969,-6.581842422,-7.025365829,-5.843118191,-7.066913605,-6.608520508,0.30571124,-7.466003895,-7.651625156,-6.789070129,-6.423243999,-7.565755844,-5.841231823,-6.709177971,-7.508828163,-7.690113068,-6.950937271,-5.654784679,-3.575973749,0.000596786,0.001569441,0.001832138,0.001233807,0.00074171,0.001142976,0.00364385,0.001129906,0.511985481,0.004049077,0.001383378,0.000888253,0.002891402,0.000852135,0.001347009,0.575838089,0.000571883,0.000475045,0.001124749,0.00162075,0.000517618,0.002896845,0.001218181,0.000547923,0.000457117,0.000956821,0.003488514,0.027226152,0,0,0,0,0,0,0,0,1,0,0,0,0,0,0,1,0,0,0,0,0,0,0,0,0,0,0,0
ast_early_fusion,foi108_1375969147000,Plane,Plane,Plane,0.995934248,-7.644356251,-7.032772541,-7.347707748,-8.473927498,-7.143733025,-6.899884224,-7.597053051,-8.014050484,-6.842799664,-6.940299988,-6.712110519,-7.779327869,-8.443206787,-7.6184659,-8.336919785,-7.538951397,-8.127149582,5.501083851,-7.327355862,-7.586598873,-8.301917076,-6.319700241,-7.201349258,-8.11009407,-8.676245689,-7.431107044,-6.686003208,-7.907719135,0.000478509,0.000881704,0.000643652,0.000208799,0.000789175,0.001006887,0.000501677,0.000330673,0.001065974,0.000967043,0.001214618,0.000418118,0.000215312,0.000491054,0.000239452,0.000531672,0.000295322,0.995934248,0.000656878,0.000506946,0.000247979,0.001797247,0.000745024,0.0003004,0.000170561,0.00059218,0.001246706,0.000367757,0,0,0,0,0,0,0,0,0,0,0,0,0,0,0,0,0,1,0,0,0,0,0,0,0,0,0,0
ast_early_fusion,foi108_1376042170000,Plane,Music,Music,0.988727331,-7.093913555,-5.980810642,-7.353860855,-7.592130661,-7.058769226,-7.0629673,-6.845992088,-7.764002323,-5.910176754,-6.438030243,-6.363525391,-7.736337662,-7.376286983,-7.874557495,-7.638332367,4.474033833,-7.924747467,-4.601618767,-6.84717083,-7.071316719,-7.651154041,-5.480983734,-7.184526443,-7.521868706,-8.820195198,-6.831858158,-6.782560825,-7.216430664,0.000829454,0.002520409,0.000639707,0.000504151,0.000859097,0.000855501,0.00106258,0.000424573,0.002704374,0.001597,0.001720316,0.000436477,0.000625529,0.000380153,0.000481399,0.988727331,0.00036155,0.009935865,0.00106133,0.000848394,0.000475269,0.004147953,0.000757654,0.000540828,0.000147698,0.001077689,0.001132086,0.00073388,0,0,0,0,0,0,0,0,0,0,0,0,0,0,0,1,0,0,0,0,0,0,0,0,0,0,0,0
ast_early_fusion,foi108_1376047950000,Falling water/Rain,Falling water/Rain,Falling water/Rain,0.995996833,-7.401841164,-6.796065807,-7.684784889,-7.882086754,-6.884706974,-7.33654356,-7.471191883,-8.434199333,5.516666412,-7.090543747,-6.492722511,-7.87668705,-7.754189491,-7.528177738,-7.761828899,-6.950342655,-7.928264618,-7.586488247,-7.028761387,-7.910274029,-7.457127571,-6.087656975,-6.64687109,-8.256556511,-7.339159489,-7.207383633,-6.489016533,-8.191267014,0.000609756,0.001116917,0.000459558,0.000377302,0.00102227,0.000650874,0.000568926,0.00021726,0.995996833,0.000832251,0.00151213,0.000379344,0.000428758,0.000537428,0.000425496,0.000957389,0.000360281,0.000507002,0.000885244,0.000366819,0.000576979,0.002265579,0.001296395,0.000259484,0.000649175,0.000740545,0.001517736,0.000276986,0,0,0,0,0,0,0,0,1,0,0,0,0,0,0,0,0,0,0,0,0,0,0,0,0,0,0,0
ast_early_fusion,foi108_1376060020000,Music,"Music,Speech",Speech,0.997945726,-7.522274971,-4.808637142,-7.59165144,-9.308778763,-7.451207638,-6.571245193,-5.875443459,-8.745045662,-8.3978405,-6.505597591,-4.718168736,-7.998681545,-8.597290039,-8.734435081,-5.977781296,0.694937766,-7.548751354,-7.804427147,-3.325838327,-7.569211483,-8.014131546,6.185778618,-8.659644127,-7.634791374,-9.981487274,-8.304929733,-6.663151264,-9.871815681,0.000540608,0.008092941,0.000504392,9.06E-05,0.000580403,0.001398096,0.002799689,0.000159223,0.000225303,0.001492815,0.008852453,0.000335792,0.000184571,0.000160921,0.002528036,0.667064488,0.00052649,0.000407759,0.034695342,0.000515833,0.000330646,0.997945726,0.000173416,0.000483106,4.62E-05,0.000247234,0.001275487,5.16E-05,0,0,0,0,0,0,0,0,0,0,0,0,0,0,0,1,0,0,0,0,0,1,0,0,0,0,0,0
ast_early_fusion,foi108_1376389382000,Music,Music,Music,0.993421376,-7.126200199,-6.762836456,-7.217263699,-7.313128471,-6.954928398,-7.776727676,-7.090642452,-8.241195679,-5.273163319,-6.510669708,-6.359389305,-7.236851215,-7.690487385,-7.924237728,-7.263650894,5.017323017,-7.221505642,-7.676800728,-7.257450581,-6.875993729,-7.85970211,-5.360185146,-7.289670944,-7.633257866,-8.909807205,-7.577186584,-6.116476536,-7.401034832,0.000803122,0.001154611,0.00073327,0.000666284,0.000953013,0.000419206,0.000832169,0.000263499,0.005101209,0.001485274,0.001727434,0.000719057,0.000456946,0.000361735,0.000700055,0.993421376,0.000730168,0.000463241,0.000704406,0.001031207,0.00038584,0.004678049,0.000682087,0.000483847,0.00013504,0.000511738,0.002201359,0.000610248,0,0,0,0,0,0,0,0,0,0,0,0,0,0,0,1,0,0,0,0,0,0,0,0,0,0,0,0
ast_early_fusion,foi108_1376392532000,Plane,Plane,Plane,0.995466352,-7.459835529,-6.67784071,-7.10236454,-8.468354225,-7.46216011,-6.921259403,-7.611854553,-7.620194435,-6.599760532,-7.052228928,-6.629385471,-7.969818592,-8.07554245,-7.27210474,-7.958959103,-7.226941586,-7.520093918,5.391684055,-7.113147259,-7.471718788,-7.669911385,-6.002454281,-7.737399578,-7.81736517,-8.066880226,-7.359003067,-6.595837116,-7.830016136,0.00057542,0.001256911,0.000822479,0.000209966,0.000574084,0.000985614,0.000494309,0.000490206,0.001358845,0.000864729,0.001319232,0.000345622,0.000310958,0.000694166,0.000349395,0.000726212,0.000541788,0.995466352,0.000813665,0.000568626,0.000466442,0.002466577,0.000436014,0.000402519,0.000313662,0.000636428,0.001364179,0.000397461,0,0,0,0,0,0,0,0,0,0,0,0,0,0,0,0,0,1,0,0,0,0,0,0,0,0,0,0
ast_early_fusion,foi108_1376392562000,Plane,Music,Music,0.985642731,-7.048964024,-5.867897987,-7.003891945,-7.235280991,-6.971920013,-6.64877367,-6.383016109,-7.587652206,-6.849038601,-6.252739429,-6.344352722,-7.554234028,-7.18489027,-7.696122646,-7.154933929,4.229037285,-7.24280405,-3.818486214,-6.43237114,-6.854924679,-7.518340588,-5.446107864,-6.821677685,-7.097667217,-8.935334206,-6.872852802,-6.143772602,-7.193344593,0.000867555,0.002820834,0.000907516,0.000720186,0.000936972,0.001293933,0.001687167,0.000506413,0.001059351,0.001921474,0.001753559,0.000523613,0.000757378,0.00045438,0.000780392,0.985642731,0.000714792,0.021489097,0.001606048,0.001053141,0.000542738,0.004294537,0.001088704,0.000826349,0.000131637,0.001034447,0.00214221,0.000751007,0,0,0,0,0,0,0,0,0,0,0,0,0,0,0,1,0,0,0,0,0,0,0,0,0,0,0,0
ast_early_fusion,foi108_1376401432000,Plane,Plane,Plane,0.995691836,-7.338719368,-6.917227745,-7.73961544,-8.31433773,-6.720871925,-6.744541645,-7.714646816,-7.75825119,-6.512616634,-7.190977097,-6.59732008,-7.566185474,-7.970027924,-7.215795994,-7.968681812,-7.337674618,-7.499130249,5.442930698,-7.253741264,-7.428195477,-7.875979424,-5.887908936,-7.726080894,-7.991633415,-7.955909729,-7.598632813,-6.717948914,-7.66211319,0.00064946,0.000989592,0.00043505,0.000244919,0.001204035,0.001175904,0.000446044,0.000427021,0.001482389,0.000752786,0.001362161,0.000517395,0.00034555,0.000734346,0.000346015,0.000650139,0.000553259,0.995691836,0.000707022,0.000593906,0.000379613,0.002765102,0.000440975,0.000338167,0.000350461,0.000500885,0.001207556,0.000470091,0,0,0,0,0,0,0,0,0,0,0,0,0,0,0,0,0,1,0,0,0,0,0,0,0,0,0,0
ast_early_fusion,foi108_1376473968000,Plane,Plane,Plane,0.994855285,-7.180820465,-6.963460445,-7.306311607,-8.343610764,-7.293628216,-6.721324921,-7.553251266,-7.631013393,-6.877453804,-6.820491791,-6.343791962,-7.747007847,-7.900781155,-7.138398647,-7.840544224,-7.565063,-7.61509943,5.264622211,-7.280343056,-7.321627617,-7.75389719,-6.012399673,-7.52149868,-7.728887081,-7.927751541,-7.126038551,-6.669734478,-7.275076866,0.000760464,0.000944924,0.000670838,0.000237855,0.000679395,0.001203491,0.000524128,0.000484934,0.001029704,0.001089995,0.001754541,0.000431847,0.000370317,0.000793393,0.0003933,0.000517976,0.000492709,0.994855285,0.000688475,0.000660649,0.000428883,0.002442227,0.000541028,0.00043974,0.000360466,0.000803252,0.001267128,0.000692108,0,0,0,0,0,0,0,0,0,0,0,0,0,0,0,0,0,1,0,0,0,0,0,0,0,0,0,0
ast_early_fusion,foi108_1376644698000,Plane,Plane,Plane,0.996185839,-7.721467495,-7.086041927,-7.420246601,-8.498133659,-7.124628544,-6.820604324,-7.621729851,-7.878864288,-6.552510262,-6.82875824,-6.522616863,-7.574776173,-8.012677193,-7.450860977,-7.878907681,-7.979273319,-7.820518494,5.565216064,-7.459805965,-7.188585758,-8.208094597,-5.844915867,-7.788528919,-7.971298218,-8.149569511,-7.556438446,-6.887215137,-7.6666646,0.000443013,0.000836003,0.000598643,0.000203807,0.000804384,0.001089872,0.000489454,0.00037852,0.001424498,0.001081031,0.001467661,0.000512972,0.000331127,0.000580604,0.000378503,0.000342371,0.000401252,0.996185839,0.000575437,0.000754586,0.000272365,0.002886224,0.00041429,0.000345111,0.000288776,0.000522461,0.001019712,0.000467958,0,0,0,0,0,0,0,0,0,0,0,0,0,0,0,0,0,1,0,0,0,0,0,0,0,0,0,0
ast_early_fusion,foi108_1376653098000,Plane,Plane,Plane,0.99546957,-7.735540867,-7.028493404,-7.743900299,-8.549840927,-6.94128418,-6.627591133,-7.461788177,-7.498730659,-6.901970387,-7.514810562,-6.897190094,-7.576331615,-7.93589592,-7.209929466,-7.831728935,-8.13701725,-7.524996758,5.392398834,-7.27603054,-7.450408459,-7.83553648,-6.150185108,-7.230194092,-7.948688984,-8.309041023,-7.825692177,-6.962397099,-7.344443798,0.000436825,0.000885481,0.00043319,0.000193538,0.000966093,0.001321598,0.000574298,0.00055348,0.001004791,0.000544656,0.001009601,0.000512175,0.000357543,0.000738663,0.000396781,0.000292423,0.00053914,0.99546957,0.000691448,0.000580867,0.000395274,0.002128547,0.000723856,0.000353,0.000246219,0.000399183,0.000945929,0.000645755,0,0,0,0,0,0,0,0,0,0,0,0,0,0,0,0,0,1,0,0,0,0,0,0,0,0,0,0
ast_early_fusion,foi108_1376991451000,Plane,Plane,Plane,0.984942436,-6.995769024,-6.50660944,-7.456073761,-6.921601772,-6.294167519,-6.376315117,-7.061888218,-7.309550762,-3.780371666,-6.119253635,-5.285350323,-6.853984356,-7.413243294,-6.719148636,-7.804008007,-4.10158968,-7.241726875,4.180701733,-6.519238949,-6.868208408,-7.81106329,-5.586837769,-6.636628151,-7.658793926,-7.043730259,-7.214238644,-6.809001923,-7.164503574,0.00091491,0.001491308,0.000577587,0.000985277,0.001843641,0.001698491,0.000856424,0.00066867,0.022305332,0.002195268,0.00503973,0.00105413,0.000602847,0.001206109,0.00040793,0.016277026,0.000715562,0.984942436,0.001472619,0.001039258,0.000405063,0.003732871,0.001309724,0.000471654,0.000872103,0.000735489,0.001102577,0.000772965,0,0,0,0,0,0,0,0,0,0,0,0,0,0,0,0,0,1,0,0,0,0,0,0,0,0,0,0
ast_early_fusion,foi108_1377010921000,Plane,Plane,Plane,0.996194243,-7.743897915,-6.880622387,-7.4430933,-8.477023125,-6.96580267,-6.944272518,-7.480723858,-7.979435444,-6.936050892,-7.149816036,-6.836109161,-7.863825321,-8.171225548,-7.345590591,-8.076080322,-7.698749542,-7.890822887,5.567433834,-7.298204899,-7.403814316,-7.939726353,-6.204350471,-7.734724998,-8.162278175,-8.249655724,-7.462748051,-6.687041283,-7.811310768,0.000433191,0.00102645,0.000585129,0.000208154,0.000942716,0.000963213,0.000563531,0.000342315,0.000971157,0.000784393,0.001073122,0.000384253,0.000282591,0.000645016,0.000310791,0.000453188,0.000374022,0.996194243,0.000676295,0.000608555,0.000356177,0.002016546,0.000437181,0.000285131,0.00026128,0.000573747,0.001245414,0.000404963,0,0,0,0,0,0,0,0,0,0,0,0,0,0,0,0,0,1,0,0,0,0,0,0,0,0,0,0
ast_early_fusion,foi108_1377170082000,Music,Music,Music,0.99188751,-7.516776562,-6.483932018,-7.222492695,-7.117017746,-7.159398556,-7.526791573,-6.920647144,-8.029713631,-3.922984838,-6.575340271,-6.780953884,-8.187243462,-7.629280567,-8.64177227,-7.678366184,4.806202412,-7.879369736,-8.366294861,-7.15217638,-7.15803051,-7.414681435,-6.007683754,-7.87518692,-7.799353123,-8.97829628,-7.176628113,-6.535235405,-7.392373085,0.000543587,0.001525461,0.000729448,0.000810525,0.000776918,0.000538173,0.000986217,0.000325535,0.019398225,0.00139239,0.001133904,0.000278102,0.000485774,0.000176543,0.000462516,0.99188751,0.000378328,0.000232522,0.000782545,0.000777981,0.000601982,0.002453743,0.000379914,0.000409832,0.000126102,0.000763657,0.001449284,0.000615553,0,0,0,0,0,0,0,0,0,0,0,0,0,0,0,1,0,0,0,0,0,0,0,0,0,0,0,0
ast_early_fusion,foi108_1377260940000,Music,Music,Music,0.996354938,-7.492718697,-5.704830647,-7.950969696,-8.185453415,-7.385433674,-8.11926651,-7.284329891,-9.006593704,-7.233246803,-7.696172714,-7.482560635,-8.460847855,-7.437754154,-8.805332184,-7.917012215,5.61071682,-8.141742706,-8.354855537,-7.567527294,-7.668076515,-8.220009804,-6.174544811,-8.484306335,-8.411364555,-10.05411625,-7.880869389,-7.13781023,-8.13442421,0.000556816,0.00331879,0.000352196,0.0002786,0.000619837,0.000297658,0.000685737,0.000122584,0.000721651,0.000454357,0.000562498,0.000211548,0.000588259,0.000149909,0.000364357,0.996354938,0.000291045,0.000235196,0.000516702,0.000467298,0.00026914,0.002077429,0.000206644,0.000222277,4.30E-05,0.000377762,0.000793859,0.000293182,0,0,0,0,0,0,0,0,0,0,0,0,0,0,0,1,0,0,0,0,0,0,0,0,0,0,0,0
ast_early_fusion,foi108_1377261390000,Plane,Plane,Plane,0.994507849,-7.450766087,-6.972952843,-7.498655319,-8.476670265,-7.484097958,-6.700585842,-7.616471767,-7.486465931,-6.835808277,-6.838984489,-6.434204578,-7.55176115,-7.865934372,-7.156306744,-7.781889915,-6.171487808,-7.602779865,5.198925018,-7.059353828,-7.532905102,-7.834010601,-6.003990173,-7.424887657,-8.027913094,-8.229810715,-7.290724277,-6.801032066,-6.97723341,0.000580659,0.000936005,0.000553522,0.000208228,0.000561634,0.001228679,0.000492033,0.000560307,0.001073445,0.001070044,0.001603111,0.000524909,0.000383444,0.000779322,0.000417049,0.002083776,0.000498813,0.994507849,0.000858595,0.000534895,0.000395877,0.002462801,0.000595873,0.000326122,0.000266516,0.000681369,0.00111139,0.000932011,0,0,0,0,0,0,0,0,0,0,0,0,0,0,0,0,0,1,0,0,0,0,0,0,0,0,0,0
ast_early_fusion,foi108_1377263580000,Plane,Plane,Plane,0.995967865,-7.445847034,-7.009348392,-7.677826881,-8.287508965,-6.972716808,-7.038033009,-7.525592327,-7.66344738,-6.589689732,-7.331940174,-6.50733757,-7.782835007,-8.005999565,-7.215380192,-7.730308056,-7.70614481,-7.49835968,5.509418011,-7.160045624,-7.207870483,-7.694283009,-5.76220417,-7.812717438,-7.90609169,-7.881669521,-7.584332943,-7.084809303,-7.703464985,0.000583521,0.000902582,0.000462766,0.000251577,0.000936226,0.000877082,0.000538819,0.000469465,0.00137258,0.000653875,0.001490224,0.000416655,0.000333345,0.000734651,0.000439116,0.000449851,0.000553686,0.995967865,0.000776416,0.000740185,0.000455216,0.003134319,0.000404394,0.000368356,0.00037746,0.000508095,0.000837033,0.000451057,0,0,0,0,0,0,0,0,0,0,0,0,0,0,0,0,0,1,0,0,0,0,0,0,0,0,0,0
ast_early_fusion,foi108_1377508269000,Plane,Plane,Plane,0.982699037,-7.374151707,-5.990879059,-6.621375084,-7.383209229,-6.173880577,-5.505267143,-5.807999611,-7.238860607,-6.896142483,-6.601286888,-5.916455746,-7.516427994,-7.001842022,-7.120983124,-6.350857258,-4.516050339,-7.325468063,4.039539814,-6.947181225,-6.6245718,-7.398982525,-5.504018784,-4.670222759,-7.523873806,-7.034634113,-5.656806946,-6.246096611,-7.29066515,0.000626865,0.002495222,0.001329828,0.000621217,0.002078806,0.004048842,0.002994439,0.000717614,0.001010658,0.001356775,0.002687492,0.000543777,0.000909376,0.00080732,0.00174221,0.010813897,0.000658118,0.982699037,0.000960418,0.001325589,0.000611501,0.00405388,0.009283196,0.000539745,0.000880065,0.003481491,0.001934255,0.00068141,0,0,0,0,0,0,0,0,0,0,0,0,0,0,0,0,0,1,0,0,0,0,0,0,0,0,0,0
ast_early_fusion,foi108_1377529879000,Plane,Plane,Plane,0.979590893,-6.587759972,-6.021239758,-6.319319248,-7.09150362,-6.945899963,-6.052606583,-6.524434566,-6.547852516,-5.350634575,-5.518789768,-5.561897278,-7.009988308,-7.044549465,-6.834106922,-7.28202486,-3.161149502,-7.053195,3.8711555,-6.265753269,-6.461541653,-7.057150364,-5.654933453,-6.754455566,-7.177260876,-7.8149786,-6.534013748,-5.808477402,-6.276311398,0.001375227,0.002420785,0.001797931,0.000831453,0.000961648,0.002346206,0.001464999,0.001431139,0.004722728,0.003994677,0.003826781,0.000902005,0.00087139,0.001075271,0.000687319,0.040654197,0.000863895,0.979590893,0.001896677,0.001559948,0.000860488,0.003487997,0.001164317,0.000763174,0.000403481,0.001451053,0.002993013,0.001876795,0,0,0,0,0,0,0,0,0,0,0,0,0,0,0,0,0,1,0,0,0,0,0,0,0,0,0,0
ast_early_fusion,foi108_1377596880000,Music,Music,Music,0.96982646,-7.253506184,-5.415746689,-6.005749702,-7.044126511,-6.823771954,-7.1803689,-6.032205582,-7.543735981,-5.291913509,-5.867946148,-6.105587006,-6.963509083,-6.228309155,-8.026411057,-6.435768127,3.470149994,-7.896715164,-7.985835552,-7.06099987,-6.571730137,-7.421586514,-5.115353584,-7.279618263,-7.286625385,-8.516872406,-6.351536274,-6.16915226,-4.128578663,0.000707188,0.004426337,0.002458482,0.000871758,0.001086429,0.000760808,0.002394447,0.000529136,0.005006927,0.002820698,0.002225408,0.000944878,0.001968901,0.000326612,0.001600611,0.96982646,0.000371825,0.000340132,0.000857184,0.001397419,0.000597842,0.005968024,0.000688974,0.000684166,0.000200024,0.001741029,0.002088638,0.015850471,0,0,0,0,0,0,0,0,0,0,0,0,0,0,0,1,0,0,0,0,0,0,0,0,0,0,0,0
ast_early_fusion,foi108_1377782443000,Music,Music,Music,0.995283782,-7.537020683,-6.595794678,-7.394432068,-8.189901352,-7.20130825,-7.644375324,-7.40946722,-8.826620102,-6.890255451,-7.157433033,-6.766648769,-8.163673401,-7.962226391,-8.595617294,-7.92589283,5.352027416,-7.692629814,-8.057361603,-7.196721077,-7.414848328,-8.161477089,-5.816632748,-7.938441277,-7.993270874,-9.804004669,-7.545514107,-6.831643581,-7.930039883,0.000532699,0.001364237,0.000614288,0.000277364,0.000745054,0.0004785,0.000605127,0.000146752,0.001016619,0.000778445,0.001150223,0.000284733,0.000348255,0.00018488,0.000361137,0.995283782,0.000455969,0.000316661,0.000748477,0.000601881,0.000285359,0.002968775,0.000356635,0.000337614,5.52E-05,0.000528196,0.00107792,0.000359643,0,0,0,0,0,0,0,0,0,0,0,0,0,0,0,1,0,0,0,0,0,0,0,0,0,0,0,0
ast_early_fusion,foi108_1377863941000,Plane,Plane,Plane,0.99376303,-6.893192768,-6.513813496,-7.371183872,-7.990355968,-7.172990799,-6.756975651,-7.238913059,-7.088386536,-6.287075996,-6.678979397,-6.218678474,-7.611269951,-7.927875996,-6.988155365,-7.664103031,-5.665272713,-7.018444538,5.07100153,-6.822755337,-6.938694477,-7.383327484,-5.702199936,-7.112649441,-7.491295338,-7.802157879,-7.232200623,-6.400246143,-7.574725151,0.001013641,0.001480619,0.000628727,0.000338599,0.000766437,0.00116139,0.000717577,0.000834047,0.001856737,0.001255482,0.001987916,0.000494598,0.000360421,0.000921896,0.000469157,0.003452244,0.000894416,0.99376303,0.001087533,0.000968595,0.000621143,0.003327504,0.00081407,0.000557609,0.000408685,0.000722406,0.001658393,0.000512998,0,0,0,0,0,0,0,0,0,0,0,0,0,0,0,0,0,1,0,0,0,0,0,0,0,0,0,0
ast_early_fusion,foi108_1378115981000,Falling water/Rain,Falling water/Rain,Falling water/Rain,0.996392071,-7.297427654,-6.704476833,-7.597043037,-7.938687801,-6.878386497,-7.789888382,-7.504449844,-8.632238388,5.621017456,-6.860505104,-7.116690636,-8.041256905,-7.8425951,-7.691226006,-7.80313921,-7.438653946,-7.740983963,-7.30381155,-7.194079876,-8.053378105,-7.819859505,-6.033657551,-7.028071404,-8.272603989,-7.669282436,-7.225605011,-6.830168724,-8.253017426,0.00067682,0.001223914,0.000501682,0.000356547,0.001028745,0.000413728,0.000550326,0.000178233,0.996392071,0.001047286,0.00081079,0.000321801,0.000392495,0.000456609,0.000408284,0.000587731,0.000434455,0.000672516,0.000750455,0.000317925,0.000401517,0.002390981,0.000885855,0.000255354,0.000466735,0.000727183,0.001079509,0.000260404,0,0,0,0,0,0,0,0,1,0,0,0,0,0,0,0,0,0,0,0,0,0,0,0,0,0,0,0
ast_early_fusion,foi108_1378120431000,Falling water/Rain,Falling water/Rain,Falling water/Rain,0.994602084,-7.614244938,-6.83741951,-7.336885929,-7.468770981,-6.0976758,-7.860737801,-7.597195625,-8.241686821,5.216321468,-6.997596741,-6.038054466,-8.208286285,-8.044981003,-7.646946907,-8.128803253,-5.559193611,-8.127408981,-7.665807724,-7.070428371,-7.526464462,-7.741539955,-5.781360626,-7.69562912,-7.547003746,-6.809072971,-7.451842308,-6.884916306,-8.192596436,0.00049313,0.001071719,0.000650651,0.000570304,0.002243044,0.000385441,0.000501605,0.00026337,0.994602084,0.000913241,0.002380516,0.000272313,0.000320605,0.000477272,0.000294834,0.003837101,0.000295245,0.000468359,0.000849147,0.000538349,0.000434213,0.003075031,0.000454604,0.000527411,0.001102499,0.000580035,0.001022056,0.000276618,0,0,0,0,0,0,0,0,1,0,0,0,0,0,0,0,0,0,0,0,0,0,0,0,0,0,0,0
ast_early_fusion,foi108_1378387862000,Falling water/Rain,Falling water/Rain,Falling water/Rain,0.996504664,-7.240222454,-6.737725735,-7.991079807,-8.13451004,-7.062644482,-7.564065933,-7.85609436,-8.531232834,5.65282774,-7.149940491,-6.835725784,-8.028464317,-7.64106369,-7.832995415,-7.976743698,-7.610267162,-8.202358246,-7.328647614,-7.15167141,-8.107948303,-7.647072792,-6.23215723,-6.9607687,-8.219008446,-7.569964409,-7.229092121,-6.737928867,-8.352656364,0.000716638,0.001183936,0.000338354,0.000293157,0.000855777,0.000518493,0.000387234,0.000197173,0.996504664,0.000784295,0.001073533,0.000325942,0.000480087,0.000396279,0.000343238,0.000495094,0.000273932,0.00065603,0.00078294,0.000301045,0.000477212,0.001961353,0.000947469,0.00026941,0.000515445,0.000724653,0.001183696,0.000235714,0,0,0,0,0,0,0,0,1,0,0,0,0,0,0,0,0,0,0,0,0,0,0,0,0,0,0,0
ast_early_fusion,foi108_1379077616000,Music,Music,Music,0.819782257,-6.186423302,-6.039483547,-5.602092743,-7.89712429,-6.122080803,-5.24616766,-5.636534214,-7.397625923,-7.148050308,-4.63943243,-5.816859722,-6.200498104,-3.926225185,-7.755230904,-4.148073196,1.514872789,-7.425304413,-5.223675251,-6.263072491,-5.441216946,-7.83407259,-5.276782513,-5.473822594,-7.228114128,-7.613339901,-5.849836349,-5.765402317,-6.011442661,0.002052948,0.002377125,0.003676566,0.000371673,0.002189083,0.005240064,0.003552538,0.000612331,0.000785778,0.009570697,0.002968103,0.002024314,0.019336684,0.000428312,0.015549225,0.819782257,0.000595624,0.005358623,0.001901759,0.004315501,0.000395853,0.005082875,0.004177639,0.000725362,0.000493576,0.002872098,0.003124342,0.00244456,0,0,0,0,0,0,0,0,0,0,0,0,0,0,0,1,0,0,0,0,0,0,0,0,0,0,0,0
ast_early_fusion,foi109_1375782633000,Plane,Plane,Plane,0.996286631,-7.559172153,-7.054580688,-7.664956093,-8.630483627,-6.898177624,-6.777646065,-7.44123745,-7.629067421,-6.888105392,-6.815012932,-6.832874298,-7.605702877,-8.12681675,-7.403804779,-7.997634411,-7.725435257,-7.588184834,5.592100143,-7.13907671,-6.345536709,-8.257527351,-5.887718201,-7.406291485,-7.521913052,-8.331739426,-7.568216801,-6.636686802,-7.808306694,0.000521035,0.0008627,0.000468758,0.000178546,0.001008605,0.001137657,0.000586215,0.000485878,0.001018805,0.001095976,0.001076596,0.000497358,0.00029542,0.000608561,0.000336144,0.00044126,0.000506143,0.996286631,0.000792855,0.001751488,0.000259232,0.002765628,0.00060705,0.000540804,0.000240695,0.000516346,0.001309647,0.00040618,0,0,0,0,0,0,0,0,0,0,0,0,0,0,0,0,0,1,0,0,0,0,0,0,0,0,0,0
ast_early_fusion,foi109_1375787883000,Plane,Plane,Plane,0.995604515,-7.610349178,-6.699100018,-7.705750942,-8.308790207,-6.087426662,-6.590322971,-7.146440506,-7.646089554,-6.718191147,-6.778783321,-7.222217083,-7.773785591,-7.958151817,-7.015165806,-8.118169785,-7.674767971,-7.285220623,5.422775745,-7.015780449,-7.371881008,-7.843196392,-6.126689911,-7.115400791,-7.759759426,-7.250075817,-7.082016945,-6.522575855,-7.739984512,0.000495054,0.001230504,0.000450028,0.000246281,0.002266099,0.001371712,0.000787043,0.000477681,0.001207263,0.001136365,0.000729649,0.000420441,0.000349677,0.000897351,0.000297985,0.000464183,0.000685127,0.995604515,0.0008968,0.00062829,0.000392259,0.002179039,0.000811835,0.000426377,0.000709617,0.000839372,0.001467721,0.000434889,0,0,0,0,0,0,0,0,0,0,0,0,0,0,0,0,0,1,0,0,0,0,0,0,0,0,0,0
ast_early_fusion,foi109_1376050883000,Plane,Plane,Plane,0.995897055,-7.448826313,-6.894989491,-7.700497627,-8.149404526,-7.26602602,-6.85999012,-7.516545773,-7.715581894,-6.604434967,-7.082256317,-6.55922699,-7.888476849,-7.962139606,-7.508936882,-8.134255409,-7.391462326,-8.018567085,5.491924286,-7.222859859,-7.432040691,-8.111531258,-6.25530529,-7.736066341,-7.754078388,-8.303998947,-7.592020512,-6.720056057,-7.655120373,0.000581786,0.001011823,0.000452397,0.000288824,0.000698396,0.001047825,0.000543713,0.000445627,0.001352516,0.000839171,0.001414976,0.0003749,0.000348286,0.000547863,0.000293231,0.000616114,0.000329183,0.995897055,0.00072918,0.000591628,0.000299969,0.00191656,0.000436596,0.000428805,0.000247464,0.000504206,0.001205017,0.000473389,0,0,0,0,0,0,0,0,0,0,0,0,0,0,0,0,0,1,0,0,0,0,0,0,0,0,0,0
ast_early_fusion,foi109_1376050913000,Plane,Plane,Plane,0.996544659,-7.955303669,-6.854446888,-7.507330418,-8.604207039,-6.653810024,-6.882378101,-7.448764324,-7.817808151,-6.976500988,-7.102764606,-7.037018776,-8.045937538,-7.831765175,-7.332383156,-8.196984291,-8.197769165,-7.734012604,5.664372921,-7.410801888,-7.485361099,-8.192350388,-6.307788849,-7.456476212,-8.207406044,-7.969087124,-7.413407803,-6.592442036,-7.625472069,0.000350674,0.001053644,0.000548744,0.000183299,0.001287442,0.001024651,0.000581822,0.000402341,0.000932693,0.00082215,0.000877971,0.000320298,0.000396767,0.000653586,0.000275407,0.000275191,0.000437493,0.996544659,0.00060432,0.000560926,0.000276686,0.001818744,0.000577355,0.000272553,0.000345875,0.000602748,0.001368812,0.000487627,0,0,0,0,0,0,0,0,0,0,0,0,0,0,0,0,0,1,0,0,0,0,0,0,0,0,0,0
ast_early_fusion,foi109_1376387527000,Plane,Plane,Plane,0.989093184,-7.200190544,-5.971577644,-6.82475853,-7.48478651,-6.12486124,-6.498020649,-6.904370785,-6.793822765,-5.636986256,-5.985330105,-5.766133308,-7.084962845,-7.714108944,-6.917635441,-7.249408722,-4.171325684,-7.069609642,4.507397175,-6.729254723,-6.817055702,-7.150803089,-5.531592846,-6.792591572,-7.299594402,-6.748457432,-6.378703117,-6.099368095,-7.246059418,0.000745887,0.002543728,0.001085359,0.000561248,0.002183019,0.001504152,0.001002384,0.001119422,0.003550938,0.002509072,0.003122066,0.000836905,0.000446284,0.000989189,0.00071009,0.015197268,0.000849842,0.989093184,0.001193996,0.001093742,0.00078362,0.00394406,0.001120799,0.000675356,0.001171314,0.001694447,0.00223926,0.00071247,0,0,0,0,0,0,0,0,0,0,0,0,0,0,0,0,0,1,0,0,0,0,0,0,0,0,0,0
ast_early_fusion,foi109_1376401277000,Plane,Plane,Plane,0.995064676,-7.347550869,-6.847996235,-7.420347214,-8.179305077,-6.945251942,-6.798737526,-7.550080776,-7.444828987,-6.813990116,-7.028948784,-6.835842133,-7.411096573,-8.016655922,-7.221994877,-7.804632664,-6.991561413,-7.385076523,5.306386471,-7.039514065,-7.272452354,-7.652428627,-5.876768112,-7.300018787,-7.729450226,-8.083413124,-7.367019176,-6.557816029,-7.535251617,0.000643753,0.001060455,0.000598583,0.000280318,0.000962271,0.00111394,0.000525791,0.000584115,0.001097097,0.000885078,0.001073409,0.000604142,0.000329813,0.000729811,0.000407675,0.000918765,0.000620059,0.995064676,0.000875785,0.000693925,0.000474664,0.002795993,0.00067507,0.000439493,0.000308521,0.00063135,0.001416971,0.000533642,0,0,0,0,0,0,0,0,0,0,0,0,0,0,0,0,0,1,0,0,0,0,0,0,0,0,0,0
ast_early_fusion,foi109_1376406807000,Music,Plane,Plane,0.983151555,-6.983114243,-6.362370014,-7.152019501,-7.496856213,-6.360815048,-6.20349884,-6.325427532,-6.885818481,-6.702996731,-5.683516979,-5.8740592,-6.608819962,-7.627671242,-6.927532196,-7.376623631,-3.370208263,-7.049253941,4.066508293,-6.568515301,-6.581326008,-7.55967617,-5.716323853,-5.908421993,-7.056679249,-7.788252831,-6.573014736,-5.988081455,-7.046196938,0.000926551,0.001722302,0.000782668,0.000554518,0.001724977,0.002018261,0.001787001,0.001021135,0.001225724,0.003390042,0.002803556,0.001346607,0.000486556,0.000979457,0.000625319,0.033239614,0.000867303,0.983151555,0.001401912,0.001384092,0.000520773,0.00328099,0.002709111,0.000860893,0.000414405,0.001395627,0.002502195,0.000869957,0,0,0,0,0,0,0,0,0,0,0,0,0,0,0,0,0,1,0,0,0,0,0,0,0,0,0,0
ast_early_fusion,foi109_1376408297000,Plane,Plane,Plane,0.995621622,-7.30945015,-6.819797993,-7.267786503,-8.26130867,-6.899675846,-6.958767414,-7.517310619,-7.775336266,-6.503529072,-7.005111217,-6.458109856,-7.302170277,-8.029302597,-7.265876293,-8.336647987,-7.76428175,-7.876317978,5.426702976,-7.467160225,-7.599634647,-8.050965309,-6.011397839,-7.547643185,-8.059005737,-8.197361946,-7.319305897,-6.408751488,-7.541973114,0.000668737,0.00109075,0.000697168,0.000258254,0.001007097,0.000949365,0.000543297,0.00041979,0.001495902,0.000906411,0.001565302,0.00067362,0.000325669,0.0006985,0.000239517,0.000424454,0.000379484,0.995621622,0.000571223,0.000500384,0.000318692,0.002444669,0.000527074,0.000316141,0.000275303,0.000662183,0.001644371,0.000530069,0,0,0,0,0,0,0,0,0,0,0,0,0,0,0,0,0,1,0,0,0,0,0,0,0,0,0,0
ast_early_fusion,foi109_1376991512000,Plane,Plane,Plane,0.993948221,-7.74389267,-6.758218765,-7.234358788,-7.507835865,-6.529242039,-6.238976479,-6.564603329,-7.384373665,-6.454708099,-6.456654549,-6.164213181,-6.917751312,-7.648231983,-7.212916851,-7.807705879,-7.177288055,-7.098143101,5.101327419,-6.944529057,-7.201529503,-7.615363121,-6.129050732,-6.760299683,-8.047537804,-7.911865711,-7.027944088,-6.398192406,-7.421983242,0.000433194,0.001159949,0.00072085,0.000548466,0.001457983,0.00194805,0.001407399,0.000620494,0.001570628,0.001567578,0.002098958,0.000989075,0.000476659,0.000736461,0.000406425,0.000763153,0.000825956,0.993948221,0.000962966,0.00074489,0.000492579,0.002173912,0.00115754,0.000319786,0.000366236,0.000885967,0.001661797,0.000597605,0,0,0,0,0,0,0,0,0,0,0,0,0,0,0,0,0,1,0,0,0,0,0,0,0,0,0,0
ast_early_fusion,foi109_1376994942000,Music,Music,Music,0.984600842,-7.305869579,-6.379625797,-6.260977745,-6.643058777,-6.865104198,-7.057339668,-6.249826431,-7.537250996,-4.594964504,-6.151132584,-5.943464279,-6.894051552,-7.325348854,-7.630304813,-6.82690382,4.157922268,-7.03519249,-7.4395895,-6.68469429,-6.30222702,-7.320650101,-5.05258131,-6.15952158,-7.167551994,-8.389023781,-6.552484989,-6.116598606,-7.21248436,0.000671135,0.001692887,0.001905739,0.00130134,0.001042486,0.000860325,0.001927068,0.000532577,0.010001538,0.002126535,0.002616066,0.001012771,0.000658196,0.000485277,0.001083036,0.984600842,0.000879574,0.000587181,0.001248337,0.001828869,0.000661294,0.006352202,0.002108808,0.000770614,0.000227297,0.001424534,0.002201091,0.00073678,0,0,0,0,0,0,0,0,0,0,0,0,0,0,0,1,0,0,0,0,0,0,0,0,0,0,0,0
ast_early_fusion,foi109_1377508770000,Plane,Plane,Plane,0.995224476,-7.067471981,-6.983790874,-7.295746803,-8.25128746,-7.123873711,-6.750957966,-7.301390648,-7.378808975,-6.007946968,-6.616259098,-6.838837147,-7.568881989,-7.889477253,-7.001162052,-7.998322964,-7.708002567,-7.561668873,5.339474201,-6.90212965,-7.157014847,-7.759494781,-5.7270298,-7.301709175,-7.485239506,-7.817483902,-7.427299023,-6.378620625,-7.078417778,0.000851659,0.000925925,0.000677958,0.000260854,0.000804991,0.001168392,0.000674145,0.000623955,0.002453099,0.00133664,0.001070202,0.000516003,0.000374525,0.000909994,0.000335913,0.000449016,0.000519736,0.995224476,0.001004631,0.000778771,0.00042649,0.003246164,0.000673931,0.000560994,0.000402471,0.000594438,0.001694586,0.000842396,0,0,0,0,0,0,0,0,0,0,0,0,0,0,0,0,0,1,0,0,0,0,0,0,0,0,0,0
ast_early_fusion,foi109_1377508790000,Plane,Plane,Plane,0.991609752,-6.408047199,-5.915755272,-6.853742599,-6.660083771,-6.18444109,-6.493264198,-6.317781925,-7.316274643,-4.314832211,-5.506295681,-5.646440983,-6.675357819,-6.636742592,-6.566875458,-8.091050148,-6.162370205,-7.276990891,4.772254467,-6.739324093,-6.924320221,-7.542215824,-6.097947121,-7.260948181,-7.534520149,-6.876611233,-7.206355572,-5.904892445,-6.933489799,0.001645528,0.00268937,0.001054385,0.0012794,0.002057013,0.001511313,0.001800692,0.000664192,0.013192425,0.004044697,0.003517641,0.001260031,0.001309574,0.00140421,0.000306174,0.002102821,0.000690785,0.991609752,0.001182048,0.000982605,0.00052994,0.002242437,0.000701949,0.000534032,0.001030571,0.000741306,0.002718664,0.000973645,0,0,0,0,0,0,0,0,0,0,0,0,0,0,0,0,0,1,0,0,0,0,0,0,0,0,0,0
ast_early_fusion,foi109_1377518780000,Plane,Plane,Plane,0.996934056,-7.720825195,-7.035543442,-7.647480965,-8.593149185,-7.125299454,-7.017995358,-7.570071697,-8.139472961,-6.79975605,-7.179232597,-6.992527485,-8.085923195,-8.253575325,-7.625910282,-8.558922768,-7.761954308,-8.132637024,5.784348488,-7.401220798,-7.580649853,-8.474967003,-6.311037064,-7.556655407,-8.213310242,-8.23695755,-7.368022442,-7.052218437,-7.964768887,0.000443298,0.000879266,0.000477017,0.000185337,0.000803845,0.000894818,0.00051539,0.000291706,0.001112807,0.000761672,0.000917878,0.000307747,0.000260258,0.000487413,0.000191789,0.000425443,0.000293706,0.996934056,0.000610135,0.000509969,0.000208583,0.001812856,0.000522347,0.000270949,0.000264618,0.000630717,0.000864738,0.000347371,0,0,0,0,0,0,0,0,0,0,0,0,0,0,0,0,0,1,0,0,0,0,0,0,0,0,0,0
ast_early_fusion,foi109_1377520260000,Plane,Plane,Plane,0.996223927,-7.519864559,-7.003427982,-7.558537006,-8.565113068,-7.150835991,-7.005094051,-7.369953632,-7.570449829,-6.976154327,-7.276360512,-6.840347767,-7.908363819,-7.811156273,-7.319773674,-8.166028976,-7.375101566,-7.538494587,5.575293064,-7.233264923,-6.923832417,-8.045066833,-6.004583359,-7.722649097,-8.146712303,-8.498432159,-7.49275589,-6.661622524,-7.685998917,0.000541912,0.000907936,0.000521366,0.000190606,0.000783594,0.000906426,0.000629501,0.000515195,0.000933016,0.00069122,0.001068588,0.000367521,0.000405025,0.000661874,0.000284063,0.000626271,0.000531915,0.996223927,0.000721638,0.000983084,0.000320577,0.002461344,0.00044249,0.000289602,0.000203746,0.000556795,0.001277435,0.000459001,0,0,0,0,0,0,0,0,0,0,0,0,0,0,0,0,0,1,0,0,0,0,0,0,0,0,0,0